outlier_type,split,label,label_id,word_count,text
shortest,validation,Survival,6,3,Section 3.07 Survival.
shortest,train,Assignments,7,4,Prepayments; Reallocations; Reconciliation .
shortest,train,Expenses,8,4,Indemnity; Damage Waiver .
shortest,train,Waivers,19,4,Limitation of Waiver .
shortest,train,Taxes,12,4,Australian Tax Consolidation .
shortest,validation,Terms,9,4,Renewal Date Consulting Term.
shortest,train,Governing Laws,0,4,SECTION 11.17 GOVERNING LAW.
shortest,train,Insurances,11,4,See Schedule 10.3(g) .
shortest,train,Insurances,11,5,Currently we have no insurance.
shortest,train,Taxes,12,6,As defined in Section 3.3(d) .
shortest,test,Insurances,11,6,The Company maintains adequate insurance policies.
shortest,train,Insurances,11,6,The Company has no insurance policies.
shortest,train,Survival,6,6,This Section 7.1 shall survive Closing.
shortest,train,Survival,6,7,This Section 6 shall survive the Closing.
shortest,train,Survival,6,7,This Section 0 shall survive the Closing.
shortest,train,Survival,6,7,This Section 11.4 shall survive the Closing.
shortest,test,Severability,4,7,The provisions of this Agreement are non-severable.
shortest,train,Insurances,11,7,E-Marine does not hold any insurance policy.
shortest,train,Counterparts,2,7,The Amendment may be executed in counterparts.
shortest,train,Survival,6,7,This Article XV shall survive the Closing.
shortest,validation,Counterparts,2,7,This Lease may be executed in counterparts.
shortest,train,Assignments,7,7,A duly executed counterpart of the Assignment.
shortest,train,Survival,6,7,This Article XVI shall survive the Closing.
shortest,validation,Terminations,10,8,Executive’s employment hereunder may be terminated as follows.
shortest,train,Assignments,7,8,Benefits under the Plan may not be assigned.
longest,train,Notices,1,1167,"(a) All notices and other communications provided for hereunder shall be either (x) in writing (including telecopier communication) and mailed, telecopied or delivered by hand or by overnight courier service, (y) as and to the extent set forth in Section 9.02(b) and in the proviso to this Section 9.02(a), in an electronic medium and delivered as set forth in Section 9.02(b) or (z) as and to the extent expressly permitted in this Agreement, transmitted by e-mail, provided that such e-mail shall in all cases include an attachment (in PDF format or similar format) containing a legible signature of the person providing such notice, if to the Borrower, at its address at 12600 Hill Country Boulevard, Suite R-100, Austin, Texas 78738, Attention: Christopher Eng and to Hagen, Wilka & Archer, LLP, 600 South Main Avenue, Suite 102, Sioux Falls, SD 57104, Attention: Jennifer L. Larsen or, if applicable, at ceng@shpreit.com and jlarsen@hwalaw.com (and in the case of transmission by e-mail, with a copy by U.S. mail to 12600 Hill Country Boulevard, Suite R-100, Austin, Texas 78738, Attention: Christopher Eng and to Hagen, Wilka & Archer, LLP, 600 South Main Avenue, Suite 102, Sioux Falls, SD 57104, Attention: Jennifer L. Larsen); if to any Initial Lender, at its Domestic Lending Office or, if applicable, at the telecopy number or e-mail address specified opposite its name on Schedule I hereto (and in the case of a transmission by e-mail, with a copy by U.S. mail to its Domestic Lending Office); if to any other Lender Party, at its Domestic Lending Office or, if applicable, at the telecopy number or e-mail address specified in the Assignment and Acceptance pursuant to which it became a Lender Party (and in the case of a transmission by e-mail, with a copy by U.S. mail to its Domestic Lending Office); if to DBNY in its capacity as an Initial Issuing Bank, at its address at 60 Wall Street (MS NYC60-1110), New York, New York 10005-2858, Attention: Joyce Shiu, Global Loan Operations, Standby L/C Unit, telecopier number (212) 797-0403, or, if applicable, at joyce.shiu@db.com (and in the case of a transmission by e-mail, with a copy by U.S. mail to 60 Wall Street (MS NYC60-1110), New York, New York 10005-2858, Attention: Joyce Shiu, Global Loan Operations, Standby L/C Unit); if to Bank of America, N.A in its capacity as an Initial Issuing Bank, at its address at One Fleet Way, 2 nd Floor, Mail Code PA6-580-02-20, Scranton PA 18507, Attention: Global Trade Operations, telephone number 1 (800) 370-7519 and choose Trade product option 1, telecopier number 1 (800) 755-8743, or, if applicable, at Scranton_standby_lc@bankofamerica.com (and in the case of a transmission by e-mail, with a copy by U.S. mail to One Fleet Way, 2 nd Floor, Mail Code PA6-580-02-20, Scranton PA 18507, Attention: Global Trade Operations); if to Regions Bank in its capacity as an Initial Issuing Bank, at its address at 1900 5 th Avenue North, 15 th Floor, Birmingham, AL 35203, Attention: Jule Ann Martin, telephone number (205) 326-5651, telecopier number (205) 261-7939, or, if applicable, at juleann.martin@regions.com or cast@regions.com (and in the case of a transmission by e-mail, with a copy by U.S. mail to 1900 5 th Avenue North, 15 th Floor, Birmingham, AL 35203, Attention: Jule Ann Martin) if to the Administrative Agent with respect to any Notice of Borrowing or DBNY in its capacity as a Swing Line Bank, at its address at 90 Hudson Street, 1st Floor (JCY05-0199), Jersey City, New Jersey 07302, Attention: Deirdre Wall, telecopier number (201) 593-2309/2310 and at its address at 60 Wall Street, New York, New York 10005, Attention: Sheri Lewis-Taylor, telecopier number 212-797-4885, or, if applicable, at sheri.lewis-taylor@db.com and deirdre.wall@db.com (and in the case of a transmission by e-mail, with a copy by U.S. mail to 90 Hudson Street, 1st Floor (JCY05-0199), Jersey City, New Jersey 07302, Attention: Deirdre Wall, and to 60 Wall Street, New York, New York 10005, Attention: Sheri Lewis-Taylor); and if to the Administrative Agent with respect to any other matter, at its address at 200 Crescent Court, Suite 550, Dallas, Texas 75201, Attention: Patrick Allen, telecopier number (214) 740-7910, or, if applicable, at patrick.allen@db.com (and in the case of a transmission by e-mail, with a copy by U.S. mail to 200 Crescent Court, Suite 550, Dallas, Texas 75201, Attention: Patrick Allen) or, as to the Borrower or the Administrative Agent, at such other address as shall be designated by such party in a written notice to the other parties and, as to each other party, at such other address as shall be designated by such party in a written notice to the Borrower and the Administrative Agent. All notices, demands, requests, consents and other communications described in this clause (a) shall be effective (i) if delivered by hand, including any overnight courier service, upon personal delivery, (ii) if delivered by mail, when deposited in the mails, (iii) if delivered by posting to an Approved Electronic Platform, an Internet website or a similar telecommunication device requiring that a user have prior access to such Approved Electronic Platform, website or other device (to the extent permitted by Section 9.02(b) to be delivered thereunder), when such notice, demand, request, consent and other communication shall have been made generally available on such Approved Electronic Platform, Internet website or similar device to the class of Person being notified (regardless of whether any such Person must accomplish, and whether or not any such Person shall have accomplished, any action prior to obtaining access to such items, including registration, disclosure of contact information, compliance with a standard user agreement or undertaking a duty of confidentiality) and such Person has been notified in respect of such posting that a communication has been posted to the Approved Electronic Platform, provided that if requested by any Lender Party, the Administrative Agent shall deliver a copy of the Communications to such Lender Party by e-mail or telecopier and (iv) if delivered by electronic mail or any other telecommunications device, when receipt is confirmed by electronic mail as provided in this clause (a); provided , however , that notices and communications to the Administrative Agent pursuant to Article II, III or VIII shall not be effective until received by the Administrative Agent. Delivery by telecopier of an executed counterpart of a signature page to any amendment or waiver of any provision of this Agreement or the Notes or of any exhibit hereto to be executed and delivered hereunder shall be effective as delivery of an original executed counterpart thereof. Each Lender Party agrees (i) to notify the Administrative Agent in writing of such Lender Party’s e-mail address to which a notice may be sent by electronic transmission (including by electronic communication) on or before the date such Lender Party becomes a party to this Agreement (and from time to time thereafter to ensure that the Administrative Agent has on record an effective e-mail address for such Lender Party) and (ii) that any notice may be sent to such e-mail address."
longest,train,Confidentiality,15,981,"Except as otherwise provided in this Section 15.2 , no Unitholder shall, in any manner, either directly or indirectly, divulge, disclose, or communicate to any Person any non-public information, data, observations or materials relating to the LLC or any of its Subsidiaries or their respective assets, liabilities, operations, businesses, affairs and activities (including any notes, summaries, evaluations, analyses and other material derived from any such information, data, observations or materials) (collectively, “ Confidential Information ”); provided , however , that the foregoing confidentiality obligation shall not apply to any Confidential Information that ( a ) has previously become available to the general public for a period of at least two (2) Business Days (other than as a result of wrongful disclosure by the Unitholder) or ( b ) becomes available to the Unitholder on a non-confidential basis from a source other than the LLC or any of its Subsidiaries, so long as such source is not known by the Unitholder (after reasonable inquiry) to be subject to another confidentiality agreement. Until the termination of this Agreement, no Unitholder shall make any use of any Confidential Information other than to further the operations, businesses, affairs and activities of the LLC and its Subsidiaries or to evaluate or monitor (in its capacity as a Unitholder) its investment in the LLC. The foregoing provisions of this Section 15.2 shall not prohibit the disclosure of Confidential Information by ( i ) any Unitholder to the extent required by applicable law, rule, regulation, governmental body or stock exchange (including regulatory and self-regulatory bodies), court order or other governmental decree, ( ii ) any current or former Principal Investor to the extent required or appropriate in connection with federal securities laws, stock exchange requirements or other public company reporting or disclosure obligations, in which case the current or former Principal Investor intending to make the release or disclosure of such Confidential Information shall use commercially reasonable efforts to consult with the other Principal Investor (if any) to the extent practicable about, and allow the other party reasonable time (taking into account the circumstances, including exigent circumstances) to comment on, such release or disclosure in advance of such issuance, and the current or former Principal Investor intending to make the release or disclosure will consider such comments in good faith, ( iii ) any Unitholder with the written consent of the Principal Investors, which consent may be withheld by the Principal Investors in their sole discretion, ( iv ) any Unitholder to any officer, director, manager, employee or other representative (“ Representatives ”), Affiliate or Representatives of an Affiliate of such Unitholder if such Person has a need to know such information and has agreed or is otherwise obligated not to communicate such information to any other Person or use the Confidential Information for his, her or its own benefit, for any purpose other than to monitor the recipient’s indirect interest in the LLC or in a manner adverse to the interests of the LLC or ( v ) any current or former Principal Investor to any limited partner of such current or former Principal Investor, but only to the extent such Confidential Information being disclosed does not contain material, non-public information and is of a nature customarily disclosed by private investment funds to their limited partners in the ordinary course of business consistent with past practice and the recipient of such Confidential Information has been advised and directed not to communicate such information to any other Person or use the Confidential Information for his, her or its own benefit, for any purpose other than to monitor the recipient’s indirect interest in the LLC or in a manner adverse to the interests of the LLC. Each Unitholder shall take reasonable steps to inform its Representatives, Affiliates and limited partners who receive access by such Unitholder to any Confidential Information of the provisions of this Section 15.2 , and any other Person who receives access to any Confidential Information from such Unitholder pursuant to clauses (iv) or (v) of the foregoing sentence, and such Unitholder shall be responsible for any violation of this Section 15.2 by such Persons as if such Persons been bound hereunder. Except for any disclosure made pursuant to Section 15.2(ii) , if any Unitholder is required by applicable law, rule, regulation, governmental body or stock exchange (including regulatory and self-regulatory bodies), court order or other governmental decree to disclose Confidential Information, such Unitholder shall give prompt written notice of such fact to the LLC so that the LLC may seek a protective order or other governmental or judicial relief to prevent disclosure of such information. Notwithstanding the foregoing, the LLC and each Unitholder acknowledges that, in the ordinary course of business of each member of the Investor Group, the members of the Investor Group evaluate, pursue, acquire, sell, manage, advise and serve on the boards of other Persons. The LLC and each Unitholder acknowledges that ( x ) the review of the Confidential Information by each of Frazier, Providence and the members of the Investor Group may inevitably enhance such Persons’ or their respective Affiliates’ knowledge and understanding of the industries in which the Company Group operates in a way that cannot be separated from such Persons’ or their respective Affiliates’ other knowledge, and the LLC and each Unitholder agrees that this Section 15.2 shall not restrict such Persons’ or their respective Affiliates’ use of such general industry knowledge and understanding, including in connection with investments in other companies (including in the same or similar industries) and ( y ) none of Frazier or Providence or any member of the Investor Group shall be deemed to have used any Confidential Information in contravention of this Section 15.2 solely because of the fact of its evaluation, pursuit, acquisition, sale or management of, provision of advice to, or service on the board of any such other investment."
longest,train,Taxes,12,945,"I t h a s f i l e d ( o r ob t a in e d eff e c t i ve e x t e nsi o ns f or f i l i n g ) a ll r e qui r e d in c o me t a x re tu r ns a n d a ll o t h e r m a t er i a l t a x re tu r ns, do m e st i c a n d f o re i g n, re q u ir e d t o b e f i l e d b y it a nd h a s p a id a ll m a t e r i a l t a x e s ( i n c ludi n g m o r t g a g e rec o r d i ng t a x e s ) , a ss e ss m e nts, f e e s, a n d o t h e r g ov e r n m e nt a l c h a r g e s p a y a ble b y i t, or w i th re s p ec t to a n y o f i t s p r o p er t ie s o r a ss e ts, w h i c h h a ve b e c o m e d u e , a n d i n c ome or fr a n c hise t a x e s h a ve b e e n p a id e x ce pt t h a t in d ividu a l l y o r in t h e a gg r e g a t e c o u l d r ea son a b l y be e x p e c t e d t o r e sult in a M a t er i a l A d v e r se E ff ec t u nl e ss, i n e a c h c a s e , t he s a m e ar e n o t d e l i nq u e nt a nd a r e b e i n g c o n t e s t e d i n a c c o r d a n c e w i th t h e p r o v i sio n s of S e c t i o n 6 . 1 ( u ) . I t h a s p a i d , or h a s p r ovi d e d a d e qu a te r e s er v e s f o r the p a ym e n t o f , a ll su c h t a x e s f o r a ll p r ior f is ca l y e ar s a nd f or the c u r r e nt f is c a l y ea r t o d a t e . T h er e is n o m a t e r i a l ac t i o n, s u i t, p r o cee di n g , inv e s t i g a t i o n , a u dit or c l a i m r e l a t i ng to a n y s u c h t a x e s n ow p e n d i n g o r , t o i t s k n o w l e d g e , th rea t e n e d b y a n y G o v er n m e n t a l A uth o r i t y a g a i n st a n y i t , w hi c h is n ot b e i n g c ont e st e d in g o o d fa i t h a s p r o v id e d a b o v e if a d v er s e l y d e t e r m i n e d c o uld r ea so n a b l y be e xp ec t e d to h a ve a M a t e r i a l A dv er se E f f e c t . N o t a x l ie ns th a t h a ve n o t b ee n d is c h a r g e d h a ve b e e n f i l e d a g a in s t it or a n y o f i t s a ss e ts (e x c e pt w i th r e s p ec t t o a n y P r o p e r t y , L i e ns in re sp e c t of t a x e s n ot y e t due a nd p a y a b l e ) a n d S p e c i a ll y Pe r m i t t e d L i e ns."
longest,train,Indemnifications,18,936,"Except with respect to Taxes which are addressed in Section 2.20, (other than any Taxes that represent losses, claims or damages arising from any non-Tax claim), the Borrower agrees (a) to pay or reimburse each Agent for all of its reasonable and documented out-of-pocket costs and expenses incurred in connection with the syndication of the Facilities (other than fees payable to syndicate members) and the development, preparation, execution and delivery of this Agreement and the other Loan Documents and any other documents prepared in connection herewith or therewith and any amendment, supplement or modification hereto or thereto, and, as to the Agents only, the administration of the transactions contemplated hereby and thereby, including the reasonable fees and disbursements and other charges of a single firm of counsel to the Agents (plus one firm of special regulatory counsel and one firm of local counsel per material jurisdiction as may reasonably be necessary in connection with collateral matters) in connection with all of the foregoing, (b) to pay or reimburse each Lender and each Agent for all their reasonable and documented out-of-pocket costs and expenses incurred in connection with the enforcement of any rights under this Agreement, the other Loan Documents and any such other documents referred to in Section 10.5(a) above (including all such costs and expenses incurred in connection with any legal proceeding, including any proceeding under any Debtor Relief Law or in connection with any workout or restructuring), including the documented fees and disbursements of a single firm of counsel and, if necessary, a single firm of special regulatory counsel and a single firm of local counsel per material jurisdiction as may reasonably be necessary, for the Agents and the Lenders, taken as a whole and, in the event of an actual or perceived conflict of interest, where the Agent or Lender affected by such conflict informs the Borrower and thereafter retains its own counsel, one additional counsel for each Lender or Agent or group of Lenders or Agents subject to such conflict and (c) to pay, indemnify or reimburse each Lender, each Agent, each Issuing Lender, the Swingline Lender, each Lead Arranger, each Joint Bookrunner and their respective Affiliates, and their respective partners that are natural persons, members that are natural persons, officers, directors, employees, trustees, advisors, agents and controlling Persons (each, an “ Indemnitee ”) for, and hold each Indemnitee harmless from and against any and all other liabilities, obligations, losses, damages, penalties, costs, expenses or disbursements arising out of any actions, judgments or suits of any kind or nature whatsoever, arising out of or in connection with any claim, action or proceeding relating to or otherwise with respect to the execution, delivery, enforcement, performance and administration of this Agreement, the other Loan Documents and any such other documents referred to in Section 10.5(a) above and the transactions contemplated hereby and thereby, including any of the foregoing relating to the use of proceeds of the Loans or the violation of, noncompliance with or liability under, any Environmental Law applicable to the operations of the Borrower, any of its Subsidiaries or any of the Properties and the fees and disbursements and other charges of legal counsel in connection with claims, actions or proceedings by any Indemnitee against the Borrower hereunder (all the foregoing in this clause (c), collectively, the “ Indemnified Liabilities ”); provided that, the Borrower shall not have any obligation hereunder to any Indemnitee with respect to Indemnified Liabilities to the extent such Indemnified Liabilities have resulted from (i) the gross negligence, bad faith or willful misconduct of such Indemnitee or its Related Persons as determined by a court of competent jurisdiction in a final non-appealable decision (or settlement tantamount thereto), (ii) a material breach of the Loan Documents by such Indemnitee or its Related Persons as determined by a court of competent jurisdiction in a final non-appealable decision (or settlement tantamount thereto) or (iii) disputes solely among Indemnitees or their Related Persons (it being understood that this clause (iii) shall not apply to the indemnification of an Agent or Lead Arranger in a suit involving an Agent or Lead Arranger in its capacity as such that does not involve an act or omission by any Parent Company, Holdings, Borrower or any of its Subsidiaries as determined by a court of competent jurisdiction in a final non-appealable decision (or settlement tantamount thereto)). For purposes hereof, a “Related Person” of an Indemnitee means (i) if the Indemnitee is any Agent or any of its Affiliates or their respective partners that are natural persons, members that are natural persons, officers, directors, employees, agents and controlling Persons, any of such Agent and its Affiliates and their respective officers, directors, employees, agents and controlling Persons; provided that solely for purposes of Section 9, references to each Agent’s Related Persons shall also include such Agent’s trustees and advisors, and (ii) if the Indemnitee is any Lender or any of its Affiliates or their respective partners that are natural persons, members that are natural persons, officers, directors, employees, agents and controlling Persons, any of such Lender and its Affiliates and their respective officers, directors, employees, agents and controlling Persons. All amounts due under this Section 10.5 shall be payable promptly after receipt of a reasonably detailed invoice therefor. Statements payable by the Borrower pursuant to this Section 10.5 shall be submitted to the Borrower at the address thereof set forth in Section 10.2, or to such other Person or address as may be hereafter designated by the Borrower in a written notice to the Administrative Agent. The agreements in this Section 10.5 shall survive repayment of the Obligations."
longest,train,Indemnifications,18,930,"Except with respect to Taxes (other than any Taxes that represent losses, claims or damages arising from any non-Tax claim), the Borrower agrees (a) to pay or reimburse each Agent for all of its reasonable and documented out-of-pocket costs and expenses incurred in connection with the syndication of the Facilities (other than fees payable to syndicate members) and the development, preparation, execution and delivery of this Agreement and the other Loan Documents and any other documents prepared in connection herewith or therewith and any amendment, supplement or modification hereto or thereto, and, as to the Agents only, the administration of the transactions contemplated hereby and thereby, including the reasonable fees and disbursements and other charges of a single firm of counsel to the Agents (plus one firm of special regulatory counsel and one firm of local counsel per material jurisdiction as may reasonably be necessary in connection with collateral matters) in connection with all of the foregoing, (b) to pay or reimburse each Lender and each Agent for all their reasonable and documented out-of-pocket costs and expenses incurred in connection with the enforcement of any rights under this Agreement, the other Loan Documents and any such other documents referred to in Section 10.5(a) above (including all such costs and expenses incurred in connection with any legal proceeding, including any proceeding under any Debtor Relief Law or in connection with any workout or restructuring), including the documented fees and disbursements of a single firm of counsel and, if necessary, a single firm of special regulatory counsel and a single firm of local counsel per material jurisdiction as may reasonably be necessary, for the Agents and the Lenders, taken as a whole and, in the event of an actual or perceived conflict of interest, where the Agent or Lender affected by such conflict informs the Borrower and thereafter retains its own counsel, one additional counsel for each Lender or Agent or group of Lenders or Agents subject to such conflict and (c) to pay, indemnify or reimburse each Lender, each Agent, each Issuing Lender, the Swingline Lender, each Lead Arranger, each Joint Bookrunner and their respective Affiliates, and their respective partners that are natural persons, members that are natural persons, officers, directors, employees, trustees, advisors, agents and controlling Persons (each, an “ Indemnitee ”) for, and hold each Indemnitee harmless from and against any and all other liabilities, obligations, losses, damages, penalties, costs, expenses or disbursements arising out of any actions, judgments or suits of any kind or nature whatsoever, arising out of or in connection with any claim, action or proceeding relating to or otherwise with respect to the execution, delivery, enforcement, performance and administration of this Agreement, the other Loan Documents and any such other documents referred to in Section 10.5(a) above and the transactions contemplated hereby and thereby, including any of the foregoing relating to the use of proceeds of the Loans or the violation of, noncompliance with or liability under, any Environmental Law applicable to the operations of the Borrower, any of its Subsidiaries or any of the Properties and the fees and disbursements and other charges of legal counsel in connection with claims, actions or proceedings by any Indemnitee against the Borrower hereunder (all the foregoing in this clause (c), collectively, the “ Indemnified Liabilities ”); provided that, the Borrower shall not have any obligation hereunder to any Indemnitee with respect to Indemnified Liabilities to the extent such Indemnified Liabilities have resulted from (i) the gross negligence, bad faith or willful misconduct of such Indemnitee or its Related Persons as determined by a court of competent jurisdiction in a final non-appealable decision (or settlement tantamount thereto), (ii) a material breach of the Loan Documents by such Indemnitee or its Related Persons as determined by a court of competent jurisdiction in a final non-appealable decision (or settlement tantamount thereto) or (iii) disputes solely among Indemnitees or their Related Persons (it being understood that this clause (iii) shall not apply to the indemnification of an Agent or Lead Arranger in a suit involving an Agent or Lead Arranger in its capacity as such that does not involve an act or omission by any Parent Company, Holdings, Borrower or any of its Subsidiaries as determined by a court of competent jurisdiction in a final non-appealable decision (or settlement tantamount thereto)). For purposes hereof, a “Related Person” of an Indemnitee means (i) if the Indemnitee is any Agent or any of its Affiliates or their respective partners that are natural persons, members that are natural persons, officers, directors, employees, agents and controlling Persons, any of such Agent and its Affiliates and their respective officers, directors, employees, agents and controlling Persons; provided that solely for purposes of Section 9, references to each Agent’s Related Persons shall also include such Agent’s trustees and advisors, and (ii) if the Indemnitee is any Lender or any of its Affiliates or their respective partners that are natural persons, members that are natural persons, officers, directors, employees, agents and controlling Persons, any of such Lender and its Affiliates and their respective officers, directors, employees, agents and controlling Persons. All amounts due under this Section 10.5 shall be payable promptly after receipt of a reasonably detailed invoice therefor. Statements payable by the Borrower pursuant to this Section 10.5 shall be submitted to the Borrower at the address thereof set forth in Section 10.2, or to such other Person or address as may be hereafter designated by the Borrower in a written notice to the Administrative Agent. The agreements in this Section 10.5 shall survive repayment of the Obligations."
longest,validation,Amendments,5,900,"Subject to Section 2.5.3, Section 3.3 and the last paragraph of this Section 8.2, except for actions expressly permitted to be taken by the Administrative Agent, the LC Issuer or the Swing Line Lenders, neither this Agreement nor any other Loan Document nor any provision hereof or thereof may be waived, amended or modified except pursuant to an agreement or agreements in writing entered into by the Borrowers and the Required Lenders or by the Borrowers and the Administrative Agent with the consent of the Required Lenders or, in the case of any other Loan Document, pursuant to an agreement or agreements in writing entered into by the Administrative Agent and the Credit Party or Credit Parties that are parties thereto, in each case with the consent of the Required Lenders; provided , however , that no such supplemental agreement shall (i) except pursuant to Section 2.5.3, increase the Commitment of any Lender without the written consent of such Lender, (ii) reduce or forgive the principal amount of any Loan or Reimbursement Obligation or reduce the rate of interest thereon, or reduce or forgive any interest or fees payable hereunder, without the written consent of each Lender directly affected thereby (other than a waiver of the application of the default rate of interest pursuant to Section 2.11 hereof which shall only require the approval of the Required Lenders), (iii) postpone the scheduled maturity date of any Loan or any scheduled date of payment of any Reimbursement Obligation, or any date for the scheduled payment of any interest, fees or other Obligations payable hereunder, or reduce the amount of, waive or excuse any such payment, or postpone the scheduled date of expiration of any Commitment, without the written consent of each Lender directly affected thereby, (iv) change Section 11.1 or 11.2 or the definition of “Pro Rata Share” in a manner that would alter the pro rata sharing of payments required thereby, without the written consent of each Lender, (v) change any of the provisions of this Section or the definition of “Required Lenders” or any other provision of any Loan Document specifying the number or percentage of Lenders required to waive, amend or modify any rights thereunder or make any determination or grant any consent thereunder, without the written consent of each Lender, (vi) release the Borrower from its obligations hereunder, including the guaranty under Article XVI, without the consent of each Lender, (vii) other than in connection with a transaction permitted under this Agreement, release all or substantially all of the Collateral, without the consent of each Lender, (viii) change the payment waterfall provisions of Section 8.4, without the consent of each Lender, or (ix) other than in connection with a transaction permitted under this Agreement, release all or substantially all of the Guarantors from their obligations under the Guaranty Agreement or any other agreement pursuant to which such Guarantors guarantee the repayment of the Secured Obligations, without the consent of each Lender. No amendment of any provision of this Agreement relating to (a) the Administrative Agent shall be effective without the written consent of the Administrative Agent, (b) the applicable Swing Line Lender or any Swing Line Loan shall be effective without the written consent of the applicable Swing Line Lender and (c) the LC Issuer or any Facility LC shall be effective without the written consent of the LC Issuer. The Administrative Agent may waive payment of the fee required under Section 12.3.3 without obtaining the consent of any other party to this Agreement. No amendment to Section 2.22 of this Agreement shall be effective without the written consent of the Swing Line Lenders and the LC Issuer. Notwithstanding the foregoing, (i) no Lender’s consent shall be required for any amendment, modification or waiver if (A) by the terms of such amendment, modification or waiver the Commitment of such Lender shall terminate upon the effectiveness of such amendment, modification or waiver and (B) at the time such amendment, modification or waiver becomes effective, such Lender receives payment in full of all of the Obligations (other than obligations to pay fees and expenses with respect to which the Borrower has not received an invoice, Rate Management Obligations, Banking Services Obligations, contingent indemnity obligations and other contingent obligations) owing to it under the Loan Documents, (ii) any provision of this Agreement or any other Loan Document may be amended by an agreement in writing entered into by the Borrower and the Administrative Agent if, following the Closing Date, the Borrower and the Administrative Agent shall have identified any inconsistency, obvious error or omission of a technical or immaterial nature so long as, in each case, the Lenders shall have received at least ten (10) Business Days’ prior written notice thereof and the Administrative Agent shall not have received, within ten (10) Business Days of the date of such notice to the Lenders, a written notice from the Required Lenders stating that the Required Lenders object to such amendment and (iii) no consent with respect to any amendment, waiver or other modification of this Agreement shall be required of any Defaulting Lender, except with respect to any amendment, waiver or other modification referred to in clause (i), (ii) or (iii) of the proviso to the first sentence of this paragraph and then only in the event such Defaulting Lender shall be directly affected by such amendment, waiver or other modification."
longest,validation,Taxes,12,897,"Each of the Company and the Company Subsidiaries has duly and timely filed all federal, state, foreign and local Tax Returns required to be filed by any of them (all such returns being accurate and complete in all respects) and has duly and timely paid all Taxes (whether or not such Taxes were shown as due and payable on such Tax Returns) other than Taxes that are not yet delinquent or that are being contested in good faith, have not been finally determined and have been adequately reserved against. Any liability with respect to deficiencies asserted as a result of any audit, examination or similar proceeding of the Company or any Company Subsidiary Tax Return by the IRS or any other taxing authority is covered by adequate reserves in accordance with GAAP in the Company Financial Statements. There are no disputes pending, or claims asserted (in writing or otherwise), for Taxes or assessments upon the Company or any of the Company Subsidiaries for which the Company does not have adequate reserves. Neither the Company nor any of the Company Subsidiaries is a party to or is bound by any Tax, allocation or indemnification agreement or arrangement the primary subject matter of which is Taxes (other than such an agreement or arrangement exclusively between or among the Company and the Company Subsidiaries). Neither the Company nor any of the Company Subsidiaries has agreed to or granted any extension or waiver of the limitation period applicable to any Taxes or Tax Returns. Neither the Company nor any of the Company Subsidiaries has distributed the stock of any corporation, or had its stock distributed, in a transaction described in or intended to satisfy the requirements of Section 355 of the Code. Each of the Company and the Company Subsidiaries has in all material respects properly and timely withheld or collected and timely paid over to the appropriate taxing authority (or each is properly holding for such timely payment) all Taxes required to be withheld, collected and paid over by applicable Law. There are no Liens for Taxes upon any asset of the Company or any Company Subsidiary other than Permitted Liens (within the meaning of clause (c) of such term). Neither the Company nor any of the Company Subsidiaries is a party to or bound by any advance pricing agreement, closing agreement or other similar material agreement or ruling relating to Taxes nor are there any pending requests for such rulings or similar agreements by or before a taxing authority. Neither the Company nor any of the Company Subsidiaries will be required to include any item of income in, or exclude any item of deduction from, taxable income for any period (or any portion thereof) ending after the Closing Date, as a result of any: (i) change in method of accounting for a taxable period (or any portion thereof) ending on or prior to the Closing Date, including under Section 481(a) of the Code or any similar provision of applicable Law; (ii) installment sale or other open transaction disposition made on or prior to the Closing Date; (iii) prepaid amount received on or prior to the Closing Date; (iv) closing agreement described in Section 7121 of the Code or any similar provision of applicable Law executed on or prior to the Closing Date; (v) intercompany transaction or excess loss account described in Treasury Regulations Section 1.1502 (or any similar provision of applicable Law); or (vi) indebtedness discharged in connection with any election under Section 108(i) of the Code. Other than the affiliated group of which the Company is the common parent, neither the Company nor any of the Company Subsidiaries has any liability under Treasury Regulations Section 1.1502-6 or any similar provision of applicable Law, as a transferee or successor, or as a result of any contractual obligation for any Taxes of any other Person. Neither the Company nor any of the Company Subsidiaries has obtained any consent or clearance from or entered into any settlement or arrangement with any taxing authority that would be binding on Parent or any of its Affiliates or result in a material Tax liability for Parent or any of its Affiliates for any Tax period (or portion thereof) ending after the Closing Date. Neither the Company nor any Company Subsidiary has engaged in a “reportable transaction,” as defined in Section 6707A(c)(1) of the Code or Treasury Regulations Section 1.6011-4(b), or any transaction requiring disclosure under a similar provision of applicable Law. Since December 31, 2013, no written claim or nexus inquiry has been made by a taxing authority in a jurisdiction where the Company or any Company Subsidiary does not file Tax Returns that any of them is or may be subject to tax by that jurisdiction or that any of them has a duty to collect Taxes. Each of the Company and the Company Subsidiaries is in compliance in all material respects with all terms and conditions of any applicable material Tax exemption, Tax holiday, or other Tax reduction agreement, and no such applicable material Tax exemption, Tax holiday, or other Tax reduction agreement will be adversely affected by the Transactions. None of the Company nor any Company Subsidiary has elected to relinquish the carryback of any of its respective net operating losses pursuant to Treasury Regulations Sections 1.502 21(b)(3)(ii)(B) or Section 172(b)(3) of the Code, or any similar provision of applicable Law."
longest,train,Taxes,12,893,"The Borrower agrees (a) to pay or reimburse the Administrative Agent for all its reasonable and documented out-of-pocket costs and expenses incurred in connection with the syndication, preparation and execution of, and any amendment, supplement or modification to, this Agreement and the other Loan Documents and any other documents prepared in connection herewith or therewith, and the administration of the transactions contemplated hereby and thereby, including the reasonable and documented fees and disbursements of counsel to the Administrative Agent and Lead Arrangers and filing and recording fees and expenses, with statements with respect to the foregoing to be submitted to the Borrower prior to the Closing Date (in the case of amounts to be paid on the Closing Date) and from time to time thereafter on a quarterly basis or such other periodic basis as the Administrative Agent shall deem appropriate (but excluding any taxes or increased costs otherwise excluded in this Agreement including, for the avoidance of doubt, those taxes excluded by Section 2.16(a), (c) or (d) ), (b) to pay or reimburse the Administrative Agent and the Lenders for all their respective reasonable and documented out-of-pocket costs and expenses incurred in connection with the enforcement or preservation of any rights under this Agreement, the other Loan Documents and any such other documents, including the fees and disbursements of one law firm for the Administrative Agent and the Lenders, (c) to pay, indemnify, and hold each Lender and the Administrative Agent harmless from, any and all recording and filing fees and any and all liabilities with respect to, or resulting from any delay in paying, stamp, excise and other taxes (but excluding any taxes or increased costs otherwise excluded in this Agreement including, for the avoidance of doubt, those taxes excluded by Section 2.16(a) , (c) or (d) ), if any, that may be payable or determined to be payable in connection with the execution and delivery of, or consummation or administration of any of the transactions contemplated by, or any amendment, supplement or modification of, or any waiver or consent under or in respect of, this Agreement, the other Loan Documents and any such other documents, and (d) to pay, indemnify, and hold each Lender, the Issuing Lenders, the Administrative Agent and the Lead Arrangers and their respective officers, directors, employees, affiliates, agents, advisors and controlling persons (each, an “ Indemnitee ”) harmless from and against any and all other liabilities, obligations, losses, damages, penalties, actions, judgments, suits, costs, expenses (but excluding any taxes or increased costs otherwise excluded in this Agreement including, for the avoidance of doubt, those taxes excluded by Section 2.16(a) , (c) or (d) ) or disbursements of any kind or nature whatsoever arising from any claim or suit, action or other proceeding relating to (i) this Agreement, the other Loan Documents and any such other documents, including any of the foregoing relating to the use of proceeds of the Loans or Letter of Credit (including any refusal by the Issuing Lender to honor a demand for payment under a Letter of Credit if the documents presented in connection with such demand do not strictly comply with the terms of such Letter of Credit), or (ii) the violation of, noncompliance with or liability under, any Environmental Law applicable to the operations of any Loan Party or any of the Properties, including any of the foregoing relating to the use of proceeds of the Loans or Letter of Credit, whether or not such claim, litigation, investigation or proceeding is brought by Borrower or any other third Person and whether based on contract, tort or any other theory and regardless of whether any Indemnitee is a party thereto, together with the reasonable fees and expenses of legal counsel in connection with claims, actions or proceedings by any Indemnitee against any Loan Party under any Loan Document (all the foregoing in this clause (d), collectively, the “Indemnified Liabilities”), provided, that the Borrower shall have no obligation hereunder to any Indemnitee with respect to Indemnified Liabilities to the extent such Indemnified Liabilities are found by a final and nonappealable decision of a court of competent jurisdiction to have resulted from the gross negligence or willful misconduct of such Indemnitee. Without limiting the foregoing, and to the extent permitted by applicable law, the Borrower agrees not to assert and to cause its Subsidiaries not to assert, and hereby waives and agrees to cause its Subsidiaries to waive, all rights for contribution or any other rights of recovery with respect to all claims, demands, penalties, fines, liabilities, settlements, damages, costs and expenses of whatever kind or nature, under or related to Environmental Laws, that any of them might have by statute or otherwise against any Indemnitee. All amounts due under this Section 10.5 shall be payable not later than thirty (30) days after written demand therefor. Statements payable by the Borrower pursuant to this Section 10.5 shall be submitted to the address of the Borrower set forth in Section 10.2 , or to such other Person or address as may be hereafter designated by the Borrower in a written notice to the Administrative Agent. The agreements in this Section 10.5 and the Borrower’s waiver of special, exemplary, punitive or consequential damages under Section 10.12 shall survive the termination of this Agreement and the repayment of the Loans and all other amounts payable hereunder."
longest,train,Indemnifications,18,865,"The Loan Parties shall pay, indemnify, defend, and hold the Agent-Related Persons, the Lender-Related Persons, and each Participant (each, an “ Indemnified Person ”) harmless (to the fullest extent permitted by law) from and against any and all claims, demands, suits, actions, investigations, proceedings, liabilities, fines, costs, penalties, and damages, and all reasonable fees and disbursements of attorneys, experts, or consultants and all other costs and expenses actually incurred in connection therewith or in connection with the enforcement of this indemnification (as and when they are incurred and irrespective of whether suit is brought), at any time asserted against, imposed upon, or incurred by any of them (a) in connection with or as a result of or related to the execution and delivery (provided that Borrower shall not be liable for costs and expenses (including attorneys fees) of any Lender incurred in advising, structuring, drafting, reviewing, administering or syndicating the Loan Documents), enforcement, performance, or administration (including any restructuring or workout with respect hereto) of this Agreement, any of the other Loan Documents, or the transactions contemplated hereby or thereby or the monitoring of Borrower’s and its Subsidiaries’ compliance with the terms of the Loan Documents ( provided , that the indemnification in this clause (a) shall not extend to (i) disputes solely between or among the Lenders that do not involve any acts or omissions of any Loan Party, or (ii) disputes solely between or among the Lenders and their respective Affiliates that do not involve any acts or omissions of any Loan Party; it being understood and agreed that the indemnification in this clause (a) shall extend to Agent (but not the Lenders) relative to disputes between or among Agent on the one hand, and one or more Lenders, or one or more of their Affiliates, on the other hand, or (iii) any Taxes or any costs attributable to Taxes, which shall be governed by Section 16 ), (b) with respect to any actual or prospective investigation, litigation, or proceeding related to this Agreement, any other Loan Document, the making of any Loans hereunder, or the use of the proceeds of the Term Loans provided hereunder (irrespective of whether any Indemnified Person is a party thereto), or any act, omission, event, or circumstance in any manner related thereto, and (c) in connection with or arising out of any presence or release of Hazardous Materials at, on, under, to or from any assets or properties owned, leased or operated by Borrower or any of its Subsidiaries or any Environmental Actions, Environmental Liabilities or Remedial Actions related in any way to any such assets or properties of Borrower or any of its Subsidiaries; (d) relating to, or arising directly or indirectly in any manner or for any cause or reason whatsoever out of the purchase, sale, import, export, registration, ownership, replacement, leasing, sub-leasing, wet-leasing, chartering, operation, maintenance, possession, redelivery, control, use, storage, fuelling, manning or supplying of any Aircraft, any Engine or any Part; (e) relating to, or arising directly or indirectly in any manner or for any cause or reason whatsoever out of, the condition, testing, delivery, design, manufacture, modification, repair, refurbishment, insurance, maintenance, overhaul, replacement, removal or disposal of any Aircraft, any Engine or any Part or relating to loss or destruction of or damage to any property or death or injury of or other loss of whatsoever nature suffered by any Person caused by, relating to or arising from or out of (in each case whether directly or indirectly, or due to negligence or strict liability) any of the foregoing matters; (f) relating to, or arising directly or indirectly in any manner or for any cause or reason whatsoever out of any design, article or material in any Aircraft, any Engine or any Part or the operation or use thereof constituting an infringement of any patent or other intellectual property right or any other similar right whatsoever; and (g) in preventing or attempting to prevent the arrest, confiscation, seizure, taking in execution, impounding, forfeiture or detention of any Aircraft or any Engine or in securing the release of any Aircraft or any Engine (each and all of the foregoing, the “ Indemnified Liabilities ”). The foregoing to the contrary notwithstanding, no Loan Party shall have any obligation to any Indemnified Person under this Section 10.3 with respect to any Indemnified Liability that a court of competent jurisdiction finally determines to have resulted from the gross negligence or willful misconduct of such Indemnified Person or its officers, directors, employees, attorneys, or agents. This provision shall survive the termination of this Agreement and the repayment in full of the Obligations. If any Indemnified Person makes any payment to any other Indemnified Person with respect to an Indemnified Liability as to which Borrower was required to indemnify the Indemnified Person receiving such payment, the Indemnified Person making such payment is entitled to be indemnified and reimbursed by Borrower with respect thereto. WITHOUT LIMITATION, THE FOREGOING INDEMNITY SHALL APPLY TO EACH INDEMNIFIED PERSON WITH RESPECT TO INDEMNIFIED LIABILITIES WHICH IN WHOLE OR IN PART ARE CAUSED BY OR ARISE OUT OF ANY NEGLIGENT ACT OR OMISSION OF SUCH INDEMNIFIED PERSON OR OF ANY OTHER PERSON ."
longest,test,Indemnifications,18,862,"You agree to indemnify and hold harmless the Commitment Parties and each of their respective affiliates, directors, officers, employees, partners, representatives, advisors and agents and each of their respective heirs, successors and assigns (each, an “ Indemnified Party ”) from and against any and all actions, suits, losses, claims, damages, penalties, liabilities and out-of-pocket expenses of any kind or nature (including legal expenses), joint or several, to which such Indemnified Party may become subject or that may be incurred or asserted or awarded against such Indemnified Party, in each case arising out of or in connection with or by reason of (including, without limitation, in connection with any investigation, litigation or proceeding or preparation of a defense in connection therewith) (a) any matters contemplated by this Commitment Letter, the Transactions or any related transaction (including, without limitation, the execution and delivery of this Commitment Letter and the Financing Documentation and the closing of the Transactions) or (b) the use or the contemplated use of the proceeds of the Senior Credit Facilities, and will reimburse each Indemnified Party for all out-of-pocket expenses (including reasonable attorneys’ fees, expenses and charges (limited to one counsel for all Indemnified Parties, taken as a whole, and, if reasonably necessary, a single local counsel to all Indemnified Parties, taken as a whole, in each relevant material jurisdiction and, solely in the case of a conflict of interest, one additional counsel in each applicable material jurisdiction to the affected Indemnified Parties similarly situated taken as a whole)) within 30 days after demand therefor (together with reasonably detailed backup documentation) as they are incurred in connection with any of the foregoing; provided that no Indemnified Party will have any right to indemnification for any of the foregoing to the extent resulting from (i) such Indemnified Party’s own gross negligence or willful misconduct as determined by a court of competent jurisdiction in a final non-appealable judgment, (ii) a claim brought by you against an Indemnified Party for material breach in bad faith of the funding obligations of such Indemnified Party under this Commitment Letter as determined by a court of competent jurisdiction in a final non-appealable judgment or (iii) any dispute solely among Indemnified Parties, other than any claims against any Commitment Party in its respective capacity or in fulfilling its role as an administrative agent or arranger or any similar role hereunder or under the Senior Credit Facilities, and other than any claims arising out of any act or omission on the part of you or your subsidiaries or affiliates. In the case of an investigation, litigation or proceeding to which the indemnity in this paragraph applies, such indemnity shall be effective whether or not such investigation, litigation or proceeding is brought by you, your equity holders or creditors or an Indemnified Party, whether or not an Indemnified Party is otherwise a party thereto and whether or not the transactions contemplated hereby are consummated. You also agree that no Indemnified Party will have any liability (whether direct or indirect, in contract or tort, or otherwise) to you or your affiliates or to your or their respective equity holders or creditors arising out of, related to or in connection with any aspect of the transactions contemplated hereby, except to the extent such liability to you is determined in a final, non-appealable judgment by a court of competent jurisdiction to have resulted from (A) such Indemnified Party’s own gross negligence or willful misconduct or (B) a material breach in bad faith of the funding obligations of such Indemnified Party under this Commitment Letter. Neither (x) any Indemnified Party nor (y) you, the Borrower, the Acquired Company (or any of your or their respective subsidiaries or affiliates) will be liable for any indirect, consequential, special or punitive damages in connection with this Commitment Letter, the Fee Letter, the Financing Documentation or any other element of the Transactions; provided that nothing contained in this sentence shall limit your indemnification obligations to the extent such indirect, consequential, special or punitive damages are included in any third party claim in connection with which such Indemnified Party is entitled to indemnification pursuant to the indemnification provisions hereunder. No Indemnified Party will be liable to you, your affiliates or any other person for any damages arising from the use by others of Informational Materials or other materials obtained by Electronic Means, except to the extent that your damages are found in a final non-appealable judgment by a court of competent jurisdiction to have resulted from the gross negligence or willful misconduct of such Indemnified Party. You shall not, without the prior written consent of each Indemnified Party affected thereby, settle any threatened or pending claim or action that would give rise to the right of any Indemnified Party to claim indemnification hereunder unless such settlement (x) includes a full and unconditional release of all liabilities arising out of such claim or action against such Indemnified Party, (y) does not include any statement as to or an admission of fault, culpability or failure to act by or on behalf of such Indemnified Party and (z) requires no action on the part of the Indemnified Party other than its consent."
longest,train,Amendments,5,848,"To request the issuance of a Letter of Credit (or the amendment, renewal or extension of an outstanding Letter of Credit), the Borrower shall deliver in writing by hand delivery or facsimile (or transmit by electronic communication, if arrangements for doing so have been approved by the recipient) to the applicable Issuing Bank and the Administrative Agent (at least three (3) Business Days before the requested date of issuance, amendment, renewal or extension (or, in the case of any such request to be made on the Effective Date, one (1) Business Day) or such shorter period as the applicable Issuing Bank and the Administrative Agent may agree) a notice requesting the issuance of a Letter of Credit, or identifying the Letter of Credit to be amended or extended, and specifying the date of issuance, amendment, renewal or extension, as the case may be (which shall be a Business Day), the date on which such Letter of Credit is to expire (which shall comply with paragraph (d) of this Section 2.05), the amount and currency of such Letter of Credit, the name and address of the beneficiary thereof and such other information as shall be necessary to prepare, amend or extend, as the case may be, such Letter of Credit. Each such notice shall be in the form of Exhibit Q, appropriately completed (each, a “ Letter of Credit Request ”). If requested by the applicable Issuing Bank, the Borrower also shall submit a letter of credit application on such Issuing Bank’s standard form in connection with any request for a Letter of Credit. A Letter of Credit shall be issued, amended or extended only if (and upon issuance, amendment, renewal or extension of any Letter of Credit the Borrower shall be deemed to represent and warrant that), after giving effect to such issuance, amendment, renewal or extension, (i) subject to Section 9.04(b)(ii), the Applicable Fronting Exposure of each Issuing Bank shall not exceed its Fronting Exposure Cap, (ii) the aggregate Revolving Exposures shall not exceed the aggregate Revolving Commitments and (iii) the aggregate LC Exposure shall not exceed the Letter of Credit Sublimit. Letters of Credit will be available to be issued up to an aggregate face amount not to exceed the Letter of Credit Sublimit. No Issuing Bank shall be under any obligation to issue any Letter of Credit if (i) any order, judgment or decree of any Governmental Authority or arbitrator shall enjoin or restrain such Issuing Bank from issuing the Letter of Credit, or any Requirements of Law applicable to such Issuing Bank or any directive (whether or not having the force of law) from any Governmental Authority with jurisdiction over such Issuing Bank shall prohibit the issuance of letters of credit generally or the Letter of Credit in particular or shall impose upon such Issuing Bank with respect to the Letter of Credit any restriction, reserve or capital requirement (for which such Issuing Bank is not otherwise fully compensated hereunder) not in effect on the Effective Date, or shall impose upon such Issuing Bank any unreimbursed loss, cost or expense which was not applicable on the Effective Date and which such Issuing Bank in good faith deems material to it, (ii) the issuance of such Letter of Credit would violate one or more policies of such Issuing Bank now or hereafter in effect and applicable to letters of credit generally, (iii) except as otherwise agreed in writing by the Administrative Agent and the applicable Issuing Bank, such Letter of Credit is to be denominated in a currency other than Dollars or an Alternative Currency, (iv) except as otherwise agreed by the Administrative Agent and such Issuing Bank, the Letter of Credit is in an initial stated amount less than $100,000, or (v) any Lender is at that time a Defaulting Lender, if after giving effect to Section 2.22(a)(iv), any Defaulting Lender Fronting Exposure remains outstanding, unless such Issuing Bank has entered into arrangements, including the delivery of cash collateral, reasonably satisfactory to such Issuing Bank with the Borrower or such Lender to eliminate such Issuing Bank’s Defaulting Lender Fronting Exposure arising from either the Letter of Credit then proposed to be issued or such Letter of Credit and all other LC Exposure as to which such Issuing Bank has Defaulting Lender Fronting Exposure. No Issuing Bank shall be under any obligation (i) to amend or extend any Letter of Credit if (x) such Issuing Bank would have no obligation at such time to issue such Letter of Credit in its amended form under the terms hereof or (y) the beneficiary of such Letter of Credit does not accept the proposed amendment to such Letter of Credit or (ii) to issue any Letter of Credit if such Letter of Credit contains any provisions for automatic reinstatement of all or any portion of the stated amount thereof after any drawing thereunder or after the expiry date of such Letter of Credit (provided that any Letter of Credit with a one-year tenor may provide for the renewal thereof for additional one-year periods as provided in Section 2.05(d))."
longest,train,Amendments,5,831,"To request the issuance of a Letter of Credit (or the amendment, renewal or extension of an outstanding Letter of Credit), the Borrower shall hand deliver or telecopy (or transmit by electronic communication, if arrangements for doing so have been approved by the Issuing Bank) to the Issuing Bank and the Administrative Agent (reasonably in advance of the requested date of issuance, amendment, renewal or extension, but in any event no later than two Business Days prior to such date unless otherwise agreed by the Issuing Bank and the Administrative Agent) a notice requesting the issuance of a Letter of Credit, or identifying the Letter of Credit to be amended, renewed or extended, and specifying the date of issuance, amendment, renewal or extension (which shall be a Business Day), the date on which such Letter of Credit is to expire (which shall comply with paragraph (c) of this Section), the amount and currency of such Letter of Credit, the name and address of the beneficiary thereof and such other information as shall be necessary to prepare, amend, renew or extend such Letter of Credit. If requested by the Issuing Bank, the Borrower also shall submit a letter of credit application on the Issuing Bank’s standard form in connection with any request for a Letter of Credit. A Letter of Credit shall be issued, amended, renewed or extended only if, after giving effect to such issuance, amendment, renewal or extension (i) the LC Exposure shall not exceed $40,000,000, (ii) the Dollar Amount of the total Outstanding Revolving Credits shall not exceed the Total Revolving Commitments and (iii) with respect to such Issuing Bank, the sum of the aggregate face amount of Letters of Credit issued by such Issuing Bank, when aggregated with the outstanding Revolving Loans funded by such Issuing Bank, shall not exceed its Revolving Commitment. If the Borrower so requests in any applicable letter of credit application, the Issuing Bank may, in its sole discretion, agree to issue a Letter of Credit that has automatic extension provisions (each, an “ Auto-Extension Letter of Credit ”); provided that any such Auto-Extension Letter of Credit must permit the Issuing Bank to prevent any such extension at least once in each twelve-month period (commencing with the date of issuance of such Letter of Credit) by giving prior notice to the beneficiary thereof not later than a day (the “ Non-Extension Notice Date ”) in each such twelve-month period to be agreed upon at the time such Letter of Credit is issued. Unless otherwise directed by the Issuing Bank, the Borrower shall not be required to make a specific request to the Issuing Bank for any such extension. Once an Auto-Extension Letter of Credit has been issued, the Lenders shall be deemed to have authorized (but may not require) the Issuing Bank to permit the extension of such Letter of Credit at any time to an expiry date not later than the Letter of Credit expiration date referenced in clause (c) below; provided , however , that the Issuing Bank shall not permit any such extension if (A) the Issuing Bank has determined that it would not be permitted, or would have no obligation, at such time to issue such Letter of Credit in its revised form (as extended) under the terms hereof, or (B) it has received notice (which may be by telephone or in writing) on or before the day that is seven Business Days before the Non-Extension Notice Date (1) from the Administrative Agent that the Required Lenders have elected not to permit such extension or (2) from the Administrative Agent, any Lender or the Borrower that one or more of the applicable conditions specified in Section 4.02 is not then satisfied, and in each such case directing the Issuing Bank not to permit such extension. The Issuing Bank shall not be under any obligation to issue any Letter of Credit if: (A) any order, judgment or decree of any Governmental Authority or arbitrator shall by its terms purport to enjoin or restrain the Issuing Bank from issuing the Letter of Credit, or any Law applicable to the Issuing Bank or any request or directive (whether or not having the force of law) from any Governmental Authority with jurisdiction over the Issuing Bank shall prohibit, or request that the Issuing Bank refrain from, the issuance of letters of credit generally or the Letter of Credit in particular or shall impose upon the Issuing Bank with respect to the Letter of Credit any restriction, reserve or capital requirement (for which the Issuing Bank is not otherwise compensated hereunder) not in effect on the Closing Date, or shall impose upon the Issuing Bank any unreimbursed loss, cost or expense which was not applicable on the Closing Date and which the Issuing Bank in good faith deems material to it; (B) the issuance of the Letter of Credit would violate one or more policies of the Issuing Bank applicable to letters of credit generally."
longest,test,Confidentiality,15,823,"(a) . Each Agent, each Letter of Credit Issuer and each Lender agrees to keep confidential any information ( a ) provided to it by or on behalf of the U.S. Parent Borrower or any of its Subsidiaries pursuant to or in connection with the Loan Documents or ( b ) obtained by such Lender based on a review of the books and records of the U.S. Parent Borrower or any of its Subsidiaries; provided that nothing herein shall prevent any Agent, Lender or Letter of Credit Issuer from disclosing any such information ( i ) to any Agent, any Other Representative, any Letter of Credit Issuer or any other Lender, ( ii ) to any Transferee, or prospective Transferee or any creditor or any actual or prospective counterparty (or its advisors) to any swap or derivative transaction relating to the U.S. Parent Borrower and its obligations which agrees to comply with the provisions of this Section 11.16 pursuant to a written instrument (or electronically recorded agreement from any Person listed above in this clause (ii), in respect to any electronic information (whether posted or otherwise distributed on any Platform)) for the benefit of the U.S. Parent Borrower (it being understood that each relevant Agent, Lender or Letter of Credit Issuer shall be solely responsible for obtaining such instrument (or such electronically recorded agreement)), ( iii ) to its Affiliates and the employees, officers, partners, directors, agents, attorneys, accountants and other professional advisors of it and its Affiliates, provided that such Agent, Lender or Letter of Credit Issuer shall inform each such Person of the agreement under this Section 12.16 and take reasonable actions to cause compliance by any such Person referred to in this clause (iii) with this agreement (including, where appropriate, to cause any such Person to acknowledge its agreement to be bound by the agreement under this Section 12.16 ), ( iv ) upon the request or demand of any Governmental Authority having jurisdiction over such Agent, Letter of Credit Issuer or Lender or its affiliates or to the extent required in response to any order of any court or other Governmental Authority or as shall otherwise be required pursuant to any Requirement of Law, provided that, other than with respect to any disclosure to any bank regulatory authority, such Agent, Letter of Credit Issuer or Lender shall, unless prohibited by any Requirement of Law, notify the U.S. Parent Borrower of any disclosure pursuant to this clause (iv) as far in advance as is reasonably practicable under such circumstances, ( v ) which has been publicly disclosed other than in breach of this Agreement, ( vi ) in connection with the exercise of any remedy hereunder, under any Loan Document or under any Secured Cash Management Agreement or Secured Hedge Agreement, ( vii ) in connection with periodic regulatory examinations and reviews conducted by the National Association of Insurance Commissioners or any Governmental Authority having jurisdiction over such Agent, Letter of Credit Issuer or Lender or its affiliates (to the extent applicable), ( viii ) in connection with any litigation to which such Agent, Letter of Credit Issuer or Lender (or, with respect to any Secured Cash Management Agreement or Secured Hedge Agreement, any Secured Party party thereto) may be a party subject to the proviso in clause (iv) above, ( ix ) with U.S. Parent Borrower’s consent and ( x ) if, prior to such information having been so provided or obtained, such information was already in an Agent’s, Letter of Credit Issuer’s or a Lender’s possession on a non-confidential basis without a duty of confidentiality to the U.S. Parent Borrower being violated. Notwithstanding any other provision of this Agreement, any other Loan Document or any Assignment and Acceptance, the provisions of this Section 12.16 shall survive with respect to each Agent, Letter of Credit Issuer and Lender until the second anniversary of such Agent or Lender ceasing to be an Agent, Letter of Credit Issuer or a Lender, respectively. In addition, the Administrative Agent may provide information regarding the Facilities to serve providers providing administrative and ministerial services solely in connection with the syndication and administration of the Facilities on a confidential basis; provided that, except with respect to information which has been publicly disclosed other than in breach of this Agreement, the Administrative Agent shall inform each such Person of the agreement under this Section 12.16 and take reasonable actions to cause compliance by any such Person with this agreement (including, where appropriate, to cause any such Person to acknowledge its agreement to be bound by the agreement under this Section 12.16 ). In addition, the Agents and the Lenders may disclose the existence of this Agreement and information about this Agreement to market data collectors, similar service providers to the lending industry and service providers to the Agents and the Lenders in connection with the administration of this Agreement, the other Loan Documents, and the Commitments."
longest,train,Confidentiality,15,817,"Administrative Agent, Collateral Agent, each Lender and each Transferee shall hold all non-public information obtained by Administrative Agent, such Lender or such Transferee pursuant to the requirements of this Agreement in accordance with Administrative Agent’s, such Lender’s and such Transferee’s customary procedures for handling confidential information of this nature; provided , however , Administrative Agent, each Lender and each Transferee may disclose such confidential information (a) to its examiners, outside auditors, counsel and other professional advisors, (b) to its Affiliates and its Affiliates’ managers, administrators, directors, officers, employees, trustees, partners, investors, funding sources, investment advisors and agents, including accountants, legal counsel and other advisors (c) to Administrative Agent, Collateral Agent, any Lender, other party to this Agreement or to any prospective Transferees (for the avoidance of doubt, any prospective Transferee shall not include any Disqualified Person), (d) as required or requested by any Governmental Body or representative thereof or pursuant to legal process; provided , further that (i) unless specifically prohibited by Applicable Law, Administrative Agent, each Lender and each Transferee shall use its reasonable best efforts prior to disclosure thereof, to notify the applicable Borrower of the applicable request for disclosure of such non-public information (A) by a Governmental Body or representative thereof (other than any such request in connection with an examination of the financial condition of a Lender or a Transferee by such Governmental Body) or (B) pursuant to legal process, (e) with the prior written consent of the Borrower, (f) to the extent such information becomes publicly available other than as a result of a breach of this Section 14.15 or other obligation of confidentiality owed to the Borrower or becomes available to the Administrative Agent, Collateral Agent, any Lead Arranger, any Lender, or any of their respective Affiliates on a non-confidential basis from a source other than a Loan Party or their respective related parties (so long as such source is not known (after due inquiry) to the Administrative Agent, the Collateral Agent, such Lead Arranger, such Lender, or any of their respective Affiliates to be bound by confidentiality obligations to any Loan Party or their Affiliates); (g) to any rating agency when required by it (it being understood that, prior to any such disclosure, such rating agency shall undertake to preserve the confidentiality of any information relating to Loan Parties and their Subsidiaries received by it from such Lender) or to the CUSIP Service Bureau or any similar organization; (h) to the extent such information is independently developed by the Administrative Agent, Collateral Agent, any Lead Arranger, any Lender, or any of their respective Affiliates; (i) subject to an agreement containing provisions at least as restrictive as those of this Section 14.15 (or as may otherwise be reasonably acceptable to the Borrower), to any pledgee referred to in Section 14.3(g); or (j) in connection with the exercise of any remedies hereunder or under this Agreement or any other Loan Document or any action or proceeding relating to this Agreement or any other Loan Document or the enforcement of its rights hereunder or thereunder. In addition, the Agents and the Lenders may disclose the existence of this Agreement and publicly available information about this Agreement to market data collectors, similar service providers to the lending industry, and service providers to the Agents and the Lenders in connection with the administration, settlement and management of this Agreement, the other Loan Documents, the Commitments and the Loans and (ii) in no event shall Administrative Agent, Collateral Agent, any Lender or any Transferee be obligated to return any materials furnished by any Loan Party other than those documents and instruments in possession of Administrative Agent or any Lender in order to perfect its Lien on the Collateral once the Obligations have been paid in full and this Agreement has been terminated. Each Loan Party acknowledges that from time to time financial advisory, investment banking and other services may be offered or provided to such Loan Party or one or more of its Affiliates (in connection with this Agreement or otherwise) by any Lender or by one or more Subsidiaries or Affiliates of such Lender and each Loan Party hereby authorizes each Lender to share any information delivered to such Lender by such Loan Party and its Subsidiaries pursuant to this Agreement, or in connection with the decision of such Lender to enter into this Agreement, to any such Subsidiary or Affiliate of such Lender, it being understood that any such Subsidiary or Affiliate of any Lender receiving such information shall be bound by the provisions of this Section 14.15 as if it were a Lender hereunder. Such authorization shall survive the repayment of the other Obligations and the termination of this Agreement. Notwithstanding any non-disclosure agreement or similar document executed by Administrative Agent in favor of any Loan Party or any of any Loan Party’s affiliates, the provisions of this Agreement shall supersede such agreements."
longest,train,General,16,809,"If at any time after [INSERT IN INITIAL NOTE: the Issuance Date][INSERT IN ADDITIONAL NOTE: the later of (x) the Issuance Date and (y) the date no December Note or Initial Note (as defined in the Securities Purchase Agreement) remains outstanding], no Equity Conditions Failure then exists (unless waived, in whole or in part, in writing by the Holder (but only with respect to such specified Equity Conditions waived and, if applicable, portion of the Mandatory Conversion Amount (as defined below) in which such waiver is applicable), the Company shall have the right to require the Holder to convert all, or any part, of the Conversion Amount of this Note, not in excess of the Maximum Mandatory Share Amount or the Maximum Mandatory Conversion Amount, as designated in the Mandatory Conversion Notice (as defined below) into fully paid, validly issued and nonassessable shares of Common Stock in accordance with Section 3(c) hereof (with “Mandatory Conversion Price” replacing “Conversion Price” for all purposes hereunder with respect to such Mandatory Conversion) as of the Mandatory Conversion Date (as defined below) (each, a “ Mandatory Conversion ”). The Company may exercise its right to require conversion under this Section 3(f) by delivering a written notice thereof by facsimile or electronic mail to all, but not less than all, of the holders of Notes and the Transfer Agent (each, a “Mandatory Conversion Notice” and each date all of the holders received a notice is referred to as a “ Mandatory Conversion Notice Date ”) at a conversion price equal to the Mandatory Conversion Price. The Mandatory Conversion Notice shall be irrevocable. The Mandatory Conversion Notice shall state (i) the Trading Day selected for the Mandatory Conversion in accordance with this Section 3(f), which Trading Day shall be the third (3rd) Trading Day following the Mandatory Conversion Notice Date (each, a “ Mandatory Conversion Date ”), (ii) the aggregate Conversion Amount (not in excess of the Maximum Mandatory Conversion Amount or resulting in the issuance of such aggregate number of shares of Common Stock in excess of the Maximum Mandatory Share Amount), of the Notes subject to mandatory conversion from the Holder and all of the holders of the Notes pursuant to this Section 3(f) (and analogous provisions under the Other Notes) (each, a “ Mandatory Conversion Amount ”), and (iii) that there has been no Equity Conditions Failure (or specifying any such Equity Conditions Failure that then exists and has not been waived (or, if appcliable, with respect to such portion of the Mandatory Convesion Amount in which such waiver is not applicable), with an acknowledgement that unless such Equity Conditions are waived, in whole or in part, such Mandatory Conversion Notice will be invalid (or, if applicable, such portion of the Mandatory Conversion Notice will be invalid with respect to such portion of the Mandatory Conversion Amount in which such waiver is not applicable). Notwithstanding the foregoing, (x) the Company may affect only one (1) Mandatory Conversion during any three (3) Trading Day period and (y) the Holder may, at its option, by written notice to the Company at any time on or prior to the applicable Mandatory Conversion Date, increase the Mandatory Conversion Amount to any amount up to, and including, all of the Conversion Amount then outstanding hereunder, whether or not in excess of the Maximum Mandatory Conversion Amount. Notwithstanding anything herein to the contrary, (i) if an Equity Conditions Failure occurs at any time prior to the Mandatory Conversion Date, (A) the Company shall provide the Holder a subsequent notice to that effect and (B) unless the Holder waives the applicable Equity Conditions Failure, the Mandatory Conversion shall be cancelled and the applicable Mandatory Conversion Notice shall be null and void and (ii) at any time prior to the date all of the shares of Common Stock to be delivered to the Holder (or its designee) in such Mandatory Conversion have been delivered in full in compliance with Section 3(c) above, the Mandatory Conversion Amount may be converted, in whole or in part, by the Holders into shares of Common Stock pursuant to Section 3. Notwithstanding the foregoing, any Conversion Amount subject to a Mandatory Conversion may be converted by the Holder hereunder prior to the applicable Mandatory Conversion Date and such aggregate Conversion Amount converted hereunder on or after the Mandatory Conversion Notice Date and prior to such Mandatory Conversion Date shall reduce the Mandatory Conversion Amount to be converted on such Mandatory Conversion Date. For the avoidance of doubt, if any Event of Default has occurred and continuing, unless such Event of Default has been waived, in whole or in part, in writing by the Holder, Company shall have no right to effect a Mandatory Conversion; provided, that such Event of Default shall have no effect upon the Holder’s right to convert this Note in its discretion."
longest,train,Expenses,8,767,"The Borrower will pay on demand all reasonable and documented out-of-pocket costs and expenses incurred by or on behalf of each Agent (and, in the case of clauses (b) through (n) below, the Lenders), regardless of whether the transactions contemplated hereby are consummated, including, without limitation, reasonable, documented, fees, costs, client charges and expenses of counsel for each Agent (and, in the case of clauses (c) through (n) below, the Lenders), accounting, due diligence, periodic field audits, physical counts, valuations, investigations, searches and filings, monitoring of assets, appraisals of Collateral, the rating of the Loans, title searches and reviewing environmental assessments, miscellaneous disbursements, examination, travel, lodging and meals, arising from or relating to: (a) the negotiation, preparation, execution, delivery, performance and administration of this Agreement and the other Loan Documents (including, without limitation, the preparation of any additional Loan Documents pursuant to Section 7.01(b) or the review of any of the agreements, instruments and documents referred to in Section 7.01(f)), (b) any requested amendments, waivers or consents to this Agreement or the other Loan Documents whether or not such documents become effective or are given, (c) the preservation and protection of the Agents' or any of the Lenders' rights under this Agreement or the other Loan Documents, (d) the defense of any claim or action asserted or brought against any Agent or any Lender by any Person that arises from or relates to this Agreement, any other Loan Document, the Agents' or the Lenders' claims against any Loan Party, or any and all matters in connection therewith, other than in connection with claims or actions brought by any Lender or Agent against one another, (e) the commencement or defense of, or intervention in, any court proceeding arising from or related to this Agreement or any other Loan Document, other than in connection with claims or actions brought by any Lender or Agent against one another, (f) the filing of any petition, complaint, answer, motion or other pleading by any Agent or any Lender, or the taking of any action in respect of the Collateral or other security, in connection with this Agreement or any other Loan Document, (g) the protection, collection, lease, sale, taking possession of or liquidation of, any Collateral or other security in connection with this Agreement or any other Loan Document, (h) any attempt to enforce any Lien or security interest in any Collateral or other security in connection with this Agreement or any other Loan Document, (i) any attempt to collect from any Loan Party, (j) all liabilities and costs arising from or in connection with the past, present or future operations of any Loan Party involving any damage to real or personal property or natural resources or harm or injury alleged to have resulted from any Release of Hazardous Materials on, upon or into such property, (k) any Environmental Liabilities and Costs incurred in connection with the investigation, removal, cleanup and/or remediation of any Hazardous Materials present or arising out of the operations of any facility of any Loan Party, (l) any Environmental Liabilities and Costs incurred in connection with any Environmental Lien, (m) the rating of the Loans by one or more rating agencies in connection with any Lender's Securitization, or (n) the receipt by any Agent or any Lender of any advice from professionals with respect to any of the foregoing. Without limitation of the foregoing or any other provision of any Loan Document: (x) the Borrower agrees to pay all broker fees that may become due in connection with the transactions contemplated by this Agreement and the other Loan Documents, and (y) if the Borrower fails to perform any covenant or agreement contained herein or in any other Loan Document, any Agent may itself perform or cause performance of such covenant or agreement, and the expenses of such Agent incurred in connection therewith shall be reimbursed on demand by the Borrower. Notwithstanding the foregoing, any and all legal fees, costs and expenses incurred pursuant to clauses (b) through (n) above shall be limited to (A) one outside counsel to the Agents and the Lenders, (B) one local counsel in each relevant jurisdiction to the Agents and the Lenders and one regulatory counsel in each relevant regulatory area to the Agents and the Lenders and (C) solely in the case of a conflict of interest, one additional counsel in each relevant jurisdiction to each group of affected Lenders similarly situated taken as a whole. The obligations of the Borrower under this Section 12.04 shall survive the repayment of the Obligations and discharge of any Liens granted under the Loan Documents."
longest,train,Notices,1,759,"Provided that no Default or Event of Default has occurred and is then continuing, Borrower shall have the option to (a) convert at any time all or any portion of any outstanding Base Rate Loans (other than Swingline Loans) in a principal amount equal to $1,000,000 or any whole multiple of $100,000 in excess thereof into one or more LIBOR Rate Loans and (b) upon the expiration of any Interest Period, (i) convert all or any part of its outstanding LIBOR Rate Loans in a principal amount equal to $1,000,000 or a whole multiple of $100,000 in excess thereof into Base Rate Loans (other than Swingline Loans) or (ii) continue such LIBOR Rate Loans as LIBOR Rate Loans. Whenever Borrower desires to convert or continue Loans as provided above, Borrower shall give the Administrative Agent irrevocable prior notice (1) written substantially in the form of Exhibit E or (2) delivered electronically via e-mail from the official corporate email address of Borrower which includes an approval from the Chief Financial Officer, Senior Vice President - Finance & Accounting, Controller, Treasurer, Assistant Treasurer, Director of Treasury or Senior Manager - Treasury Operations of Borrower and containing substantially the same information as specified on Exhibit E (a “ Notice of Conversion/Continuation ”) not later than 1:00 p.m. three (3) Business Days before the day on which a proposed conversion or continuation of such Loan is to be effective specifying (A) the Loans to be converted or continued, and, in the case of any LIBOR Rate Loan to be converted or continued, the last day of the Interest Period therefor, (B) the effective date of such conversion or continuation (which shall be a Business Day), (C) the principal amount of such Loans to be converted or continued, and (D) the Interest Period to be applicable to such converted or continued LIBOR Rate Loan; provided that if Borrower wishes to request LIBOR Rate Loans having an Interest Period of twelve months in duration, such notice must be received by the Administrative Agent not later than 1:00 p.m. three (3) Business Days prior to the requested date of such conversion or continuation, whereupon the Administrative Agent shall give prompt notice to the applicable Lenders of such request and determine whether the requested Interest Period is acceptable to all of them. If Borrower fails to give a timely Notice of Conversion/Continuation prior to the end of the Interest Period for any LIBOR Rate Loan, then the applicable LIBOR Rate Loan shall be converted to a Base Rate Loan. Any such automatic conversion to a Base Rate Loan shall be effective as of the last day of the Interest Period then in effect with respect to the applicable LIBOR Rate Loan. If Borrower requests a conversion to, or continuation of, LIBOR Rate Loans, but fails to specify an Interest Period, it will be deemed to have specified an Interest Period of one month. Subject to the foregoing, Borrower hereby gives notice to the Administrative Agent that Borrower elects, with respect to the first $65,000,000 funded on the Closing Date (until May 29, 2020, at which time such amount shall reduce to $25,000,000), the Interest Period shall be for one (1) month with the first such period ending on June 30, 2017, and such Interest Period shall renew automatically for an additional one (1) month period at the end of each month until April 29, 2022; provided that, (A) Borrower may revoke such election at any time upon written notice to the Administrative Agent and (B) to the extent Borrower repays the Loans such that the outstanding aggregate principal amount of Revolving Loans hereunder is less than the applicable amount set forth in this sentence, the election in this sentence shall thereafter apply to such lesser amount. Notwithstanding anything to the contrary herein, a Swingline Loan may not be converted to a LIBOR Rate Loan (but a Revolving Credit Loan bearing interest at the LIBOR Rate or the Base Rate may be used to repay a Swingline Loan). The Administrative Agent shall promptly notify the affected Lenders of such Notice of Conversion / Continuation. Notwithstanding the foregoing, Loans made on the Closing Date or any of the three (3) Business Days following the Closing Date, may only consist of Base Rate Loans unless Borrower delivers a funding indemnity letter, substantially in the form of Exhibit I or otherwise reasonably acceptable to the Administrative Agent. LIBOR Rate Loans shall be made by each Revolving Lender at its LIBOR Lending Office and Base Rate Loans at its domestic Lending Office."
longest,train,Confidentiality,15,757,"This Commitment Letter is furnished solely for your benefit, and may not be relied upon or enforced by any other person or entity other than the parties hereto, the Lenders and the Indemnified Persons. This Commitment Letter is delivered to you on the condition that neither the existence of this Commitment Letter nor the Fee Letter nor any of their contents shall be disclosed, directly or indirectly, to any other person or entity except (i) to your directors, officers, employees, accountants, attorneys and other professional advisors, your affiliates, and your affiliates’ directors, officers, employees, accountants, attorneys and other professional advisors, in each case in connection with the evaluation of the Transactions and are informed of the confidential nature of such information and who are either subject to customary confidentiality obligations of employment or professional practice, or who agree to be bound by the terms of this paragraph (or language substantially similar to this paragraph) and (ii) as may be compelled in a judicial or administrative proceeding or as otherwise required by law (in which case you shall use commercially reasonable efforts to promptly notify us to the extent permitted by law). Notwithstanding the foregoing and, except in the case of paragraphs (i), (v) and (vi) below, following your acceptance of the provisions hereof and your return of an executed counterpart of this Commitment Letter and the Fee Letter to us as provided below, (i) you may disclose a copy of this Commitment Letter (but not the Fee Letter, except to the extent redacted in a manner reasonably satisfactory to the Lead Arrangers) to the Target, its subsidiaries and their respective directors, officers, employees, attorneys and advisors, in each case on a confidential and “need-to-know” basis, (ii) you may make public disclosure of the existence and amount of the commitments hereunder and of the identity of the Administrative Agents and the Lead Arrangers, (iii) you may file a copy of this Commitment Letter (but not the Fee Letter or any other agreement between you and any one or more of us in connection with the Transactions) with the Securities and Exchange Commission in connection with the Transactions if in your judgment it is required by law to be filed, (iv) you may disclose this Commitment Letter (but not the Fee Letter or any other agreement between you and any one or more of us in connection with the Transactions) and the contents hereof in any prospectus or other offering memorandum relating to the Securities or the Term Loans, (v) you may make such other public disclosure of the terms and conditions hereof as, and to the extent, you are required in any legal, judicial, administrative proceeding or other compulsory process, otherwise as required by applicable law or regulations, or to the extent requested or required by governmental and/or regulatory authorities (in which case you shall use commercially reasonable efforts to promptly notify us to the extent permitted by law), (vi) you may disclose a copy of this Commitment Letter (but not the Fee Letter or any other agreement between you and any one or more of us in connection with the Transactions) to ratings agencies in connection with their evaluation of the Bridge Facility, the Securities, the Term Loans, the Term Facility or the ABL Facility for rating purposes, (vii) you may disclose the Term Sheets (but not the Fee Letter or any other agreement between you and any one or more of us in connection with the Transactions) to actual or prospective counterparties (or their advisors) to any swap or derivative transaction relating to the Borrower, the Target or any of their respective subsidiaries or any of their respective obligations, (viii) you may disclose the amount of the fees in aggregate and any applicable original issue discount payable under the Fee Letter or any other agreement between you and any one or more of us in connection with the Transactions in financial statements, as part of Projections, or pro forma information or as part of generic disclosure regarding sources and uses (but without disclosing any specific fees set forth therein) or cash flow statement in connection with any syndication of the Bridge Facility, the Term Facility and the ABL Facility, the prospectus or offering memorandum related to the Securities or the Terms Loans, or in any public filing (which in the case of such public filing may indicate the existence of the Fee Letter), and (ix) in connection with the exercise of any remedy or enforcement of any right under this Commitment Letter and the Fee Letter."
longest,train,Taxes,12,749,"Except as would not, individually or in the aggregate, have a Material Adverse Effect, (a) each of the Partnership Entities has prepared and timely filed (taking into account any extension of time within which to file) all income and other material Tax Returns required to be filed by any of them and all such filed Tax Returns are complete and accurate in all material respects, (b) each of the Partnership Entities has timely paid all Taxes that are required to be paid by any of them (and, where payment is not yet due, has made adequate provision for such Taxes on such Partnership Entity’s financial statements in accordance with GAAP), (c) there are no audits, examinations, investigations, actions, suits, claims or other proceedings in respect of any Taxes pending or threatened in writing nor has any deficiency for any Tax been assessed by any Governmental Authority in writing against any Partnership Entity, (d) all Taxes required to be withheld by any Partnership Entity have been withheld and paid over to the appropriate Tax authority (except in the case of this clause (d) or clause (a) or (b) above, with respect to matters contested in good faith and for which adequate reserves have been established on the Partnership’s financial statements included or incorporated by reference in the NEP Execution Date SEC Documents), (e) none of the Partnership Entities will be required to include any item of income in, or exclude any item of deduction from, taxable income for any taxable period (or portion thereof) ending after any Closing Date as a result of any (A) change in method of accounting for a taxable period ending on or prior to such Closing Date, (B) “closing agreement” as described in Section 7121 of the Code (or any corresponding or similar provision of state, local or foreign law) executed on or prior to such Closing Date, (C) intercompany transactions or any excess loss account described in Treasury Regulations under Section 1502 of the Code (or any corresponding or similar provision of state, local or foreign law), (D) installment sale or open transaction disposition made on or prior to such Closing Date, (E) election under Section 108(i) of the Code (or any comparable provisions of state, local or foreign law), or (F) prepaid amount received or paid on or prior to such Closing Date, and (f) there are no outstanding agreements, waivers or arrangements extending the statutory period of limitation applicable to any claim for, or the period for the collection or assessment of, Taxes due from or with respect to any of the Partnership Entities for any taxable period. None of the Partnership Entities has entered into any transaction that, as of the date of this Agreement, has been identified by the Internal Revenue Service in published guidance as a “reportable transaction” as defined under Section 1.6011-4 of the Treasury Regulations. There are no Tax Liens upon any of the assets or properties of the Partnership Entities, other than with respect to Taxes not yet due and payable. Except as disclosed in Schedule E , no NEP Entity (A) is or has ever been a member of an affiliated group of corporations filing a consolidated federal income Tax Return, or (B) has any liability for the Taxes of any Person under Treasury Regulations Section 1.1502-6 (or any similar provision of any state, local, or foreign law), as a transferee or successor, by contract, or otherwise. Except as disclosed in Schedule E , no NEP Entity is a party to, or bound by, or has any obligation under, any tax allocation or sharing agreement or similar contract or arrangement or any agreement that obligates it to make any payment computed by reference to the Taxes, taxable income or taxable losses of any other Person. The Partnership has made a valid election pursuant to Section 301.7701-3(c) of the Treasury Regulations to be taxed as a corporation for U.S. federal income tax purposes, and such election is currently in effect. The Partnership reasonably expects that it is not, and has not been during the applicable period specified in Section 897(c)(1)(A)(ii) of the Code, a “United States real property holding corporation,” as defined in Section 897(c)(2) of the Code. None of the Partnership Entities has, within the five years preceding the applicable Closing Date, been either a “distributing corporation” or a “controlled corporation” in a distribution in which the parties to such distribution treated the distribution as one to which Section 355 of the Code was applicable."
longest,train,Confidentiality,15,732,"The Administrative Agent, the Swing Line Lender, each Issuing Lender, and each Lender (each a “ Lending Party ”) agree to keep confidential any information furnished or made available to it by any Credit Party pursuant to this Agreement and identified by such Credit Party as proprietary or confidential; provided that nothing herein shall prevent any Lending Party from disclosing such information (a) to any other Lending Party or any Affiliate of any Lending Party, or any officer, director, employee, agent, or advisor of any Lending Party or Affiliate of any Lending Party for purposes of administering, negotiating, considering, processing, implementing, syndicating, assigning, or evaluating the credit facilities provided herein and the transactions contemplated hereby or any Hedging Arrangement (it being understood that the Persons to whom such disclosure is made will be informed of the confidential nature of such information and will be instructed to keep such information confidential), (b) to any other Person if directly incidental to the administration of the credit facilities provided herein (it being understood that the Persons to whom such disclosure is made will be informed of the confidential nature of such information and will be instructed to keep such information confidential), (c) as required by any Legal Requirement (with, to the extent permitted by applicable law, prompt notice to the Borrower), (d) upon the order of any court or administrative agency (with, to the extent permitted by applicable law, prompt notice to the Borrower), (e) upon the request or demand of any regulatory agency or authority having jurisdiction or purporting to have jurisdiction over such Lending Party (including any self-regulatory authority, such as the National Association of Insurance Commissioners), (f) that is or becomes available to the public (other than as a result of a breach of this Section by such Lending Party) or that is or becomes available to any Lending Party on a non-confidential basis as a result of a disclosure by any Person other than a Credit Party, (g) in connection with any litigation relating to this Agreement or any other Credit Document to which such Lending Party or any of its Affiliates may be a party (with, to the extent permitted by applicable law, prompt notice to the Borrower), (h) to the extent necessary in connection with the exercise of any right or remedy under this Agreement or any other Credit Document, (i) to any actual or proposed participant or Eligible Assignee, in each case, subject to provisions similar to those contained in this Section 9.8 and, in the event such participant or Eligible Assignee is a direct competitor of the Borrower or its Subsidiaries and no Event of Default has occurred and is continuing, with the prior written consent of the Borrower, (j) on a confidential basis to (i) any rating agency in connection with rating the Borrower or its Subsidiaries or the credit facilities provided herein, (ii) the CUSIP Service Bureau or any similar agency in connection with the issuance and monitoring of CUSIP numbers with respect to the credit facilities provided herein, or (iii) any credit insurer, (k) subject to an agreement containing provisions substantially the same as those of this Section, to any actual or prospective party (or such Person’s Affiliates and the partners, directors, officers, employees, agents, trustees, administrators, managers, advisors and representatives of such Person and of such Person’s Affiliates) to any swap, derivative or other transaction under which payments are to be made by reference to the Borrower and its obligations, this Agreement, or payments hereunder, and (l) with the consent of the Borrower. NOTWITHSTANDING ANYTHING TO THE CONTRARY CONTAINED HEREIN, nothing in this Agreement shall (i) restrict any Lending Party from providing information to any bank or other regulatory or governmental authorities, including the Federal Reserve Board and its supervisory staff; (ii) require or permit any Lending Party to disclose to any Credit Party that any information will be or was provided to the Federal Reserve Board or any of its supervisory staff; or (iii) require or permit any Lending Party to inform any Credit Party of a current or upcoming Federal Reserve Board examination or any nonpublic Federal Reserve Board supervisory initiative or action. In the event that any of the terms of this Section 9.8 conflict with any non-disclosure agreement executed by a Lending Party prior to the date hereof, then the terms of this Section 9.8 shall govern and control."
longest,train,Indemnifications,18,728,"Neither any Creditor nor any of its directors, officers, agents or employees shall be liable to any Borrower for any action taken or not taken thereby in connection herewith in the absence of its own gross negligence, willful misconduct or fraud. Each of the Borrowers hereby jointly and severally agrees to indemnify the Creditors, their respective affiliates and the respective directors, officers, agents and employees of the foregoing (each an "" Indemnitee "") and hold each Indemnitee harmless from and against any and all claims, losses, damages, expenses, obligations, penalties, actions, judgments, suits, costs or disbursements of every nature and character (other than taxes) arising out of, in connection with, or as a result of the execution or delivery of the Transaction Documents or any agreement or instrument contemplated thereby, the performance by the parties hereto of their respective obligations under the Transaction Documents or the consummation of the transactions contemplated hereby including, without limitation, (a) any actual or proposed use by a Borrower of the proceeds of the Loan, (b) the reversal or withdrawal of any provisional credits granted by the Facility Agent upon the transfer of funds from lock box, bank agency, concentration accounts or otherwise under any cash management arrangements with any Borrower, (c) any claim, litigation, investigation or proceeding relating to any of the foregoing, whether based on contract, tort, or any other theory, and regardless of whether any Indemnitee is a party thereof, (d) any civil penalty or fine assessed by OFAC or another Governmental Authority against, and all reasonable costs and expenses (including reasonable counsel fees and disbursements) incurred in connection with defense thereof by, the Facility Agent or any other Creditor as a result of conduct of any of the Borrowers, any Subsidiary or Affiliate thereof or any of the directors, officers, employees, agents, representatives and advisors of the foregoing Persons that violates Sanctions or Anti-Money Laundering Law, or (e) with respect to the Borrowers and their respective properties and assets, the violation of any Environmental Law, the presence, disposal, escape, seepage, leakage, spillage, discharge, emission, release or threatened release of any Materials of Environmental Concern or any action, suit, proceeding or investigation brought or threatened with respect to any Materials of Environmental Concern relating to any circumstance or occurrence arising in relation to, or during the time of, the management, use, control ownership or operation of property or assets by such Borrower (including, but not limited to, claims with respect to wrongful death, personal injury or damage to property), in each case including, without limitation, the reasonable and documented fees and disbursements of counsel incurred in connection with any such investigation, litigation or other proceeding; provided, however, the relevant Borrower shall not be responsible for any liabilities, losses, damages and/or expenses under this Section 18.9 caused by an Indemnitee's own gross negligence, willful misconduct or fraud. Notwithstanding anything herein to the contrary, the foregoing indemnification shall not apply to the extent that any claims, damages, expenses, obligations, penalties, actions, judgments, suits or costs arise with respect to any Vessel from and after such time as any Creditor (or any designee thereof) takes possession or control of such Vessel (except to the extent that any such matter relates to any circumstance or occurrence arising prior to such time). In litigation, or the preparation therefor, the Creditors and their Affiliates shall be entitled to select their own counsel and, if arising after the occurrence and during the continuation of an Event of Default, the Borrowers agree to pay promptly the reasonable and documented fees and expenses of such counsel. To the extent that the respective interests of the Creditors in such litigation do not, and reasonably could not be expected to, conflict (such determination of existing or potential conflict to be made by the Creditors using their reasonable good faith judgment), the Creditors shall make reasonable efforts to use common counsel in connection with such litigation and the preparation therefor. If, and to the extent that the obligations of a Borrower under this Section 18.9 are unenforceable for any reason, the Borrowers hereby agree to make the maximum contribution to the payment in satisfaction of such obligations which is permissible under applicable law. The covenants contained in this Section 18.9 shall survive payment or satisfaction in full of the Loan and all other obligations under this Agreement and the other Transaction Documents."
longest,train,Waivers,19,723,"Each Borrower shall be deemed to have waived: (i) any right to require PFG to institute suit against, or to exhaust its rights and remedies against, any other Borrower or any other Person, or to proceed against any property of any kind which se-cures all or any part of the Obligations, or to exercise any right of offset or other right with respect to any reserves, credits or deposit accounts held by or main-tained with PFG or any indebtedness of PFG to any other Borrower, or to exercise any other right or power, or pur-sue any other remedy PFG may have; (ii) any defense arising by reason of any disability or other defense of any other Borrower or any guarantor or any endorser, co-maker or other Person, or by reason of the cessation from any cause whatsoever of any liability of any other Borrower or any guarantor or any en-dorser, co-maker or other Person, with respect to all or any part of the Obligations, or by reason of any act or omission of PFG or others which directly or indirectly results in the discharge or release of any other Borrower or any guarantor or any other Person or any Obligations or any se-curity therefor, whether by operation of law or otherwise; (iii) any defense arising by reason of any failure of PFG to obtain, per-fect, maintain or keep in force any Lien on, any prop-erty of any Borrower or any other Person; (iv) any defense based upon or arising out of any Insolvency Proceeding, liquidation or dissolu-tion proceeding commenced by or against or in respect of any Borrower or any guarantor or any endorser, co-maker or other Person, including without limitation any discharge of, or bar against collecting, any of the Obligations (including without limitation any interest thereon), in or as a result of any such proceeding. Until all of the Obligations have been paid, performed, and discharged in full, nothing shall discharge or sat-isfy the liability of Borrower hereunder except the full perfor-mance and payment of all of the Obligations. If any claim is ever made upon PFG for repayment or recov-ery of any amount or amounts received by PFG in payment of or on account of any of the Obligations, because of any claim that any such payment con-stituted a preferential Transfer or fraudu-lent conveyance, or for any other reason whatsoever, and PFG repays all or part of said amount by rea-son of any judgment, decree or order of any court or administrative body having jurisdiction over PFG or any of its property, or by reason of any settlement or compromise of any such claim effected by PFG with any such claimant (including without limitation the any other Borrower), then and in any such event, Borrower agrees that any such judgment, decree, order, settlement and compromise shall be binding upon Borrower, notwithstanding any revocation or release of this Agreement or the cancellation of any note or other instrument evidencing any of the Obligations, or any release of any of the Obligations, and Borrower shall be and remain liable to PFG under this Agreement for the amount so repaid or recovered, to the same extent as if such amount had never originally been received by PFG, and the provisions of this sen-tence shall survive, and continue in effect, notwithstanding any re-vocation or release of this Agreement. Each Borrower hereby expressly and unconditionally waives all rights of subrogation, reim-burse-ment and indemnity of every kind against any other Borrower, and all rights of recourse to any assets or property of any other Borrower, and all rights to any collateral or security held for the payment and performance of any Obligations, including (but not limited to) any of the forego-ing rights which Borrower may have under any present or future document or agreement with any other Borrower or other Person, and in-cluding (but not limited to) any of the foregoing rights which Borrower may have under any equitable doctrine of subrogation, implied contract, or unjust enrichment, or any other equitable or legal doctrine. Each Borrower further hereby waives any other rights and defenses that are or may become available to Borrower by reason of California Civil Code Sections 2787 to 2855 (inclusive), 2899, and 3433, as now in effect or hereafter amended, and under all other similar statutes and rules now or hereafter in effect."
longest,train,Confidentiality,15,720,"During the Consultant’s independent contractor relationship with the Company, the Company agrees to provide the Consultant with Confidential Information (defined below) to which the Consultant has not previously had access. For purposes of this Agreement “ Confidential Information ” includes trade secrets or confidential information of the Company, including, without limitation: current or prospective client, referral source, business partner, investor and/or vendor identity, contact, preferences, upcoming needs, lists, databases and/or other information and/or history; contracts; processes; technical data; pricing, costs, marketing, sales, business, and/or other strategies, plans, studies or practices; designs; testing results; business and/or financial information; management methods and/or information; any original works of authorship by the Company or any of its affiliates or subsidiaries; or other business information disclosed to the Consultant by the Company or any of its affiliates or subsidiaries prior to or after the Effective Date, either directly or indirectly, in writing, orally, or by drawings or observation and including, without limitation, any of the information described in this sentence relating to the Company, Pro Fit Optix, Inc. or any of either of their affiliates or subsidiaries, whether obtained by, or provided to, the Consultant prior to or after the Effective Date. The Consultant understands and agrees that the Company is not required to provide the Consultant with all of the types of Confidential Information listed in the preceding sentence, but that the Company will provide the Consultant with access to some of these types of Confidential Information in a manner and at a time in the Company’s sole discretion. In exchange for the Company’s promise to provide the Consultant with Confidential Information, the Consultant shall not, during the Term or at any time thereafter, take, disclose, publish, use, exploit, or solicit, allow or assist another Person to use, take, disclose, publish or exploit any Confidential Information, except as: (a) required in the ordinary course of the Company’s business directly related to the Consultant’s provision of the Services and for the benefit of the Company; or (b) required by law. The Consultant represents that the Consultant’s performance of all the terms of this Agreement and the Consultant’s Services for the Company do not, and will not, breach any agreement with any third party. The Consultant will not, and acknowledges that the Company has specifically instructed the Consultant not to, disclose to the Company, use, or induce the Company to use any confidential or proprietary information or material belonging to any third party. The Consultant also will not use any third party’s confidential or proprietary information in the performance of the Consultant’s Services, except as expressly authorized by such third party in writing. Additionally, during the Consultant’s independent contractor relationship, the Company or the Consultant through the provision of the Services may receive from third parties their confidential information, including without limitation nonpublic personal and financial information, including, but not limited to, credit and/or debit card information. The Consultant agrees to hold all such confidential information in the strictest confidence and not to take, use, publish, exploit or disclose it to any Person, except as necessary in the course of the Consultant’s provision of the Services and in accordance with any use agreement between the Company and such third party. Furthermore, upon the termination of the Consultant’s independent contractor relationship with the Company for any reason, the Consultant shall continue to comply with the nondisclosure requirements of this Section 6. 1 and shall immediately return and deliver to the Company any and all Confidential Information and all other Company documents and items – whether in hard or digital form – and all copies thereof which belong to the Company or relate to the Company’s business or the business of any of the Company’s affiliates or subsidiaries and which are in the Consultant’s possession, custody or control, whether prepared by the Consultant or others. The Consultant further agrees that, after the Consultant provides a copy of such information or documents to the Company, the Consultant will immediately delete and write over any information or documents relating to the business of the Company or any of its affiliates or subsidiaries from any computer, cellular phone or other digital or electronic device owned by the Consultant and, upon request by the Company, provide to the Company a sworn certificate of the destruction required by this Section 6 .1 ."
longest,train,Waivers,19,713,"In consideration of the Termination Benefits, and for other good and valuable consideration, receipt of which is hereby acknowledged, the Executive for himself and for his heirs, executors, administrators, trustees, legal representatives and assigns (collectively, the “ Releasors ”), hereby releases, remises, and acquits the Company and its affiliates and all of their respective past, present and future parent entities, subsidiaries, divisions, affiliates and related business entities, any of their successors and assigns, assets, employee benefit plans or funds, and any of their respective past and/or present directors, officers, fiduciaries, agents, trustees, administrators, managers, supervisors, shareholders, investors, employees, legal representatives, agents, counsel and assigns, whether acting on behalf of the Company or its affiliates or, in their individual capacities (collectively, the “ Releasees ” and each a “ Releasee ”) from any and all claims, known or unknown, which the Releasors have or may have against any Releasee arising on or prior to the date of this Release and any and all liability which any such Releasee may have to the Executive, whether denominated claims, demands, causes of action, obligations, damages or liabilities arising from any and all bases, however denominated, including but not limited to (a) any claim under the Age Discrimination in Employment Act of 1967 (including, without limitation, the Older Workers Benefit Protection Act), the Americans with Disabilities Act of 1990, the Family and Medical Leave Act of 1993, the Civil Rights Act of 1964, the Civil Rights Act of 1991, Section 1981 of the Civil Rights Act of 1866, the Equal Pay Act, the Immigration Reform and Control Act of 1986, the Employee Retirement Income Security Act of 1974, (excluding claims for accrued, vested benefits under any employee benefit or pension plan of the Company, subject to the terms and conditions of such plan and applicable law), the Sarbanes-Oxley Act of 2002, all as amended; (b) any claims under any state statutory or decisional law pertaining to wrongful discharge, discrimination, retaliation, breach of contract, breach of public policy, misrepresentation, fraud or defamation, (c) any and all claims under the Indiana Civil Rights Act and the Indiana wage payment provisions, each as amended; (d) any claim under any other Federal, state, or local law and any workers’ compensation or disability claims under any such laws; and (e) any claim for attorneys’ fees, costs, disbursements and/or the like. This Release includes, without limitation, (i) any and all claims arising from or relating to the Executive’s employment relationship with Company and his service relationship as an officer or director of the Company, or as a result of the termination of such relationships and (ii) any and all matters, transactions or things occurring prior to the Employee’s execution of this Release. The Executive further agrees that the Executive will not file or permit to be filed on the Executive’s behalf any such claim. Notwithstanding the preceding sentence or any other provision of this Release, this Release is not intended to interfere with the Executive’s right to file a charge with the Equal Employment Opportunity Commission (“ EEOC ”) in connection with any claim he believes he may have against any Releasee. However, by executing this Release, the Executive hereby waives the right to recover in any proceeding the Executive may bring before the EEOC or any state human rights commission or in any proceeding brought by the EEOC or any state human rights commission on the Executive’s behalf. This Release is for any relief, no matter how denominated, including, but not limited to, injunctive relief, wages, back pay, front pay, compensatory damages, or punitive damages. This Release shall not apply to (i) the Company’s obligations pursuant to Section 2(b)(vii), Section 4 and Section 5(b) of the Employment Agreement; (ii) the Executive’s rights to indemnification from the Company or rights to be covered under any applicable insurance policy with respect to any liability the Executive incurred or might incur as an employee, officer or director of the Company; or (iii) any right the Executive may have to obtain contribution as permitted by law in the event of entry of judgment against the Executive as a result of any act or failure to act for which the Executive, on the one hand, and Company or any other Releasee, on the other hand, are jointly liable."
longest,test,Assignments,7,705,"Notwithstanding anything to the contrary in the Agreement, Dealer may not assign any of its rights or duties hereunder without the prior written consent of Counterparty; provided that, notwithstanding the foregoing or anything to the contrary herein or in the Agreement, Dealer may, without the consent of Counterparty, assign, transfer and set over all rights, title and interest, powers, privileges and remedies of Dealer under any Transaction, in whole or in part, to an affiliate of Dealer whose obligations are guaranteed by The Goldman Sachs Group, Inc. (“GS Group”) pursuant to a guarantee substantially in the form (as it relates, or would relate, to the relevant Transaction and the obligations of GS Group to Counterparty thereunder) of the guarantee filed as Exhibit 10.45 to GS Group’s Form 10-K filed with the Securities and Exchange Commission on February 7, 2006 or otherwise in form and substance consistent with GS Group’s guarantees at that time of derivative transactions entered into by their affiliates; provided that (i) no Event of Default, Potential Event of Default or Termination Event with respect to which Dealer is the Defaulting Party or an Affected Party, as the case may be, exists or would result therefrom, (ii) no Additional Disruption Event or other event giving rise to a right or responsibility to terminate or cancel the Transaction or to make an adjustment to the terms of the Transaction would result therefrom, (iii) at the time of such assignment or transfer, Counterparty would not, as a result of such assignment or transfer, reasonably be expected at any time either (A) to be required to pay (including a payment in kind) to Dealer or such Transferee an amount in respect of an Indemnifiable Tax greater than the amount Counterparty would have been required to pay to Dealer in the absence of such transfer or (B) to receive a payment (including a payment in kind) from which an amount is required to be deducted or withheld for or on account of a Tax as to which no additional amount is required to be paid, (iv) Dealer shall have caused the transferee to make such Payee Tax Representations and to provide such tax documentation as may be reasonably requested by Counterparty to permit Counterparty to determine that the transfer complies with the requirements of clause (iii) in this paragraph, (v) Counterparty would not, at the time and as a result of such transfer or assignment, reasonably be expected to become subject to any registration, qualification, reporting or other requirement under applicable law or regulation to which it would not otherwise have been subject absent such transfer or assignment and (vi) Dealer shall be responsible for reasonable fees and actual, documented out-of-pocket expenses, including reasonable fees and actual, documented out-of-pocket expenses of external counsel, incurred by Counterparty in connection with any transfer or potential transfer by Dealer. Dealer may assign the right to receive Settlement Shares to any third party who may legally receive Settlement Shares. Notwithstanding any other provision in this Master Confirmation to the contrary requiring or allowing Dealer to purchase, sell, receive or deliver any Shares or other securities to or from Counterparty, Dealer may designate any of its Affiliates to purchase, sell, receive or deliver such Shares or other securities and otherwise to perform Dealer’s obligations in respect of any Transaction and any such designee may assume such obligations; provided that (I) any such designation shall not have a material adverse tax or regulatory consequence to Counterparty, (II) an Event of Default, Potential Event of Default or Termination Event shall not occur as a result of such designation and (III) Dealer shall be responsible for all reasonable costs and expenses, including reasonable counsel fees, incurred by Counterparty in connection with any such designation. In respect of any such designation, Dealer shall be discharged of its obligations to Counterparty only to the extent of any such performance. For the avoidance of doubt, Dealer hereby acknowledges that notwithstanding any such designation hereunder, to the extent any of Dealer’s obligations in respect of any Transaction are not completed by its designee at or prior to the time Dealer was required to perform such obligations, Dealer shall be obligated to continue to perform in respect of such obligations."
