text,true_label,true_label_id,predicted_label,predicted_label_id,confidence,is_correct,dataset_name,model_name,source_dataset,contract_id,span_id,label_original,label_mapped,text_length_chars,text_length_words
"This Agreement may be executed in one or more counterparts, all of which counterparts shall be considered one and the same agreement, and shall become effective when one or more counterparts have been signed by each Party and delivered to the other Party.",Terms,9,Counterparts,2,0.9999998882740178,False,CUAD_external,multinomial_nb,CUAD,CerenceInc_20191002_8-K_EX-10.4_11827494_EX-10.4_Intellectual Property Agreement,cuad_14_0_3_0,Effective Date,Terms,255,43
"Unless terminated sooner, the term of this Agreement shall begin on the Effective Date and continue for three (3) years thereafter (the ""Initial Term"") and shall automatically renew for additional one (1) year terms on the terms and conditions set forth herein (each a ""Renewal Term"" and collectively, the ""Term"") unless either party gives the other Party Notice of its intention to terminate this Agreement ninety (90) days before the end of the Initial Term or Renewal Term, if any.",Notices,1,Terms,9,0.9999829364422876,False,CUAD_external,multinomial_nb,CUAD,"DUOSTECHNOLOGIESGROUP,INC_04_21_2009-EX-10.1-STRATEGIC ALLIANCE AGREEMENT",cuad_350_0_6_0,Notice Period To Terminate Renewal,Notices,484,80
The initial term of this Agreement shall be for a period of five (5) years from the date first set forth above and shall thereafter automatically renew for additional two (2) year terms unless a party provides the other party with notice of non-renewal no less than 6 months prior to the expiration of the initial term or any renewal term unless earlier terminated as follows:,Notices,1,Terms,9,0.9999151296676052,False,CUAD_external,multinomial_nb,CUAD,NANOPHASETECHNOLOGIESCORP_11_01_2005-EX-99.1-DISTRIBUTOR AGREEMENT,cuad_85_0_6_0,Notice Period To Terminate Renewal,Notices,376,66
The initial term of this Agreement shall be for a period of five (5) years from the date first set forth above and shall thereafter automatically renew for additional two (2) year terms unless a party provides the other party with notice of non-renewal no less than 6 months prior to the expiration of the initial term or any renewal term unless earlier terminated as follows:,Terminations,10,Terms,9,0.9999151296676052,False,CUAD_external,multinomial_nb,CUAD,NANOPHASETECHNOLOGIESCORP_11_01_2005-EX-99.1-DISTRIBUTOR AGREEMENT,cuad_85_0_15_1,Termination For Convenience,Terminations,376,66
"Unless earlier terminated as provided herein, this Agreement continues in effect for an initial term of seven (7) years (""Initial Term"") and will automatically renew for one or more annual periods after the Initial Term (each a ""Renewal Term"") unless either party gives notice of non-renewal at least one hundred eighty (180) days prior to the beginning of any Renewal Term.",Notices,1,Terms,9,0.9999015387720259,False,CUAD_external,multinomial_nb,CUAD,ENERGOUSCORP_03_16_2017-EX-10.24-STRATEGIC ALLIANCE AGREEMENT,cuad_38_0_6_0,Notice Period To Terminate Renewal,Notices,374,61
"This Agreement shall be automatically renewed for successive three (3) year terms thereafter (each a ""Renewal Term"" and together with the Initial Term, the ""Term"") until and unless (i) either Party provides the other Party written notice of non-renewal no later than ninety (90) days prior the end of the Initial Term or any Renewal Term or (ii) earlier terminated as provided in this ARTICLE 11.",Notices,1,Terms,9,0.9999014418207312,False,CUAD_external,multinomial_nb,CUAD,SigaTechnologiesInc_20190603_8-K_EX-10.1_11695818_EX-10.1_Promotion Agreement,cuad_268_0_6_0,Notice Period To Terminate Renewal,Notices,396,66
"This Agreement will commence on the Effective Date and continue for an Initial Term of five (5) years, and will automatically renew for additional periods of five (5) years unless one Party notifies the other of its intention not to renew, no less than 12 months prior to the expiration of the then-current term, unless terminated as permitted under this Agreement.",Notices,1,Terms,9,0.9998743531467206,False,CUAD_external,multinomial_nb,CUAD,"BELLRINGBRANDS,INC_02_07_2020-EX-10.18-MASTER SUPPLY AGREEMENT",cuad_107_0_6_0,Notice Period To Terminate Renewal,Notices,365,61
"Unless otherwise terminated as provided herein, the initial term of this Agreement shall be three (3) years from the Effective Date and shall thereafter be automatically renewed for subsequent one (1) year periods unless either party notifies the other in writing of its election not to renew the Agreement at least one hundred twenty (120) days prior to the expiration of the then-current term.",Notices,1,Terms,9,0.999870306477401,False,CUAD_external,multinomial_nb,CUAD,"VISIUMTECHNOLOGIES,INC_10_20_2004-EX-10.20-DISTRIBUTOR AGREEMENT",cuad_369_0_6_0,Notice Period To Terminate Renewal,Notices,395,64
"This Agreement shall have an initial term of one (1) year from the date first above written (the ""Initial Term""), and shall thereafter automatically renew for successive two (2) year periods (each a ""Renewal Term""), unless earlier terminated in accordance with the terms of this Agreement.",Notices,1,Terms,9,0.9998589389072754,False,CUAD_external,multinomial_nb,CUAD,HYPERIONSOFTWARECORP_09_28_1994-EX-10.47-EXCLUSIVE DISTRIBUTOR AGREEMENT,cuad_198_0_6_0,Notice Period To Terminate Renewal,Notices,289,46
"This Agreement shall commence on the Effective Date and shall continue until the four-year anniversary of the Effective Date (such period, as it may be extended, either by the mutual written agreement of the parties or automatically, or earlier terminated being referred to as the ""Consultation Period""), unless sooner terminated in accordance with the provisions of Section 4, and shall automatically renew for successive one-year periods, unless the Company provides 90 days' notice of termination before any such successive period.",Notices,1,Terms,9,0.9998397800071219,False,CUAD_external,multinomial_nb,CUAD,PANDIONTHERAPEUTICSHOLDCOLLC_05_22_2020-EX-10.17-CONSULTING AGREEMENT,cuad_377_0_6_0,Notice Period To Terminate Renewal,Notices,534,80
"The terms of this Agreement shall be one year from the effective date and will be automatically renewed on each anniversary of the effective date, for a renewal term of one year unless either party provides written notification of its intention not to renew this Agreement at least one month prior to the expiration of the initial or any renewal terms.",Notices,1,Terms,9,0.9998226633598357,False,CUAD_external,multinomial_nb,CUAD,"ETELOS,INC_03_09_2004-EX-10.8-DISTRIBUTOR AGREEMENT",cuad_260_0_6_0,Notice Period To Terminate Renewal,Notices,352,61
"Thereafter, the Agreement shall be automatically renewed for additional two year periods (each a ""Renewal Term"", the Initial Term and all Renewal Terms, the ""Term"") unless either Party notifies the other Party of its intention not to renew in writing at least three calendar months before the expiration of the then current Term.",Notices,1,Terms,9,0.9998139716457318,False,CUAD_external,multinomial_nb,CUAD,ULTRAGENYXPHARMACEUTICALINC_12_23_2013-EX-10.9-SUPPLY AGREEMENT,cuad_239_0_6_0,Notice Period To Terminate Renewal,Notices,329,53
"Thereafter, this Agreement shall renew automatically for one (1) additional three (3) year period (the ""Renewal Term"" and collectively, together with the Initial Term, the ""Term"") unless either party provides the other with written notice of non-renewal at least ninety (90) days before the expiration of the Initial Term].",Notices,1,Terms,9,0.9998101285834171,False,CUAD_external,multinomial_nb,CUAD,GopageCorp_20140221_10-K_EX-10.1_8432966_EX-10.1_Content License Agreement,cuad_77_0_6_0,Notice Period To Terminate Renewal,Notices,323,49
"This Agreement shall automatically renew beyond the Initial Term for successive one (I) year terms (each, a ""Renewal Term""), unless a Party provides the other with written notice of termination at least one hundred eighty (180) days prior to the expiration of the Initial Term or the then-current Renewal Term.",Notices,1,Terms,9,0.9998041279300376,False,CUAD_external,multinomial_nb,CUAD,VitalibisInc_20180316_8-K_EX-10.2_11100168_EX-10.2_Hosting Agreement,cuad_334_0_6_0,Notice Period To Terminate Renewal,Notices,310,50
"Unless this Agreement is terminated pursuant to Section 25, this Agreement will automatically renew for additional successive [***] terms (each a ""Renewal Term"" and together with the Initial Term, the ""Term"") unless and until either Party provides written notice of non-renewal to the other Party at least [***] prior to the end of the then-current Term.",Notices,1,Terms,9,0.9997891841894616,False,CUAD_external,multinomial_nb,CUAD,"PHREESIA,INC_05_28_2019-EX-10.18-STRATEGIC ALLIANCE AGREEMENT",cuad_253_0_6_0,Notice Period To Terminate Renewal,Notices,354,56
"The term of this Agreement is three years from and including the date of this Agreement (the ""Initial Term""), with automatic renewal for additional successive one-year terms (each a ""Renewal Term"" and together wit the Initial Term, the ""Term"") unless no later than [* * *] days prior to the end of the Initial Term, or any Renewal Term either party notifies the other that it wishes to terminate this Agreement effective the end of the Initial Term or that Renewal Term, as applicable.",Notices,1,Terms,9,0.9997598198774543,False,CUAD_external,multinomial_nb,CUAD,"VAPOTHERM, INC. - Manufacturing and Supply Agreement",cuad_194_0_6_0,Notice Period To Terminate Renewal,Notices,485,84
"This Agreement will automatically renew at the end of the Initial Term or a subsequent renewal term on a year to year basis (each, a ""Renewal Term""), unless either party notifies the other at least 30 days prior to the end of the Initial Term or then current Renewal Term, as applicable, of its intention not to renew this Agreement.",Notices,1,Terms,9,0.9997008549708297,False,CUAD_external,multinomial_nb,CUAD,PaperexchangeComInc_20000322_S-1A_EX-10.4_5202103_EX-10.4_Co-Branding Agreement,cuad_322_0_6_0,Notice Period To Terminate Renewal,Notices,333,60
"This contract shall remain in effect initially for the five (5) year term (""Initial Term"") from the date signed and shall be automatically extended for one (1) year periods after the Initial Term (""Renewal Term"") unless (i) either party provides written notice of its intention not to renew the Agreement within 180 days prior to any Renewal Term; or (ii) this Agreement is otherwise terminated pursuant to the terms of this Section 12.",Notices,1,Terms,9,0.999696860529923,False,CUAD_external,multinomial_nb,CUAD,SmartRxSystemsInc_20180914_1-A_EX1A-6 MAT CTRCT_11351705_EX1A-6 MAT CTRCT_Distributor Agreement,cuad_311_0_6_0,Notice Period To Terminate Renewal,Notices,436,73
"This Agreement will automatically renew at the end of the Initial Term or a subsequent renewal term on a year to year basis (each, a ""Renewal Term""), unless either Party notifies the other at least 30 days prior to the end of the Initial Term or then current Renewal Term, as applicable, of its intention not to renew this Agreement (a ""Termination Notice"").",Notices,1,Terms,9,0.9996721968539177,False,CUAD_external,multinomial_nb,CUAD,NeoformaInc_19991202_S-1A_EX-10.26_5224521_EX-10.26_Co-Branding Agreement,cuad_211_0_6_0,Notice Period To Terminate Renewal,Notices,358,63
"This Agreement shall continue in effect from the Effective Date for a one (1) year period, unless earlier terminated as set forth below, and thereafter shall renew automatically for successive one (1) year periods unless either party gives the other party at least thirty (30) days prior written notice of its intent not to renew the Agreement.",Notices,1,Terms,9,0.9996677377357116,False,CUAD_external,multinomial_nb,CUAD,WEBHELPCOMINC_03_22_2000-EX-10.8-HOSTING AGREEMENT,cuad_81_0_6_0,Notice Period To Terminate Renewal,Notices,344,57
"Upon expiration of the Initial Term, this Agreement shall automatically renew for consecutive one (1) year periods, unless terminated by Reseller within sixty (60) days prior to the expiration of the Initial Term or any renewal term, as the case may be (the Initial Term and each renewal term, collectively, the ""Term"").",Notices,1,Terms,9,0.9996459945797608,False,CUAD_external,multinomial_nb,CUAD,DIVERSINETCORP_03_01_2012-EX-4-RESELLER AGREEMENT,cuad_279_0_6_0,Notice Period To Terminate Renewal,Notices,320,52
The initial term of this Agreement and any renewal term thereof shall be automatically extended at the end of the initial term and any renewal term thereof for an additional one (1) year period unless either Party notifies the other Party not less than six (6) months before the end of the then in effect term of its intent to terminate this Agreement,Notices,1,Terms,9,0.9995524271472006,False,CUAD_external,multinomial_nb,CUAD,RitterPharmaceuticalsInc_20200313_S-4A_EX-10.54_12055220_EX-10.54_Development Agreement,cuad_149_0_6_0,Notice Period To Terminate Renewal,Notices,351,63
"This Agreement shall become effective when it shall have been executed by all parties and upon receipt of all counterparts hereof that, when taken together, bear the signatures of each of the other parties hereto.",Terms,9,Counterparts,2,0.9995025012667181,False,CUAD_external,multinomial_nb,CUAD,"HEMISPHERX - Sales, Marketing, Distribution, and Supply Agreement",cuad_183_0_3_0,Effective Date,Terms,213,35
"This Agreement will automatically renew for successive one year terms (each a ""Renewal Term"", and together with the Initial Term, the ""Term""), unless either Charterer or Owner elects not to renew this Agreement by providing the other party with written notice of such election 30 days prior to the expiration of the Initial Term or Renewal Term, as applicable, at which point this Agreement will automatically terminate.",Notices,1,Terms,9,0.9994840599856465,False,CUAD_external,multinomial_nb,CUAD,MARTINMIDSTREAMPARTNERSLP_01_23_2004-EX-10.3-TRANSPORTATION SERVICES AGREEMENT,cuad_116_0_6_0,Notice Period To Terminate Renewal,Notices,420,67
"Following the Initial Term, the Agreement shall automatically be renewed for additional periods of **** (each, a ""Renewal Term,"" and, together with the Initial Term, the ""Term"")), unless a Party provides written notification of non-renewal to the other Party at least **** of the Initial Term or a Renewal Term.",Notices,1,Terms,9,0.9993922406453069,False,CUAD_external,multinomial_nb,CUAD,KitovPharmaLtd_20190326_20-F_EX-4.15_11584449_EX-4.15_Manufacturing Agreement,cuad_381_0_6_0,Notice Period To Terminate Renewal,Notices,311,50
"Upon expiration of the Initial Term of this Agreement, this Agreement will automatically renew for additional, successive five (5) year periods unless either Party provides the other Party written notice of its desire to terminate at least one hundred twenty (120) days prior to the end of the Initial Term or any renewal.",Notices,1,Terms,9,0.9993376719318418,False,CUAD_external,multinomial_nb,CUAD,WaterNowInc_20191120_10-Q_EX-10.12_11900227_EX-10.12_Distributor Agreement,cuad_458_0_6_0,Notice Period To Terminate Renewal,Notices,322,53
"This agreement shall automatically renew for additional successive terms of twelve (12) months each at the end of the Initial Term (""Renewal Terms""), unless either party notifies the other in writing at least sixty (60) days prior to the end of the Initial Term.",Notices,1,Terms,9,0.9993238482495408,False,CUAD_external,multinomial_nb,CUAD,EdietsComInc_20001030_10QSB_EX-10.4_2606646_EX-10.4_Co-Branding Agreement,cuad_180_0_6_0,Notice Period To Terminate Renewal,Notices,262,44
"Following the Initial Term, this Agreement shall automatically renew for successive terms of six (6) months (each a ""Renewal Term"", and together with the Initial Term, the ""Term"") unless written notice is given by either Party no later than thirty (30) days in advance of the expiration of the Initial Term or the applicable Renewal Term.",Notices,1,Terms,9,0.9993005939883265,False,CUAD_external,multinomial_nb,CUAD,XpresspaGroupInc_20190401_10-K_EX-10.28_11599457_EX-10.28_Marketing Agreement,cuad_410_0_6_0,Notice Period To Terminate Renewal,Notices,338,56
"Thereafter, at the end of each renewal term, the Agreement shall renew for an additional two (2) years unless one party provides the other party with prior written notice of non-renewal at least sixty (60) days prior to the expiration of the then-current term.",Notices,1,Terms,9,0.9992184901266808,False,CUAD_external,multinomial_nb,CUAD,TodosMedicalLtd_20190328_20-F_EX-4.10_11587157_EX-4.10_Marketing Agreement_ Reseller Agreement,cuad_100_0_6_0,Notice Period To Terminate Renewal,Notices,260,44
"Upon expiration of the Initial Term, unless written notice to the contrary is provided by one party to the other party at least 30 days prior to the expiration of the then-current term, this Agreement shall be renewed for additional, successive periods of one (1) year each (each a ""Renewal"" and together with the Initial Term, collectively, the ""Term"").",Notices,1,Terms,9,0.9992044590573819,False,CUAD_external,multinomial_nb,CUAD,"VIRTUALSCOPICS,INC_11_12_2010-EX-10.1-STRATEGIC ALLIANCE AGREEMENT",cuad_439_0_6_0,Notice Period To Terminate Renewal,Notices,354,59
The Agreement shall automatically renew for successive one year additional terms unless terminated by either party at least six months prior to the expiration of the then-current term.,Notices,1,Terms,9,0.9987847066013708,False,CUAD_external,multinomial_nb,CUAD,RandWorldwideInc_20010402_8-KA_EX-10.2_2102464_EX-10.2_Co-Branding Agreement,cuad_286_0_6_0,Notice Period To Terminate Renewal,Notices,184,28
"Unless terminated prior to the natural expiration of the Initial Term, upon the expiry of the Initial Term this Agreement shall automatically renew for successive terms of the same duration, unless either party gives written notice to the other of such party's desire not to renew not less than ninety (90) days prior to the date of the expiration of the Initial Term or any successive term thereafter.",Notices,1,Terms,9,0.9987268123822104,False,CUAD_external,multinomial_nb,CUAD,AURASYSTEMSINC_06_16_2010-EX-10.25-STRATEGIC ALLIANCE AGREEMENT,cuad_298_0_6_0,Notice Period To Terminate Renewal,Notices,402,68
"This agreement begins on the Commencement Date and, subject to clause 11.2, shall continue for an initial term of one (1) years (Initial Term) and indefinitely after that until terminated by either party giving at least twelve (12) months' prior written notice to expire on or after the expiry date of the initial term.",Notices,1,Terms,9,0.9986447522292392,False,CUAD_external,multinomial_nb,CUAD,FuseMedicalInc_20190321_10-K_EX-10.43_11575454_EX-10.43_Distributor Agreement,cuad_67_0_6_0,Notice Period To Terminate Renewal,Notices,319,54
"Thereafter, the agreement shall automatically renew for successive five (5)-year terms, unless either Party gives written notice to the other Party of intent not to renew at least six (6) months prior to the expiration of the then-current Term.",Notices,1,Terms,9,0.9984625301986388,False,CUAD_external,multinomial_nb,CUAD,GpaqAcquisitionHoldingsInc_20200123_S-4A_EX-10.6_11951677_EX-10.6_License Agreement,cuad_146_0_6_0,Notice Period To Terminate Renewal,Notices,244,39
"This Agreement will automatically renew for up to two (2) renewal terms of five (5) years each (each, an ""Extension Period"") unless either Party provides the other Party with written notice of its intent to terminate this Agreement at least six (6) months prior to the end of the Initial Term or the then current Extension Period.",Notices,1,Terms,9,0.998458589769497,False,CUAD_external,multinomial_nb,CUAD,MPLXLP_06_17_2015-EX-10.1-TRANSPORTATION SERVICES AGREEMENT,cuad_232_0_6_0,Notice Period To Terminate Renewal,Notices,330,57
"In accordance with items 9.3, 9.4, and 10.3, this Contract shall come into force on the Effective Date, remain effective throughout the Initial Term, and be prolonged, or further extended automatically for a period of 12 months, each such extension commencing at the end of the last day of the Initial Term or the relevant anniversary thereof, unless either Party serves written notice of termination on the other Party at least 65 days prior to the end of the Initial Term, or any subsequent extension.",Notices,1,Terms,9,0.9984274234880124,False,CUAD_external,multinomial_nb,CUAD,CHAPARRALRESOURCESINC_03_30_2000-EX-10.66-TRANSPORTATION CONTRACT,cuad_296_0_6_0,Notice Period To Terminate Renewal,Notices,503,85
This Agreement shall automatically renew for consecutive one (1) year terms at XIMAGE's then prevailing rates at the end of each one (1) year term unless either party gives at least sixty (60) days prior written notice of the non-renewal of this Agreement.,Notices,1,Terms,9,0.9984249758431739,False,CUAD_external,multinomial_nb,CUAD,IMAGEWARESYSTEMSINC_12_20_1999-EX-10.22-MAINTENANCE AGREEMENT,cuad_472_0_6_0,Notice Period To Terminate Renewal,Notices,256,43
This Agreement shall commence on the Effective Date and shall be valid for a period of five (5) years with automatic renewal of one year thereafter until terminated,Notices,1,Terms,9,0.9983235449185548,False,CUAD_external,multinomial_nb,CUAD,Apollo Endosurgery - Manufacturing and Supply Agreement,cuad_224_0_6_1,Notice Period To Terminate Renewal,Notices,164,28
"At the end of such initial term, and any renewed term, as applicable, this Agreement shall automatically renew for an additional one (1) year term, unless a party provides written notice to the other parties at least six (6) months prior to the end of the",Notices,1,Terms,9,0.9983234653426578,False,CUAD_external,multinomial_nb,CUAD,MOELIS_CO_03_24_2014-EX-10.19-STRATEGIC ALLIANCE AGREEMENT,cuad_450_0_6_1,Notice Period To Terminate Renewal,Notices,255,46
"Upon the expiration of the Term, the Term shall automatically extend for successive 12-month periods until one Party terminates the Agreement by providing at least 180 days prior written notice to the other Party prior to the expiration of the then-current term or unless sooner terminated in accordance with the terms of this Agreement.",Notices,1,Terms,9,0.9983153523087496,False,CUAD_external,multinomial_nb,CUAD,LiquidmetalTechnologiesInc_20200205_8-K_EX-10.1_11968198_EX-10.1_Development Agreement,cuad_444_0_6_1,Notice Period To Terminate Renewal,Notices,337,54
"The Agreement shall automatically renew for successive one (1) year terms (each a ""Renewal Term"") unless either party provides the other party written notification of its intent to terminate the Agreement no later than sixty (60) days prior to the end of the then applicable term.",Notices,1,Terms,9,0.9982541063229189,False,CUAD_external,multinomial_nb,CUAD,IpassInc_20181203_8-K_EX-99.1_11445874_EX-99.1_Reseller Agreement,cuad_299_0_6_0,Notice Period To Terminate Renewal,Notices,280,46
"This Agreement shall be automatically renewed for additional successive one (1) year periods, unless written notice of non-renewal is received no later than six (6) months prior to the expiration of the then current term.",Notices,1,Terms,9,0.9982330793436963,False,CUAD_external,multinomial_nb,CUAD,"Sonos, Inc. - Manufacturing Agreement",cuad_192_0_6_0,Notice Period To Terminate Renewal,Notices,221,35
"Thereafter, this Agreement shall automatically renew for subsequent one (1) year periods unless either party provides the other party with written notification at least thirty (30) days prior to the expiration of the initial five (5) year term or any one (1) year renewal thereof of its intention to terminate this Agreement.",Notices,1,Terms,9,0.9981397916130759,False,CUAD_external,multinomial_nb,CUAD,CORIOINC_07_20_2000-EX-10.5-LICENSE AND HOSTING AGREEMENT,cuad_31_0_6_0,Notice Period To Terminate Renewal,Notices,325,52
"The Initial Term shall automatically renew for one-month periods thereafter unless either party provides 30- days advance notice of termination, unless earlier terminated pursuant to Section 2.2 hereof.",Notices,1,Terms,9,0.9981180385675579,False,CUAD_external,multinomial_nb,CUAD,HfEnterprisesInc_20191223_S-1_EX-10.22_11931299_EX-10.22_Development Agreement,cuad_433_0_6_0,Notice Period To Terminate Renewal,Notices,202,28
The Term shall automatically renew thereafter for successive 5-year terms unless either party provides prior written notice of termination not less than 90 days prior to the end of such five-year term.,Notices,1,Terms,9,0.9979756363038972,False,CUAD_external,multinomial_nb,CUAD,LegacyEducationAllianceInc_20200330_10-K_EX-10.18_12090678_EX-10.18_Development Agreement,cuad_52_0_6_0,Notice Period To Terminate Renewal,Notices,201,32
"After the Initial Term (including any extension thereto made in accordance with the preceding sentence), the Agreement may be extended on a yearly basis up to ten (10) years at Vericel's sole discretion, with renewal notice to be provided to MediWound no later than twelve (12) months prior to the expiry of any yearly extension (the ""Renewal Term"", and the Initial Term, together with the Renewal Term, if any, the ""Term""); provided that unless otherwise agreed by the Parties, the Term of this Agreement (including the Initial Term, any extension of the Initial Term and any Renewal Terms) shall be no more than fifteen (15) years in total.",Notices,1,Terms,9,0.9978617248241287,False,CUAD_external,multinomial_nb,CUAD,VERICELCORP_08_06_2019-EX-10.10-SUPPLY AGREEMENT,cuad_54_0_6_0,Notice Period To Terminate Renewal,Notices,642,108
"This Agreement shall automatically continue following the Initial Term, for an additional period of three (3) years, unless a party to this Agreement provides written notice of termination to the other parties at least sixty (60) days prior to the expiration of the Initial Term or this Agreement (""Extended Term"" and, with the Initial Term, ""Term"").",Notices,1,Terms,9,0.997792930934942,False,CUAD_external,multinomial_nb,CUAD,TomOnlineInc_20060501_20-F_EX-4.46_749700_EX-4.46_Co-Branding Agreement,cuad_185_0_6_0,Notice Period To Terminate Renewal,Notices,350,56
"The Services Term of this Agreement shall be automatically renewed for successive two-year terms thereafter unless written notice is given by either party to the other, indicating that party's intention not to renew the Services Term of this Agreement, at least ninety (90) days prior to the end of the initial Services Term or any renewed Services Term.",Notices,1,Terms,9,0.9976254675677146,False,CUAD_external,multinomial_nb,CUAD,EmeraldHealthBioceuticalsInc_20200218_1-A_EX1A-6 MAT CTRCT_11987205_EX1A-6 MAT CTRCT_Development Agreement,cuad_360_0_6_0,Notice Period To Terminate Renewal,Notices,354,58
"Subject to the other provisions contained herein, this AGREEMENT shall be for a term of thirty (30) years from the Effective Date, which shall automatically renew from year-to-year thereafter unless terminated by a Party upon sixty (60) days' written notice after the end of the term.",Notices,1,Terms,9,0.9976218948843749,False,CUAD_external,multinomial_nb,CUAD,STWRESOURCESHOLDINGCORP_08_06_2014-EX-10.1-COOPERATION AGREEMENT,cuad_123_0_6_0,Notice Period To Terminate Renewal,Notices,284,46
"The term of this Agreement shall be for one (1) year commencing on the Effective Date and automatically renewing annually thereafter, unless either party provides a thirty-day notice of written termination one to the other (""Term"").",Notices,1,Terms,9,0.9976093524650296,False,CUAD_external,multinomial_nb,CUAD,EcoScienceSolutionsInc_20171117_8-K_EX-10.1_10956472_EX-10.1_Endorsement Agreement,cuad_156_0_6_0,Notice Period To Terminate Renewal,Notices,232,36
"Unless either party gives the other at least ninety days' prior written notice that it has elected not to extend the term of this Agreement beyond December 31, 1998, the term of this Agreement will be automatically extended until December 31, 1999.",Notices,1,Terms,9,0.9973859689499697,False,CUAD_external,multinomial_nb,CUAD,SYKESHEALTHPLANSERVICESINC_04_24_1998-EX-10.14-OUTSOURCING AGREEMENT,cuad_391_0_6_1,Notice Period To Terminate Renewal,Notices,248,42
"Following the Term, this Supply Agreement shall automatically renew for successive periods of one (1) year (each a ""Renewal Term""), unless a Party delivers written notice of non-renewal to the other Party [***] prior to the end of the applicable term.",Notices,1,Terms,9,0.9972573876013779,False,CUAD_external,multinomial_nb,CUAD,FUSIONPHARMACEUTICALSINC_06_05_2020-EX-10.17-Supply Agreement - FUSION,cuad_143_0_6_0,Notice Period To Terminate Renewal,Notices,251,41
"This Agreement shall be automatically renewed for additional extended terms each of two (2) years duration unless either party notifies the other in writing of its intention not to renew the Agreement, such notification to be provided at least ninety (90) days prior to the expiration of the then in-effect term.",Notices,1,Terms,9,0.9966552391958933,False,CUAD_external,multinomial_nb,CUAD,MidwestEnergyEmissionsCorp_20080604_8-K_EX-10.2_3093976_EX-10.2_Content License Agreement,cuad_500_0_6_0,Notice Period To Terminate Renewal,Notices,312,51
"This agreement shall renew automatically each year thereafter, unless either party serves written notice of its intention not to renew, on the other at least 90 days prior to the expiration of the then current term of this agreement.",Notices,1,Terms,9,0.9966000069844906,False,CUAD_external,multinomial_nb,CUAD,BOLIVARMININGCORP_05_23_2003-EX-2.1-VISP WEB SITE BUILDING AND HOSTING AGREEMENT,cuad_303_0_6_0,Notice Period To Terminate Renewal,Notices,233,39
This Agreement shall automatically renew for successive one-year terms unless one party gives the other party written notice of non-renewal at least six months prior to automatic renewal.,Notices,1,Terms,9,0.9965301519667894,False,CUAD_external,multinomial_nb,CUAD,NATIONALPROCESSINGINC_07_18_1996-EX-10.4-SPONSORSHIP AGREEMENT,cuad_392_0_6_0,Notice Period To Terminate Renewal,Notices,187,28
"This Agreement shall be effective until the earlier of (a) its termination in accordance with the provisions of this Article 14 or (b) the date that is two (2) years after the date of this Agreement; provided, however, that this Agreement will renew automatically for successive terms of one (1) year each unless a party to this Agreement delivers written notice of termination to the other party to this Agreement at least sixty (60) days prior to the end of the original or any renewal term or the parties to this Agreement do not agree in writing to the Quota Amount referred to in subsection 14.2(b)(1) for any one (1) year renewal term at least sixty (60) days prior to the commencement of such term.",Notices,1,Terms,9,0.9965285476437344,False,CUAD_external,multinomial_nb,CUAD,NEONSYSTEMSINC_03_01_1999-EX-10.5-DISTRIBUTOR AGREEMENT_New,cuad_340_0_6_0,Notice Period To Terminate Renewal,Notices,705,125
The Agreement will be automatically renewed for additional one (1) year terms (subject to applicable fee adjustments) unless thirty (30) days prior to the anniversary of the Effective Date Licensee gives written notice to XACCT of its intention not to renew.,Notices,1,Terms,9,0.9962958555325218,False,CUAD_external,multinomial_nb,CUAD,"XACCT Technologies, Inc.SUPPORT AND MAINTENANCE AGREEMENT",cuad_222_0_6_0,Notice Period To Terminate Renewal,Notices,258,41
The Initial Term shall automatically be extended for an additional period of half a year unless either party provides the other party with written notification of termination of the letter Agreement at least 60 days prior to end of such period.,Notices,1,Terms,9,0.9962906771143534,False,CUAD_external,multinomial_nb,CUAD,DataCallTechnologies_20060918_SB-2A_EX-10.9_944510_EX-10.9_Content License Agreement,cuad_158_0_6_0,Notice Period To Terminate Renewal,Notices,244,41
"After the Initial Term, this Agreement will be automatically renewed for successive additional 3~year periods (""Extension Terms""), unless otherwise terminated by either party by giving notice to the other party not less than sixty (60) days prior to the end of a Term.",Notices,1,Terms,9,0.9962426196878555,False,CUAD_external,multinomial_nb,CUAD,PacificapEntertainmentHoldingsInc_20051115_8-KA_EX-1.01_4300894_EX-1.01_Content License Agreement,cuad_112_0_6_0,Notice Period To Terminate Renewal,Notices,268,43
"Unless Customer notifies Metavante of its intent not to renew this Agreement in writing within a period of three (3) months following the Renewal Notice, this Agreement shall automatically renew at the end of the Initial Term on the same terms (including pricing terms) for one (1) twelve-month period.",Notices,1,Terms,9,0.9962154791629607,False,CUAD_external,multinomial_nb,CUAD,OFGBANCORP_03_28_2007-EX-10.23-OUTSOURCING AGREEMENT,cuad_348_0_6_0,Notice Period To Terminate Renewal,Notices,302,49
"The term of this Agreement is twelve (12) months from the date hereof, and will be automatically renewed for one (1) additional twelve month period unless either party shall notify the other in writing of its intention not to renew. Such notice must be given ninety (90) days prior to expiration of the original term.",Notices,1,Terms,9,0.9962117489683204,False,CUAD_external,multinomial_nb,CUAD,"SIBANNAC,INC_12_04_2017-EX-2.1-Strategic Alliance Agreement",cuad_19_0_6_0,Notice Period To Terminate Renewal,Notices,317,55
"Unless either party gives written notice of termination of this Agreement at least 60 days prior to the end of the Initial Term, or any successive three-year term, this Agreement shall automatically renew for successive additional three-year terms; provided, however, that this Agreement shall automatically terminate upon the dissolution of the client.",Notices,1,Terms,9,0.9960996389535482,False,CUAD_external,multinomial_nb,CUAD,BLACKSTONEGSOLONG-SHORTCREDITINCOMEFUND_05_11_2020-EX-99.(K)(1)-SERVICE AGREEMENT,cuad_385_0_6_0,Notice Period To Terminate Renewal,Notices,353,52
This agreement shall automatically renew for successive six (6) month periods unless written notice is provided of either party's intent not to renew at least six (6) months before the end of the then-current term.,Notices,1,Terms,9,0.9958125091262445,False,CUAD_external,multinomial_nb,CUAD,CCAINDUSTRIESINC_04_14_2014-EX-10.1-OUTSOURCING AGREEMENT,cuad_266_0_6_0,Notice Period To Terminate Renewal,Notices,214,35
"This Agreement shall be automatically renewed for an additional one year period on each anniversary of the Effective Date, unless terminated by either Party hereto upon ninety (90) days written notice to the other.",Notices,1,Terms,9,0.9957793911068075,False,CUAD_external,multinomial_nb,CUAD,AMERICASSHOPPINGMALLINC_12_10_1999-EX-10.2-SITE DEVELOPMENT AND HOSTING AGREEMENT,cuad_157_0_6_0,Notice Period To Terminate Renewal,Notices,214,34
This Agreement shall renew automatically thereafter for successive one year periods until terminated pursuant to Section 12 herein or unless either Client or TrueLink deliver to the other written notice of intent not to renew no later than thirty (30) days prior to the end of said year.,Notices,1,Terms,9,0.9957556481344393,False,CUAD_external,multinomial_nb,CUAD,BNCMORTGAGEINC_05_17_1999-EX-10.4-LICENSING AND WEB SITE HOSTING AGREEMENT,cuad_37_0_6_0,Notice Period To Terminate Renewal,Notices,287,48
"This Agreement shall commence on the Effective Date and continue in full force and effect until the end of the fifteenth (15th) Contract Year, and shall continue in full force and effect thereafter until terminated by either Party by providing thirty (30) calendar days' prior written notice of termination to the other Party (such fifteen (15) Contract Year period, as may be further extended as provided herein is referred to as the ""Term"").",Notices,1,Terms,9,0.9957480280921435,False,CUAD_external,multinomial_nb,CUAD,PenntexMidstreamPartnersLp_20150416_S-1A_EX-10.4_9042833_EX-10.4_Transportation Agreement,cuad_98_0_6_0,Notice Period To Terminate Renewal,Notices,443,73
"Upon the expiration of such term, this Agreement will renew automatically for successive terms of one (1) year each unless either party to this Agreement delivers written notice of termination to the other party to this Agreement at least sixty (60) days prior to the end of the original or any renewal term.",Notices,1,Terms,9,0.9955011124575865,False,CUAD_external,multinomial_nb,CUAD,NEONSYSTEMSINC_03_01_1999-EX-10.5-DISTRIBUTOR AGREEMENT_Amendment,cuad_89_0_6_0,Notice Period To Terminate Renewal,Notices,308,53
"Thereafter, this Agreement shall be renewed automatically on a five (5) year basis, unless one party notifies the other of its desire to terminate this Agreement at least sixty 90 days prior to the expiration of the Initial Term or then current renewal term, as applicable, or unless a new Agreement is signed between the USA MCO and IMedicor which will then invalidate this Agreement.",Notices,1,Terms,9,0.9946540564098384,False,CUAD_external,multinomial_nb,CUAD,ICORECONNECTINC_10_13_2010-EX-7.1-Strategic Alliance Agreement,cuad_434_0_6_0,Notice Period To Terminate Renewal,Notices,385,65
"Unless either party gives written notice to terminate this Agreement at least six (6) months prior to the end of said Initial Term, this Agreement shall continue on a year to year basis (""Extended Term(s)"") until terminated by either party by giving written notice of termination thereof to the other party at least six (6) months prior to the end of the then current Extended Term.",Notices,1,Terms,9,0.9943257403285755,False,CUAD_external,multinomial_nb,CUAD,BNLFINANCIALCORP_03_30_2007-EX-10.8-OUTSOURCING AGREEMENT,cuad_337_0_6_0,Notice Period To Terminate Renewal,Notices,382,66
This Agreement shall be automatically renewed for successive one year periods unless either party gives written notice of termination to the other party at least thirty (30) days prior to the date of expiration.,Notices,1,Terms,9,0.9940021780752797,False,CUAD_external,multinomial_nb,CUAD,"COOLTECHNOLOGIES,INC_10_25_2017-EX-10.71-Strategic Alliance Agreement",cuad_407_0_6_0,Notice Period To Terminate Renewal,Notices,211,34
"Unless sooner terminated in accordance with the provisions hereof, the initial term of this Agreement (""Initial Term"") will be ten (10) years from the Effective Date, provided that at any time following the 7th anniversary of such date, either party may terminate such strategic alliance upon not less than 60 days' prior written notice to the other party.",Terminations,10,Terms,9,0.9936737545638414,False,CUAD_external,multinomial_nb,CUAD,REWALKROBOTICSLTD_07_10_2014-EX-10.2-STRATEGIC ALLIANCE AGREEMENT,cuad_97_0_15_1,Termination For Convenience,Terminations,356,58
"This Agreement shall automatically be renewed for successive one (1) year increments unless either party request in writing, at least ninety (90) days prior to the anniversary date, that this Agreement not to be renewed.",Notices,1,Terms,9,0.9918163646770547,False,CUAD_external,multinomial_nb,CUAD,InmodeLtd_20190729_F-1A_EX-10.9_11743243_EX-10.9_Manufacturing Agreement,cuad_140_0_6_0,Notice Period To Terminate Renewal,Notices,220,35
"This Agreement is effective as of the Effective Date and will expire in accordance with Section 2.1, unless, upon the occurrence of any of the following events, this Agreement is earlier terminated in accordance with this Section 18.1: a) Customer delivers written notice of termination to Supplier at least [* * *] prior to the expiration date of the Initial Term, which termination shall be effective as of the expiration date of the Initial Term; b) either Party delivers written notice of termination to the other Party at least [* * *] prior to the expiration date of the Renewal Term, which termination shall be effective as of the expiration date of the Renewal Term;",Notices,1,Terms,9,0.9914970328117387,False,CUAD_external,multinomial_nb,CUAD,ParatekPharmaceuticalsInc_20170505_10-KA_EX-10.29_10323872_EX-10.29_Outsourcing Agreement,cuad_478_0_6_0,Notice Period To Terminate Renewal,Notices,674,115
"Subject to the other provisions of this Agreement, the term of this Agreement shall commence on the Effective Date and shall remain in effect until terminated by either Party upon thirty (30) days' prior written notice.",Notices,1,Terms,9,0.9914277496198997,False,CUAD_external,multinomial_nb,CUAD,ENERGYXXILTD_05_08_2015-EX-10.13-Transportation AGREEMENT,cuad_151_0_6_0,Notice Period To Terminate Renewal,Notices,219,36
"Subject to the other provisions of this Agreement, the term of this Agreement shall commence on the Effective Date and shall remain in effect until terminated by either Party upon thirty (30) days' prior written notice.",Terminations,10,Terms,9,0.9914277496198997,False,CUAD_external,multinomial_nb,CUAD,ENERGYXXILTD_05_08_2015-EX-10.13-Transportation AGREEMENT,cuad_151_0_15_0,Termination For Convenience,Terminations,219,36
"any Renewal Term, by serving written notice of such termination on the other party at least ninety (90) days prior to the end of the Initial Term or any Renewal Term as the case may be.",Notices,1,Terms,9,0.9905940532058185,False,CUAD_external,multinomial_nb,CUAD,HYPERIONSOFTWARECORP_09_28_1994-EX-10.47-EXCLUSIVE DISTRIBUTOR AGREEMENT,cuad_198_0_6_2,Notice Period To Terminate Renewal,Notices,185,36
"This Agreement may be renewed for additional periods of one (1) year (each such additional period, a ""Renewal Term"") unless either Party provides notice of nonrenewal upon not less than [***] prior written notice to the other Party.",Notices,1,Terms,9,0.9898721919410313,False,CUAD_external,multinomial_nb,CUAD,"Magenta Therapeutics, Inc. - Master Development and Manufacturing Agreement",cuad_168_0_6_0,Notice Period To Terminate Renewal,Notices,232,38
The term of this Agreement shall be two (2) years from the Effective Date with automatic annual renewals thereafter provided either party does not provide sixty (60) days notice of termination prior to the renewal date or the Agreement is not otherwise terminated as set forth in Section 8.,Notices,1,Terms,9,0.9897053076256811,False,CUAD_external,multinomial_nb,CUAD,"LEGACYTECHNOLOGYHOLDINGS,INC_12_09_2005-EX-10.2-DISTRIBUTOR AGREEMENT",cuad_262_0_6_0,Notice Period To Terminate Renewal,Notices,290,49
"Customer, upon thirty days prior written notice, may cancel this Agreement at the end of the Initial Term and thereafter on each anniversary of the end of the Initial Term.",Notices,1,Terms,9,0.9894852345037651,False,CUAD_external,multinomial_nb,CUAD,TRIZETTOGROUPINC_08_18_1999-EX-10.17-TECHNICAL INFRASTRUCTURE MAINTENANCE AGREEMENT,cuad_328_0_6_0,Notice Period To Terminate Renewal,Notices,172,30
This Agreement will renew automatically thereafter for successive one-year terms unless and until one Party gives notification of termination with at least sixty (60) days written notice.,Notices,1,Terms,9,0.9891773839736013,False,CUAD_external,multinomial_nb,CUAD,"Zounds Hearing, Inc. - MANUFACTURING DESIGN MARKETING AGREEMENT",cuad_47_0_6_0,Notice Period To Terminate Renewal,Notices,187,27
"Notwithstanding the foregoing, this Agreement can be terminated by EKR at the end of the Initial Term by delivery of written notice to PPI at least one hundred eighty (180) days prior to the end of the Initial Term or any renewal term.",Notices,1,Terms,9,0.9890223587403236,False,CUAD_external,multinomial_nb,CUAD,"PACIRA PHARMACEUTICALS, INC. - A_R STRATEGIC LICENSING, DISTRIBUTION AND MARKETING AGREEMENT",cuad_9_0_6_0,Notice Period To Terminate Renewal,Notices,235,43
"If Affiliate fails to notify Network of its desire that this Agreement terminate on its expiration date, at least six (6) months before the expiration date, this Agreement will automatically renew, upon the same terms and conditions, for an additional four (4) -year period (""Renewal Term"").",Notices,1,Terms,9,0.9887150165698017,False,CUAD_external,multinomial_nb,CUAD,TubeMediaCorp_20060310_8-K_EX-10.1_513921_EX-10.1_Affiliate Agreement,cuad_490_0_6_0,Notice Period To Terminate Renewal,Notices,291,46
"This contract shall be for a term of one year commencing on the date first above written; thereafter, it shall automatically continue until terminated by either party upon not less than thirty (30) days prior written notice to the other party.",Notices,1,Terms,9,0.9884720756585097,False,CUAD_external,multinomial_nb,CUAD,ENTERPRISEPRODUCTSPARTNERSLP_07_08_1998-EX-10.3-TRANSPORTATION CONTRACT,cuad_422_0_6_0,Notice Period To Terminate Renewal,Notices,243,41
"This contract shall be for a term of one year commencing on the date first above written; thereafter, it shall automatically continue until terminated by either party upon not less than thirty (30) days prior written notice to the other party.",Terminations,10,Terms,9,0.9884720756585097,False,CUAD_external,multinomial_nb,CUAD,ENTERPRISEPRODUCTSPARTNERSLP_07_08_1998-EX-10.3-TRANSPORTATION CONTRACT,cuad_422_0_15_0,Termination For Convenience,Terminations,243,41
"This Agreement shall be subject to an automatic extension for consecutive one (1) year periods thereafter (each, an ""Extension Term"" and together with the Initial Term, the ""Term""), unless terminated (i) in accordance with its terms or (ii) upon thirty (30) days' written notice by either Party to the other Party.",Notices,1,Terms,9,0.9883263782711538,False,CUAD_external,multinomial_nb,CUAD,"SPIENERGYCO,LTD_03_09_2011-EX-99.5-OPERATIONS AND MAINTENANCE AGREEMENT",cuad_483_0_6_0,Notice Period To Terminate Renewal,Notices,314,51
"This Agreement shall continue in force for a term of twelve (12) months from the Effective Date, unless terminated earlier under the provisions of this Article 8 (the ""Term""); PROVIDED that TouchStar shall have the right to terminate this Agreement at any time after the Effective Date upon not less than fifteen (15) days' prior written notice to Reseller.",Terminations,10,Terms,9,0.987735823869195,False,CUAD_external,multinomial_nb,CUAD,WORLDWIDESTRATEGIESINC_11_02_2005-EX-10-RESELLER AGREEMENT,cuad_57_0_15_0,Termination For Convenience,Terminations,357,59
"Thereafter this Agreement will automatically be renewed for successive additional periods of one year, unless either party gives notice of cancellation on or before October 1 of any such year.",Notices,1,Terms,9,0.9871067437560241,False,CUAD_external,multinomial_nb,CUAD,SYKESHEALTHPLANSERVICESINC_04_24_1998-EX-10.14-OUTSOURCING AGREEMENT,cuad_391_0_6_0,Notice Period To Terminate Renewal,Notices,192,30
"Each Insurance Subsidiary is in compliance with and conducts its businesses in conformity with all applicable insurance laws and regulations of its respective jurisdiction of incorporation and the insurance laws and regulations of other jurisdictions which are applicable to it, in each case with such exceptions as would not have, individually or in the aggregate, a Material Adverse Effect.",Insurances,11,Compliance With Laws,17,0.9867039570268125,False,CUAD_external,multinomial_nb,CUAD,"MetLife, Inc. - Remarketing Agreement",cuad_10_0_38_2,Insurance,Insurances,392,59
This Agreement will automatically be renewed for periods of twelve (12) months unless either Party gives six (6) months written notice of its intent to terminate this Agreement.,Notices,1,Terms,9,0.9788139823637064,False,CUAD_external,multinomial_nb,CUAD,MANUFACTURERSSERVICESLTD_06_05_2000-EX-10.14-OUTSOURCING AGREEMENT,cuad_443_0_6_0,Notice Period To Terminate Renewal,Notices,177,28
"A Facility Addendum may be extended for up to three (3) additional periods of twelve (12) months (each, an ""Extension Period"") by written notice given by Customer to Manufacturer not less than twelve (12) months prior to the expiration of the Initial Term or the applicable Extension Period, as the case may be.",Notices,1,Terms,9,0.9782386802991476,False,CUAD_external,multinomial_nb,CUAD,UpjohnInc_20200121_10-12G_EX-2.6_11948692_EX-2.6_Manufacturing Agreement_ Supply Agreement,cuad_71_0_6_0,Notice Period To Terminate Renewal,Notices,311,53
Each Service Option Attachment will renew automatically for an additional term equal in duration to the previous term of the applicable Service Option Attachment unless either party notifies the other party in writing at least ninety (90) days prior to the end of the then-current term for the applicable Service Option Attachment that it has elected to terminate such Service Option Attachment.,Notices,1,Terms,9,0.974673055589766,False,CUAD_external,multinomial_nb,CUAD,BLUEFLYINC_03_27_2002-EX-10.27-e-business Hosting Agreement,cuad_441_0_6_0,Notice Period To Terminate Renewal,Notices,395,62
This Agreement will extend automatically for monthly periods unless either party to this Agreement notifies the other party in writing at least thirty (30) days before the expiration of the then current term.,Notices,1,Terms,9,0.9740731146885908,False,CUAD_external,multinomial_nb,CUAD,UAGHINC_04_14_2004-EX-10.18-MAINTENANCE AGREEMENT,cuad_331_0_6_0,Notice Period To Terminate Renewal,Notices,208,33
We shall give you written notice of our election not to renew the franchise at least three (3) months prior to the expiration of the initial or first renewal term of this Agreement.,Notices,1,Terms,9,0.9736063666888882,False,CUAD_external,multinomial_nb,CUAD,BUFFALOWILDWINGSINC_06_05_1998-EX-10.3-FRANCHISE AGREEMENT,cuad_199_0_6_0,Notice Period To Terminate Renewal,Notices,181,33
This Attachment will automatically be renewed for periods of six (6) months unless either party gives twelve (12) months written notice of its intent to terminate this Agreement.,Notices,1,Terms,9,0.9727580162520673,False,CUAD_external,multinomial_nb,CUAD,MANUFACTURERSSERVICESLTD_06_05_2000-EX-10.14-OUTSOURCING AGREEMENT,cuad_443_0_6_1,Notice Period To Terminate Renewal,Notices,178,28
"After the initial period of two years, the maintenance and support contract shall be automatically renewed for a period of one year on each renewal date, unless one of the parties terminates the maintenance and support contract through written notification to the other party in the form of a registered letter with proof of receipt, at least six (6) weeks prior to the renewal date.",Notices,1,Terms,9,0.9707318562775074,False,CUAD_external,multinomial_nb,CUAD,SLOVAKWIRELESSFINANCECOBV_03_28_2001-EX-4.(B)(II).3-Maintenance and support contract for SICAP(R) modules,cuad_125_0_6_0,Notice Period To Terminate Renewal,Notices,383,65
"This JSMA will be terminated as of the end of the Term or any Renewal Term, by either Party giving written notice of non-renewal to the other Party no less than 120 prior to the applicable expiry date (the ""Termination Period"").",Notices,1,Terms,9,0.9685431782673561,False,CUAD_external,multinomial_nb,CUAD,VertexEnergyInc_20200113_8-K_EX-10.1_11943624_EX-10.1_Marketing Agreement,cuad_496_0_6_0,Notice Period To Terminate Renewal,Notices,228,41
"The policy shall provide for ten (10) days notice to the AS Parties from the insurer by Registered or Certified Mail, return receipt requested, in the event of any modification, cancellation, or termination thereof.",Insurances,11,Notices,1,0.9679627414441381,False,CUAD_external,multinomial_nb,CUAD,MusclepharmCorp_20170208_10-KA_EX-10.38_9893581_EX-10.38_Co-Branding Agreement,cuad_355_0_38_2,Insurance,Insurances,215,34
"""Distribution Term"" means the period commencing on the first Regulatory Approval of the Product in the Territory and continuing until [***], or if this Agreement is terminated earlier pursuant to Article 12, the effective date of such termination.",Terminations,10,Terms,9,0.9659158869236475,False,CUAD_external,multinomial_nb,CUAD,ZogenixInc_20190509_10-Q_EX-10.2_11663313_EX-10.2_Distributor Agreement,cuad_216_0_15_1,Termination For Convenience,Terminations,247,38
"Thereafter, this agreement will renew automatically from year to year unless cancelled in writing by either Party giving the other written notice of such cancellation a minimum of 60 days before the end of the then current term.",Notices,1,Terms,9,0.9619524784724115,False,CUAD_external,multinomial_nb,CUAD,ASIANDRAGONGROUPINC_08_11_2005-EX-10.5-Reseller Agreement,cuad_442_0_6_0,Notice Period To Terminate Renewal,Notices,228,38
"Upon expiry of the Initial Term, this Agreement [*****] unless a Notice of non-renewal is given by either Party to the other Party [*****] prior to the expiry of the Initial Term or the end of a renewal period, if any.",Notices,1,Terms,9,0.9608114158264378,False,CUAD_external,multinomial_nb,CUAD,AzulSa_20170303_F-1A_EX-10.3_9943903_EX-10.3_Maintenance Agreement1,cuad_86_0_6_0,Notice Period To Terminate Renewal,Notices,218,41
"Thereafter, this Agreement shall automatically continue in effect until either party gives the other at least six (6) months prior written notice of termination.",Notices,1,Terms,9,0.9606706915190684,False,CUAD_external,multinomial_nb,CUAD,"IPAYMENT,INC_05_14_2007-EX-10.1-SPONSORSHIP AGREEMENT",cuad_323_0_6_0,Notice Period To Terminate Renewal,Notices,161,24
"This agreement will be automatically renewed at the end of every ten (10) year term, with each subsequent term of renewal being for a ten (10) year term. A six (6) months notice must be given by either party of their intention to terminate relations due to any reason other than breach of this agreement.",Notices,1,Terms,9,0.9603463830072525,False,CUAD_external,multinomial_nb,CUAD,AgapeAtpCorp_20191202_10-KA_EX-10.1_11911128_EX-10.1_Supply Agreement,cuad_219_0_6_0,Notice Period To Terminate Renewal,Notices,304,55
This Agreement shall automatically be renewed for one (1) or more one (1) month periods unless either the Customer or i-on gives notice to the other party of its intention not to renew the,Notices,1,Terms,9,0.9565622789120474,False,CUAD_external,multinomial_nb,CUAD,CENTRACKINTERNATIONALINC_10_29_1999-EX-10.3-WEB SITE HOSTING AGREEMENT,cuad_3_0_6_0,Notice Period To Terminate Renewal,Notices,188,34
The term of this Agreement shall commence on the Effective Date and shall end on the 60th day following a written notice from one party to the other of its decision to terminate this Agreement at the end of such 60-day period or upon termination of the applicable Distribution Agreement with respect to a Fund.,Terminations,10,Terms,9,0.9508295824650663,False,CUAD_external,multinomial_nb,CUAD,CcRealEstateIncomeFundadv_20181205_POS 8C_EX-99.(H)(3)_11447739_EX-99.(H)(3)_Marketing Agreement,cuad_503_0_15_0,Termination For Convenience,Terminations,310,55
"After the Initial Term, this Agreement shall continue on a month to month basis until terminated by either party upon thirty (30) days prior written notice to the other setting forth the effective date of such termination.",Notices,1,Terms,9,0.944756010506545,False,CUAD_external,multinomial_nb,CUAD,"FTENETWORKS,INC_02_18_2016-EX-99.4-STRATEGIC ALLIANCE AGREEMENT",cuad_11_0_6_0,Notice Period To Terminate Renewal,Notices,222,37
"After the Initial Term, this Agreement shall continue on a month to month basis until terminated by either party upon thirty (30) days prior written notice to the other setting forth the effective date of such termination.",Terminations,10,Terms,9,0.944756010506545,False,CUAD_external,multinomial_nb,CUAD,"FTENETWORKS,INC_02_18_2016-EX-99.4-STRATEGIC ALLIANCE AGREEMENT",cuad_11_0_15_0,Termination For Convenience,Terminations,222,37
"The Term will automatically renew for successive additional periods of one (1) year each, provided that: (a) Distributor has made all Guaranteed Minimum Purchases and has complied with the marketing requirements under paragraph 4.1(b); (b) the parties have agreed in writing upon the Guaranteed Minimum Purchase amounts and Product price discounts for the next subsequent one (1) year renewal period; (c) neither party provided the other party with notice of such party's intention not to renew this Agreement at least thirty (30) days prior to any year's Expiration Date; and (d) neither party provided the other party with such notice as may be required pursuant to paragraphs 5.2, 5.3 or 5.4.",Notices,1,Terms,9,0.9436606943086913,False,CUAD_external,multinomial_nb,CUAD,EUROPEANMICROHOLDINGSINC_03_06_1998-EX-10.6-DISTRIBUTOR AGREEMENT,cuad_379_0_6_0,Notice Period To Terminate Renewal,Notices,695,111
"This Agreement shall commence on the Effective Date and shall remain in full force and effect until one (1) year subsequent to the Effective Date, provided however, that Tickets may terminate this Agreement for any reason upon thirty (30) days' notice to MP3. com at any time prior to the expiration of sixty (60) days subsequent to the Effective Date.",Terminations,10,Terms,9,0.9417321541654373,False,CUAD_external,multinomial_nb,CUAD,TICKETSCOMINC_06_22_1999-EX-10.22-SPONSORSHIP AGREEMENT,cuad_346_0_15_0,Termination For Convenience,Terminations,352,60
Either Party may terminate this Agreement for any reason upon providing 180 days prior written notice to the other Party prior to the expiration of the then-current term or unless sooner terminated in accordance with the terms of this Agreement.,Notices,1,Terms,9,0.9394471233929385,False,CUAD_external,multinomial_nb,CUAD,LiquidmetalTechnologiesInc_20200205_8-K_EX-10.1_11968198_EX-10.1_Development Agreement,cuad_444_0_6_0,Notice Period To Terminate Renewal,Notices,245,40
Either Party may terminate this Agreement for any reason upon providing 180 days prior written notice to the other Party prior to the expiration of the then-current term or unless sooner terminated in accordance with the terms of this Agreement.,Terminations,10,Terms,9,0.9394471233929385,False,CUAD_external,multinomial_nb,CUAD,LiquidmetalTechnologiesInc_20200205_8-K_EX-10.1_11968198_EX-10.1_Development Agreement,cuad_444_0_15_0,Termination For Convenience,Terminations,245,40
This Agreement will automatically renew for successive one-year terms unless terminated by either party by providing the other with 30 days written notice that this Agreement will not be renewed or Affiliate enters into a Processing agreement with Network 1 and an ISO Sponsorship agreement with Harris Bank in which case this Agreement will automatically terminate concurrent with the execution of such agreements.,Notices,1,Terms,9,0.9330144151083535,False,CUAD_external,multinomial_nb,CUAD,UsioInc_20040428_SB-2_EX-10.11_1723988_EX-10.11_Affiliate Agreement 2,cuad_165_0_6_0,Notice Period To Terminate Renewal,Notices,415,63
"This JV Agreement shall become effective on the signing date and shall have a duration of * years, extendable for a further * years, unless notice of non- renewal is sent one year before the natural expiry date.",Notices,1,Terms,9,0.9292315851115519,False,CUAD_external,multinomial_nb,CUAD,"KIROMICBIOPHARMA,INC_04_08_2020-EX-10.28-JOINT VENTURE AGREEMENT",cuad_487_0_6_0,Notice Period To Terminate Renewal,Notices,211,38
This Agreement shall become effective on the Effective Date and shall continue in effect until either Party informs the other Party with thirty (30) day prior written notice of termination of this Agreement.,Terminations,10,Terms,9,0.9246079004551343,False,CUAD_external,multinomial_nb,CUAD,UnionDentalHoldingsInc_20050204_8-KA_EX-10_3345577_EX-10_Affiliate Agreement,cuad_419_0_15_0,Termination For Convenience,Terminations,207,33
"This Agreement shall terminate upon the earliest to occur of: (i) the date on which the aggregate Required Capital Contributions paid by the Investor, and received by the Borrowers, in accordance with the terms of this Agreement equal $5,000,000; (ii) the Release Date (as defined in Section 19) or (iii) payment in full, in cash, of all Obligations and the termination of the Financing Agreement; provided, however, that this Agreement shall continue to be effective, or be reinstated, as the case may be, if at any time the aggregate Required Capital Contributions paid by the Investor, and received by the Borrowers, in accordance with the terms of this Agreement is less than $5,000,000 and any payment, or any part thereof, on account of any of the Obligations is invalidated, declared to be fraudulent or preferential, set aside, rescinded or must otherwise be restored or returned by the Agent or the Lenders upon the insolvency, bankruptcy, liquidation, dissolution or reorganization of any Borrower or upon or as a result of the appointment of a receiver, intervenor or conservator of, or trustee or similar officer for any Borrower, or any substantial part of its property, or otherwise, all as though such payment had not been made.",Terms,9,Terminations,10,0.9191154003193917,False,CUAD_external,multinomial_nb,CUAD,SUNTRONCORP_05_17_2006-EX-10.22-MAINTENANCE AGREEMENT,cuad_482_0_4_0,Expiration Date,Terms,1243,204
"In addition to your obligations under Section 15.7 above, on the first anniversary of the Effective Date, and on each subsequent anniversary of the Effective Date,",Insurances,11,Terms,9,0.9131009913041854,False,CUAD_external,multinomial_nb,CUAD,"GOOSEHEADINSURANCE,INC_04_02_2018-EX-10.6-Franchise Agreement",cuad_470_0_38_15,Insurance,Insurances,163,26
"Such policy shall provide, in addition to other protection, protection against any and all claims, demands, and causes of action arising out of any act, omission, negligence or otherwise giving rise to a third party claim.",Insurances,11,Indemnifications,18,0.904766730174892,False,CUAD_external,multinomial_nb,CUAD,"HERTZGLOBALHOLDINGS,INC_07_07_2016-EX-10.4-INTELLECTUAL PROPERTY AGREEMENT",cuad_28_0_38_2,Insurance,Insurances,222,36
by either party with one (1) year written notice prior to the expiration of the initial period or any extension period thereof.,Notices,1,Terms,9,0.9031891591136036,False,CUAD_external,multinomial_nb,CUAD,Apollo Endosurgery - Manufacturing and Supply Agreement,cuad_224_0_6_0,Notice Period To Terminate Renewal,Notices,127,22
The Agreement may be terminated by both Parties with a notification period of *** before the end of the Initial Term of the Agreement.,Terminations,10,Terms,9,0.9025161153124104,False,CUAD_external,multinomial_nb,CUAD,PareteumCorp_20081001_8-K_EX-99.1_2654808_EX-99.1_Hosting Agreement,cuad_176_0_15_0,Termination For Convenience,Terminations,134,24
"In the event that either party does not give such notice, the term of this Agreement shall be automatically renewed for another one (1) year.",Notices,1,Terms,9,0.8997007412227571,False,CUAD_external,multinomial_nb,CUAD,2ThemartComInc_19990826_10-12G_EX-10.10_6700288_EX-10.10_Co-Branding Agreement_ Agency Agreement,cuad_449_0_6_1,Notice Period To Terminate Renewal,Notices,141,25
"This Agreement shall terminate (a) at the option of any party, upon 90 days' advance written notice to the other parties hereto; or (b) in the event of a material breach that has not been cured within ten days following a written notice of breach to the breaching party.",Terms,9,Terminations,10,0.8987012802024503,False,CUAD_external,multinomial_nb,CUAD,TALCOTTRESOLUTIONLIFEINSURANCECO-SEPARATEACCOUNTTWELVE_04_30_2020-EX-99.8(L)-SERVICE AGREEMENT,cuad_455_0_4_0,Expiration Date,Terms,270,49
"Unless earlier terminated as provided in this Agreement, upon the expiration of the Support Period, this Agreement shall immediately and automatically terminate in its entirety and no Party shall have any further rights or obligations under this Agreement; provided, however, (i) that this Section 8 shall survive any such termination and (ii) no Party shall be released from any breach of this Agreement that occurred prior to the termination of this Agreement.",Terms,9,Terminations,10,0.8932464654195743,False,CUAD_external,multinomial_nb,CUAD,"ELFBEAUTY,INC_07_02_2020-EX-10.1-COOPERATION AGREEMENT",cuad_127_0_4_0,Expiration Date,Terms,462,72
"This Agreement shall be in effect until March 18. 2021, unless sooner terminated by either party upon (30) days written notice, without cause.",Terminations,10,Terms,9,0.8903214708667738,False,CUAD_external,multinomial_nb,CUAD,PrecheckHealthServicesInc_20200320_8-K_EX-99.2_12070169_EX-99.2_Distributor Agreement,cuad_101_0_15_0,Termination For Convenience,Terminations,142,23
The Term will be 3 years from Effective Date with an automatic 2 year term extensions unless otherwise advised by one of the Parties.,Notices,1,Terms,9,0.8880439251376028,False,CUAD_external,multinomial_nb,CUAD,"HEMISPHERX - Sales, Marketing, Distribution, and Supply Agreement",cuad_183_0_6_0,Notice Period To Terminate Renewal,Notices,133,24
"If the Launch Date has not occurred by August 31, 1999, Sponsor shall, in its sole discretion, be entitled to terminate this Agreement without any liability and receive a full refund of all amounts paid by Sponsor to drkoop.com pursuant to this Agreement prior to the date of such termination.",Terms,9,Terminations,10,0.8864245748278712,False,CUAD_external,multinomial_nb,CUAD,DRKOOPCOMINC_04_21_1999-EX-10.28-SPONSORSHIP AGREEMENT,cuad_462_0_4_1,Expiration Date,Terms,293,50
"This Agreement may not be waived, amended or assigned without an agreed written and signed document, signed by both Parties.",Assignments,7,Amendments,5,0.8699269576044093,False,CUAD_external,multinomial_nb,CUAD,"GRIDIRONBIONUTRIENTS,INC_02_05_2020-EX-10.3-SUPPLY AGREEMENT",cuad_169_0_18_0,Anti-Assignment,Assignments,124,20
This Agreement may not be modified or assigned except in writing signed by SRP and Logan's.,Assignments,7,Amendments,5,0.8543271758557971,False,CUAD_external,multinomial_nb,CUAD,LOGANSROADHOUSEINC_03_27_1998-EX-10.17-SPONSORSHIP AGREEMENT,cuad_233_0_18_0,Anti-Assignment,Assignments,91,16
"The Professional agrees to maintain at all times during the Term such insurance, including without limitation, health insurance, workers' compensation, automobile and general comprehensive liability coverage, as will protect and hold harmless the Company from any claims, losses, damages, costs, expenses or liability arising out of the Services performed under this Agreement.",Insurances,11,Indemnifications,18,0.8484303766202503,False,CUAD_external,multinomial_nb,CUAD,WOMENSGOLFUNLIMITEDINC_03_29_2000-EX-10.13-ENDORSEMENT AGREEMENT,cuad_292_0_38_1,Insurance,Insurances,377,52
"Unless earlier terminated as provided in this Agreement, upon the expiration of the Support Period in accordance with Section 4, this Agreement shall immediately and automatically terminate in its entirety and no Party shall have any further rights or obligations under this Agreement; provided, however, no Party shall be released from any breach of this Agreement that occurred prior to the termination of this Agreement.",Terms,9,Terminations,10,0.8481859509714519,False,CUAD_external,multinomial_nb,CUAD,"SPOKHOLDINGS,INC_06_19_2020-EX-10.1-COOPERATION AGREEMENT",cuad_204_0_4_0,Expiration Date,Terms,423,65
Pretzel Time shall notify Franchisee of the nonrenewal not less than six (6) months prior to the expiration of the term of this Agreement.,Notices,1,Terms,9,0.8459486999319784,False,CUAD_external,multinomial_nb,CUAD,MRSFIELDSORIGINALCOOKIESINC_01_29_1998-EX-10-FRANCHISE AGREEMENT,cuad_162_0_6_0,Notice Period To Terminate Renewal,Notices,138,24
"Either party may cancel this Agreement effective on the last day of the Initial Term, or",Notices,1,Terms,9,0.8452248921080154,False,CUAD_external,multinomial_nb,CUAD,HYPERIONSOFTWARECORP_09_28_1994-EX-10.47-EXCLUSIVE DISTRIBUTOR AGREEMENT,cuad_198_0_6_1,Notice Period To Terminate Renewal,Notices,88,16
A party wishing to renew this Agreement shall give the other party notice thereof no less than thirty (30) days before the expiration of the term then in effect.,Notices,1,Terms,9,0.8449571425184267,False,CUAD_external,multinomial_nb,CUAD,2ThemartComInc_19990826_10-12G_EX-10.10_6700288_EX-10.10_Co-Branding Agreement_ Agency Agreement,cuad_449_0_6_0,Notice Period To Terminate Renewal,Notices,161,29
WGT giving Distributor ninety (90) days' advance written notice of termination at any time after the expiration of the Initial Term.,Terminations,10,Terms,9,0.8440418426235283,False,CUAD_external,multinomial_nb,CUAD,EUROPEANMICROHOLDINGSINC_03_06_1998-EX-10.6-DISTRIBUTOR AGREEMENT,cuad_379_0_15_1,Termination For Convenience,Terminations,132,21
"ENERGOUS may, at any time after the third anniversary of the Effective Date, terminate this Agreement with or without cause upon not less than one hundred and eighty (180) days prior written notice to DIALOG.",Terminations,10,Terms,9,0.8371754246243842,False,CUAD_external,multinomial_nb,CUAD,ENERGOUSCORP_03_16_2017-EX-10.24-STRATEGIC ALLIANCE AGREEMENT,cuad_38_0_15_0,Termination For Convenience,Terminations,208,35
"The sum of the Quarterly Grant Numbers in each calendar year of the Term shall not exceed fifteen thousand (15,000). The options will expire five (5) years after each grant date.",Assignments,7,Terms,9,0.8186858450629048,False,CUAD_external,multinomial_nb,CUAD,WOMENSGOLFUNLIMITEDINC_03_29_2000-EX-10.13-ENDORSEMENT AGREEMENT,cuad_292_0_18_0,Anti-Assignment,Assignments,178,31
"If Capital Resources elects to terminate this Agreement as provided in this section, the Company and the Association shall be notified as provided in Section 13 hereof, promptly by Capital Resources by telephone or telegram, confirmed by letter.",Terminations,10,Notices,1,0.7982388641007196,False,CUAD_external,multinomial_nb,CUAD,AFSALABANCORPINC_08_01_1996-EX-1.1-AGENCY AGREEMENT,cuad_259_0_15_2,Termination For Convenience,Terminations,245,38
This Agreement may be terminated by either party at the expiration of its term or any renewal term upon thirty (30) days written notice to the other party.,Notices,1,Terms,9,0.7976753536299956,False,CUAD_external,multinomial_nb,CUAD,CybergyHoldingsInc_20140520_10-Q_EX-10.27_8605784_EX-10.27_Affiliate Agreement,cuad_374_0_6_0,Notice Period To Terminate Renewal,Notices,155,28
"Agreement, which notice must be given not less than fifteen (15) days before the end of the respective initial or renewal term.",Notices,1,Terms,9,0.7872398762574896,False,CUAD_external,multinomial_nb,CUAD,CENTRACKINTERNATIONALINC_10_29_1999-EX-10.3-WEB SITE HOSTING AGREEMENT,cuad_3_0_6_1,Notice Period To Terminate Renewal,Notices,127,22
"This Agreement shall commence on the Effective Date and, unless terminated earlier pursuant to Section 3.2 or 3.3 of this Agreement, shall continue until the twentieth (20th) anniversary of the Effective Date; provided, however, (i) Operator shall have the right to terminate this Agreement at any time upon no less than 120 days prior written notice to Owner, if Operator provides a substitute operator acceptable to Owner, as determined in its reasonable discretion, who (A) has experience operating similar assets, (B) has the ability to provide at least the same quality of service as Operator, (C) has the financial ability to perform the obligations hereunder, and (D) is ready, willing and able to execute an operation and maintenance agreement substantially similar to this Agreement and acceptable to Owner, as determined in its reasonable discretion, and (ii) Owner shall have the right to terminate this Agreement at any time upon no less than 120 days prior written notice to Operator.",Terminations,10,Terms,9,0.7820432818177089,False,CUAD_external,multinomial_nb,CUAD,SANDRIDGEENERGYINC_08_06_2009-EX-10.6-OPERATIONS AND MAINTENANCE AGREEMENT,cuad_430_0_15_0,Termination For Convenience,Terminations,997,159
This Agreement will terminate upon the earlier of: (i) the conclusion of the Standstill Period or (ii) delivery of written notice by one Party to the other Party of a material breach of this Agreement by the breaching Party that is uncured after ten (10) calendar days of notice of such breach.,Terms,9,Terminations,10,0.7754785763326103,False,CUAD_external,multinomial_nb,CUAD,"HC2HOLDINGS,INC_05_14_2020-EX-10.1-COOPERATION AGREEMENT",cuad_405_0_4_0,Expiration Date,Terms,294,52
"By either Vendor or Distributor, upon written notice of termination of this Agreement no later than ninety (90) calendar days prior to the expiration of the relevant Term, then in effect;",Notices,1,Terms,9,0.752451683357651,False,CUAD_external,multinomial_nb,CUAD,ENTERTAINMENTGAMINGASIAINC_02_15_2005-EX-10.5-DISTRIBUTOR AGREEMENT,cuad_167_0_6_0,Notice Period To Terminate Renewal,Notices,187,31
"AIG shall have the absolute right to terminate this Agreement upon thirty (30) days' prior written notice to the Company, which notice shall state the effective date of termination (the ""Termination Date""); provided, however, that AIG agrees not to terminate this Agreement unless (a) AIG significantly modifies the",Notices,1,Terminations,10,0.7489287008187392,False,CUAD_external,multinomial_nb,CUAD,VARIABLESEPARATEACCOUNT_04_30_2014-EX-13.C-UNCONDITIONAL CAPITAL MAINTENANCE AGREEMENT,cuad_74_0_6_0,Notice Period To Terminate Renewal,Notices,315,48
"All policies shall be renewed, and a renewal Certificate of Insurance mailed to BKC at its main office, or at such other location as may be specified by BKC prior to the expiration date of the policies.",Insurances,11,Notices,1,0.7386960903652421,False,CUAD_external,multinomial_nb,CUAD,INTERNATIONALFASTFOODCORP_04_04_1997-EX-99-FRANCHISE AGREEMENT,cuad_82_0_38_4,Insurance,Insurances,202,37
"At any time that there is no uncompleted Statement of Work outstanding, either party may terminate this Agreement for any or no reason upon fifteen (15) days advance notice to the other.",Terms,9,Terminations,10,0.7367337736096067,False,CUAD_external,multinomial_nb,CUAD,MERITLIFEINSURANCECO_06_19_2020-EX-10.(XIV)-MASTER SERVICES AGREEMENT,cuad_506_0_4_1,Expiration Date,Terms,186,32
"Notwithstanding the foregoing, if, at the expiry of this Agreement following the Initial Term or the Renewal Term (if any), as applicable, Licensor and Rogers have not executed a new agreement governing the VOD distribution and exhibition of Licensed Programs and Rogers (or its permitted assigns) continues to distribute and exhibit Licensed Programs on the ROD Service following such expiry, such continued distribution and exhibition shall be governed by the terms of this Agreement in effect at the time of expiry, except that each of Licensor and Rogers shall have the right, on sixty (60) days' prior written notice, to terminate this Agreement, as so extended.",Notices,1,Terms,9,0.7309148992850596,False,CUAD_external,multinomial_nb,CUAD,EuromediaHoldingsCorp_20070215_10SB12G_EX-10.B(01)_525118_EX-10.B(01)_Content License Agreement,cuad_191_0_6_0,Notice Period To Terminate Renewal,Notices,667,106
"This Agreement sets forth the entire Agreement of the parties hereto, and any and all prior agreements, to the extent inconsistent herewith, are hereby superseded. This Agreement will be governed by the laws of the State of Pennsylvania.",Governing Laws,0,Entire Agreements,3,0.7302409596182542,False,CUAD_external,multinomial_nb,CUAD,PrudentialBancorpInc_20170606_8-K_EX-10.4_10474434_EX-10.4_Endorsement Agreement,cuad_416_0_7_0,Governing Law,Governing Laws,237,38
This Agreement has been duly executed as of the date first set forth above and shall be effective simultaneously.,Terms,9,Notices,1,0.7252801131993403,False,CUAD_external,multinomial_nb,CUAD,JINGWEIINTERNATIONALLTD_10_04_2007-EX-10.7-INTELLECTUAL PROPERTY AGREEMENT,cuad_159_0_3_0,Effective Date,Terms,113,19
Written notice of intention to withdraw must be served in writing upon the remaining Participants at least Thirty (30) business days prior to the withdrawal date.,Terminations,10,Notices,1,0.7247833775229626,False,CUAD_external,multinomial_nb,CUAD,"MJBIOTECH,INC_12_06_2018-EX-99.01-JOINT VENTURE AGREEMENT",cuad_225_0_15_0,Termination For Convenience,Terminations,162,26
"You further covenant and agree that, for a continuous period of two (2) years after (1) the expiration of this Agreement, (2) the non-renewal of this Agreement, (3) the termination of this Agreement, and/or (4) a transfer as contemplated in Section 16 above: 19.5.1 you will not directly or indirectly, for yourself, or through, on behalf of, or in conjunction with any person, firm, partnership, corporation, or other entity, sell, assign, lease, and/or transfer the Approved Location to any person, firm, partnership, corporation, or other entity that you know, or have reason to know, intends to operate a Competitive Business at the Approved Location; and 19.5.2 you will not solicit, divert, or attempt to solicit or divert any actual or potential business or customer of the Franchised Business to any Competitive Business. 19.5.3 You agree that, by the terms of any conveyance, selling, assigning, leasing or transferring your interest in the Approved Location, you shall include these restrictive covenants as necessary to ensure that a Competitive Business that would violate this Section is not operated at the Approved Location for this two-year period, and you will take all steps necessary to ensure that these restrictive covenants become a matter of public record.",Assignments,7,Confidentiality,15,0.7243708931223246,False,CUAD_external,multinomial_nb,CUAD,"GOOSEHEADINSURANCE,INC_04_02_2018-EX-10.6-Franchise Agreement",cuad_470_0_18_0,Anti-Assignment,Assignments,1279,202
effective as of the last date of signature on the signature pages below,Terms,9,Notices,1,0.7233640160556669,False,CUAD_external,multinomial_nb,CUAD,STWRESOURCESHOLDINGCORP_08_06_2014-EX-10.1-COOPERATION AGREEMENT,cuad_123_0_3_0,Effective Date,Terms,71,13
"Without limiting the generality of the foregoing, such policy shall provide protection against any and all claims, demands, and causes of action arising out of any defects or failure to perform, alleged or otherwise, of the Products and Licensed Products or any material used in connection therewith or any use thereof.",Insurances,11,Indemnifications,18,0.7222940601278695,False,CUAD_external,multinomial_nb,CUAD,MusclepharmCorp_20170208_10-KA_EX-10.38_9893581_EX-10.38_Co-Branding Agreement,cuad_355_0_38_1,Insurance,Insurances,319,51
"This Agreement shall automatically terminate at and as of (the first to occur of): (a) 12:00 midnight, New York City time, on the 30th day after the Effective Date (if Purchaser has not commenced the Offer, with the unanimous consent of the Sponsors, by then); (b) the expiration of the Offer (if the Offer is not consummated pursuant to the terms of the Offer), subject to any extension or subsequent offering period; and (c) the expiration of the Interim Period (if the Offer is consummated pursuant to the terms of the Offer), in any case, unless sooner terminated by unanimous written consent of the Participating Sponsors; provided, however, that any liability for failure to comply with this Agreement shall survive any such termination.",Terms,9,Terminations,10,0.7155557969994034,False,CUAD_external,multinomial_nb,CUAD,LOOKSMARTLTD_07_20_2012-EX-99.(D)(I)-SPONSORSHIP AGREEMENT,cuad_448_0_4_0,Expiration Date,Terms,743,123
"(c) at any time following the second (2nd) anniversary of the First Commercial Sale of the Licensed Product, for any reason or no reason, upon one hundred eighty (180) days' written notice to CytoDyn.",Terminations,10,Terms,9,0.713525526286349,False,CUAD_external,multinomial_nb,CUAD,CytodynInc_20200109_10-Q_EX-10.5_11941634_EX-10.5_License Agreement,cuad_39_0_15_0,Termination For Convenience,Terminations,200,34
"This Agreement is effective on the Effective Date and shah continue in effect until the earlier of (a) the fifth (5t h) anniversary of the Effective Date, and (b) termination by either Party for any reason upon thirty (30) days' written notice to the other Party; provided, however, that no Party shall be able to terminate this Agreement so long as such Party is a Defaulting Party under this Agreement.",Terminations,10,Terms,9,0.7125165192210046,False,CUAD_external,multinomial_nb,CUAD,LIGHTBRIDGECORP_11_23_2015-EX-10.26-STRATEGIC ALLIANCE AGREEMENT,cuad_196_0_15_0,Termination For Convenience,Terminations,404,70
Such insurance requirements shall be maintained during the Term and shall continue for a minimum of three years following termination of this Agreement.,Insurances,11,Terms,9,0.7107907163056638,False,CUAD_external,multinomial_nb,CUAD,CCAINDUSTRIESINC_04_14_2014-EX-10.1-OUTSOURCING AGREEMENT,cuad_266_0_38_2,Insurance,Insurances,152,23
"Thereafter, this Agreement shall be effective month to month, until terminated by Transporter or Shipper upon the following written notice to the other specifying a termination date: sixty (60) days for interruptible transportation under Rate Schedule ITS and 180 days for firm transportation under Rate Schedule FTS.",Notices,1,Terms,9,0.7098850099873097,False,CUAD_external,multinomial_nb,CUAD,ATMOSENERGYCORP_11_22_2002-EX-10.17-TRANSPORTATION SERVICE AGREEMENT,cuad_111_0_6_0,Notice Period To Terminate Renewal,Notices,317,47
"This Agreement shall terminate and, subject to the provisions set forth below, be of no further force or effect on the exercise by the Sponsor of its right to terminate this Agreement as provided in subsection 6.2, provided that, in any event, sections 3, 7 and 8 and, in the event that such termination occurs by virtue of paragraph 6.2(b), subsection 2.5 shall not terminate (except as set forth therein) and shall continue in full force and effect for the benefit of the Sponsor or the other parties to this Agreement, as the case may be.",Terms,9,Terminations,10,0.7028737946962473,False,CUAD_external,multinomial_nb,CUAD,SONUSCORP_03_12_1997-EX-10.11-SPONSORSHIP AGREEMENT,cuad_294_0_4_0,Expiration Date,Terms,541,96
"This Agreement shall terminate, subject to any automatic renewal or extension for one year as required by law, upon either party giving at least one hundred twenty (120) days advance written notice to the other, if not otherwise contrary to applicable law or this Agreement.",Notices,1,Terms,9,0.7014072872995967,False,CUAD_external,multinomial_nb,CUAD,AMERICANPHYSICIANSCAPITALINC_03_31_2003-EX-10.26-AGENCY AGREEMENT,cuad_105_0_6_0,Notice Period To Terminate Renewal,Notices,274,45
"This Agreement may be terminated subject to the following clauses: 1.1.1. By either Vendor or Distributor, upon written notice of termination of this Agreement no later than ninety (90) calendar days prior to the expiration of the relevant Term, then in effect;",Terminations,10,Terms,9,0.6950029215293952,False,CUAD_external,multinomial_nb,CUAD,ENTERTAINMENTGAMINGASIAINC_02_15_2005-EX-10.5-DISTRIBUTOR AGREEMENT,cuad_167_0_15_0,Termination For Convenience,Terminations,261,42
Either Party may terminate this Agreement for any reason following the Initial Term upon ninety (90) days written notice to the other Party.,Terminations,10,Terms,9,0.685644753052421,False,CUAD_external,multinomial_nb,CUAD,"KUBIENT,INC_07_02_2020-EX-10.14-MASTER SERVICES AGREEMENT_Part1",cuad_210_0_15_0,Termination For Convenience,Terminations,140,23
"To the extent not terminated previously by AIG pursuant to the foregoing, this Agreement will terminate automatically one year after the closing of any sale of the Company by AIG, and all provisions hereof will be of no further force and effect.",Terms,9,Terminations,10,0.6825508707843065,False,CUAD_external,multinomial_nb,CUAD,SEPARATEACCOUNTIIOFAGL_05_02_2011-EX-99.(J)(4)-UNCONDITIONAL CAPITAL MAINTENANCE AGREEMENT,cuad_63_0_4_0,Expiration Date,Terms,245,42
"Customer may terminate this Agreement during the Term upon at least one (1) years' written notice to M&I, provided that Customer pays M&I an early termination fee (""Termination for Convenience Fee"") in an amount equal to REDACTED of the Estimated Remaining Value.",Terminations,10,Terms,9,0.6792583532094691,False,CUAD_external,multinomial_nb,CUAD,TRICITYBANKSHARESCORP_05_15_1998-EX-10-OUTSOURCING AGREEMENT,cuad_400_0_15_1,Termination For Convenience,Terminations,263,42
"In the event of a claim under any such policies, Agent shall be responsible for the payment of all deductibles, retentions or self-insured amounts thereunder, unless it is determined that liability arose by reason of the willful misconduct or grossly negligent acts or omissions of Merchant or Merchant's employees, independent contractors or agents (other than Agent or Agent's employees, agents or independent contractors).",Insurances,11,Indemnifications,18,0.6761265752585982,False,CUAD_external,multinomial_nb,CUAD,BONTONSTORESINC_04_20_2018-EX-99.3-AGENCY AGREEMENT,cuad_21_0_38_2,Insurance,Insurances,425,63
Effective Date shall be the date of the last signature on the last page of this Agreement.,Terms,9,Notices,1,0.6742738081382289,False,CUAD_external,multinomial_nb,CUAD,NlsPharmaceuticsLtd_20200228_F-1_EX-10.14_12029046_EX-10.14_Development Agreement,cuad_437_0_3_0,Effective Date,Terms,90,17
"In the event of a claim under any such policies, Merchant shall be responsible for the payment of all deductibles, retentions or self- insured amounts thereunder (which may be reimbursed as an Expense and/or pursuant to the Wind-Down Payment, subject to the Wind-Down Budget and the Wind-Down Cap), unless it is determined that liability arose by reason of the willful misconduct or grossly negligent acts or omissions of Purchaser, or Purchaser's employees, independent contractors or agents.",Insurances,11,Indemnifications,18,0.6627856920007226,False,CUAD_external,multinomial_nb,CUAD,BONTONSTORESINC_04_20_2018-EX-99.3-AGENCY AGREEMENT,cuad_21_0_38_4,Insurance,Insurances,493,76
by providing written notice to the other Party at least sixty (60) calendar days prior to the effective date of such termination,Terminations,10,Terms,9,0.6605288063876489,False,CUAD_external,multinomial_nb,CUAD,AlliedEsportsEntertainmentInc_20190815_8-K_EX-10.34_11788308_EX-10.34_Sponsorship Agreement,cuad_124_0_15_1,Termination For Convenience,Terminations,128,22
"If MPL is in compliance with the terms and conditions of this Agreement, and Shipper decides to terminate this Agreement after the Effective Date but prior to the commencement of transportation service on the Pipeline, Shipper shall notify MPL of its decision to terminate within one hundred and eighty (180) days of the Project's in-service date to allow MPL the opportunity to provide Shipper's unwanted capacity to other interested shippers as Unsubscribed Capacity as set forth in Section 3.8.",Terminations,10,Terms,9,0.6600903075546041,False,CUAD_external,multinomial_nb,CUAD,MPLXLP_06_17_2015-EX-10.1-TRANSPORTATION SERVICES AGREEMENT,cuad_232_0_15_0,Termination For Convenience,Terminations,497,79
"Upon the occurrence of any of the following, WGT may terminate the Term by giving Distributor written notice of such termination for:",Assignments,7,Terminations,10,0.6561531124742551,False,CUAD_external,multinomial_nb,CUAD,EUROPEANMICROHOLDINGSINC_03_06_1998-EX-10.6-DISTRIBUTOR AGREEMENT,cuad_379_0_18_1,Anti-Assignment,Assignments,133,22
"Regardless of the term, Licensee can terminate Agreement with at least one hundred eighty (180) days written notice with no further obligation.",Terminations,10,Terms,9,0.6552979961963924,False,CUAD_external,multinomial_nb,CUAD,VitalibisInc_20180316_8-K_EX-10.2_11100168_EX-10.2_Hosting Agreement,cuad_334_0_15_0,Termination For Convenience,Terminations,143,22
"Customer may terminate this Agreement, or any portion of Services specified herein, for convenience by: providing at least sixty (60) days prior written notice to IBM; and paying the applicable early termination charges specified in Attachment C.",Terminations,10,Terms,9,0.6536368548087975,False,CUAD_external,multinomial_nb,CUAD,QuantumGroupIncFl_20090120_8-K_EX-99.2_3672910_EX-99.2_Hosting Agreement,cuad_250_0_15_0,Termination For Convenience,Terminations,246,37
"This Agreement may be terminated by either party for any reason or no reason, whether or not extended beyond the initial term, by giving the other party written notice ninety (90) days in advance.",Terminations,10,Terms,9,0.6508867358225363,False,CUAD_external,multinomial_nb,CUAD,ImineCorp_20180725_S-1_EX-10.5_11275970_EX-10.5_Distributor Agreement,cuad_265_0_15_0,Termination For Convenience,Terminations,196,34
"This Agreement shall terminate (i) the Business Day immediately following the Remarketing Settlement Date, (ii) at 5:00 p.m., New York City time, on the last date of the Remarketing if the Remarketing is not successful or (iii) on the effective date of the resignation or removal of the Remarketing Agent and the appointment of a new Remarketing Agent.",Terms,9,Notices,1,0.6486950149606803,False,CUAD_external,multinomial_nb,CUAD,"Reinsurance Group of America, Incorporated - A_R REMARKETING AGREEMENT",cuad_312_0_4_1,Expiration Date,Terms,352,58
"Licensee may terminate this Agreement for convenience upon eighteen (18) months' advance written notice to Bioeq; provided, however, that any such termination for convenience shall not become effective prior to twelve (12) months after the First Commercial Sale of the first Licensed Product.",Terminations,10,Terms,9,0.6480594462064563,False,CUAD_external,multinomial_nb,CUAD,CoherusBiosciencesInc_20200227_10-K_EX-10.29_12021376_EX-10.29_Development Agreement,cuad_277_0_15_0,Termination For Convenience,Terminations,292,43
This Agreement takes effect upon the signatures and seals of both Parties in triplicate.,Terms,9,Counterparts,2,0.6438993956559794,False,CUAD_external,multinomial_nb,CUAD,ZtoExpressCaymanInc_20160930_F-1_EX-10.10_9752871_EX-10.10_Transportation Agreement,cuad_446_0_3_0,Effective Date,Terms,88,14
Worker's Compensation Insurance which shall fully comply with the statutory requirements of all applicable state and federal laws.,Insurances,11,Compliance With Laws,17,0.6436099353779078,False,CUAD_external,multinomial_nb,CUAD,CardlyticsInc_20180112_S-1_EX-10.16_11002987_EX-10.16_Maintenance Agreement1,cuad_154_0_38_7,Insurance,Insurances,130,18
"Following expiry of the initial period described in Clause 15 above, DCL or SEV giving not less than six months notice in writing may terminate this Agreement.",Terminations,10,Terms,9,0.6408017601146567,False,CUAD_external,multinomial_nb,CUAD,SMITHELECTRICVEHICLESCORP_04_04_2012-EX-10.26-FLEET MAINTENANCE AGREEMENT,cuad_208_0_15_0,Termination For Convenience,Terminations,159,27
Either party hereto may terminate this Agreement after the Initial Period upon at least six (6) months' prior written notice to the other party thereof.,Terminations,10,Terms,9,0.6356597227261335,False,CUAD_external,multinomial_nb,CUAD,CCAINDUSTRIESINC_04_14_2014-EX-10.1-OUTSOURCING AGREEMENT,cuad_266_0_15_0,Termination For Convenience,Terminations,152,25
"After the date that is eighteen (18) months after the Effective Date, either Party may terminate this Agreement upon six (6) months prior written notice to the other Party.",Terminations,10,Terms,9,0.6321206755374873,False,CUAD_external,multinomial_nb,CUAD,ExactSciencesCorp_20180822_8-K_EX-10.1_11331629_EX-10.1_Promotion Agreement,cuad_245_0_15_0,Termination For Convenience,Terminations,172,29
"However, any Party may terminate its participation in this Agreement at the end of the Initial Period or at any time thereafter by giving at least one year's prior notice, in writing, to the other remaining Parties.",Terminations,10,Terms,9,0.6272817728623135,False,CUAD_external,multinomial_nb,CUAD,STARTECGLOBALCOMMUNICATIONSCORP_11_16_1998-EX-10.30-CONSTRUCTION AND MAINTENANCE AGREEMENT,cuad_326_0_15_0,Termination For Convenience,Terminations,215,37
the receipt of such Notice by the Repairer or any other lesser period to be granted by the Repairer.,Terminations,10,Notices,1,0.6256427778629636,False,CUAD_external,multinomial_nb,CUAD,AzulSa_20170303_F-1A_EX-10.3_9943903_EX-10.3_Maintenance Agreement1,cuad_86_0_15_0,Termination For Convenience,Terminations,100,19
"Notwithstanding any provision to the contrary in the Agreement, Licensor shall not subcontract or assign any of the Services that may require access to or the downloading or other use of Personal Information except with the prior written consent of Licensee or as required to be disclosed by a governmental agency or third party as expressly required by operation of law, regulation or court order.",Assignments,7,Confidentiality,15,0.6256310872636598,False,CUAD_external,multinomial_nb,CUAD,DIVERSINETCORP_03_01_2012-EX-4-RESELLER AGREEMENT,cuad_279_0_18_0,Anti-Assignment,Assignments,398,65
"as an insurance company in its respective jurisdiction of incorporation and is duly licensed or authorized as an insurer in each other jurisdiction where it is required to be so licensed or authorized to conduct its business, in each case with such exceptions as would not have, individually or in the aggregate, a Material Adverse Effect; except as otherwise described in the Disclosure Package, each Insurance Subsidiary has all other approvals, orders, consents, authorizations, licenses, certificates, permits, registrations and qualifications (collectively, the ""Approvals"") of and from all insurance regulatory authorities to conduct its business, with such exceptions as would not have, individually or in the aggregate, a Material Adverse Effect; there is no pending or, to the knowledge of the Company, threatened action, suit, proceeding or investigation that could reasonably be expected to lead to any revocation, termination or suspension of any such Approval, the revocation, termination or suspension of which would have, individually or in the aggregate, a Material Adverse Effect; and, to the knowledge of the Company, no insurance regulatory agency or body has issued any order or decree impairing, restricting or prohibiting the payment of dividends by any Insurance Subsidiary to its parent which would have, individually or in the aggregate, a Material Adverse Effect.",Insurances,11,Litigations,13,0.6245350385325456,False,CUAD_external,multinomial_nb,CUAD,"MetLife, Inc. - Remarketing Agreement",cuad_10_0_38_1,Insurance,Insurances,1389,208
"In the event that the Company desires to terminate the Agreement prior to the Termination Date, it shall provide AGI with at least 60 days prior written notice of its intention to terminate this Agreement and this Agreement shall so terminate following the expiration of this 60-day period, without any further responsibility by either Party except as provided in Section 5.",Terminations,10,Terms,9,0.6222490318009417,False,CUAD_external,multinomial_nb,CUAD,HOLIDAYRVSUPERSTORESINC_04_15_2002-EX-10.13-ENDORSEMENT AGREEMENT,cuad_291_0_15_0,Termination For Convenience,Terminations,374,61
"This Agreement will be effective beginning on 12:01 a.m., Eastern Time, on the day after the date of last signature to these Base Terms (""Effective Date"").",Terms,9,Notices,1,0.6213300238577786,False,CUAD_external,multinomial_nb,CUAD,QuantumGroupIncFl_20090120_8-K_EX-99.2_3672910_EX-99.2_Hosting Agreement,cuad_250_0_3_0,Effective Date,Terms,155,26
"The provisions of this Agreement, including the license rights provided in this Article III, shall not be terminable or revocable for any reason.",Terms,9,Survival,6,0.6193924254480713,False,CUAD_external,multinomial_nb,CUAD,"OTISWORLDWIDECORP_04_03_2020-EX-10.4-INTELLECTUAL PROPERTY AGREEMENT by and among UNITED TECHNOLOGIES CORPORATION, OTIS WORLDWIDE CORPORATION and CARRIER ~1",cuad_243_0_4_0,Expiration Date,Terms,145,23
(k) Upon the termination of the Service Agreement for any reason with one hundred eighty (180) days prior written notice to ISO;,Terminations,10,Terms,9,0.615700890984202,False,CUAD_external,multinomial_nb,CUAD,"IPAYMENT,INC_05_14_2007-EX-10.1-SPONSORSHIP AGREEMENT",cuad_323_0_15_2,Termination For Convenience,Terminations,128,22
"This Agreement is effective from the date of its date of signature and chop, and any other agreement between the parties regarding to matters which are similar to the cooperation contents hereunder shall be terminated automatically.",Terms,9,Entire Agreements,3,0.6040985746832198,False,CUAD_external,multinomial_nb,CUAD,CHEETAHMOBILEINC_04_22_2014-EX-10.43-Cooperation Agreement,cuad_364_0_3_1,Effective Date,Terms,232,36
Capital Resources may terminate this Agreement by giving the notice indicated below in this Section at any time after this Agreement becomes effective as follows:,Terminations,10,Notices,1,0.602823560777767,False,CUAD_external,multinomial_nb,CUAD,AFSALABANCORPINC_08_01_1996-EX-1.1-AGENCY AGREEMENT,cuad_259_0_15_0,Termination For Convenience,Terminations,162,25
"However, any Party may terminate its participation in this Agreement at the end of the Initial Period or any time thereafter by giving not less than one (1) year's prior notice thereof, in writing, to the other Parties.",Terminations,10,Terms,9,0.602777735512594,False,CUAD_external,multinomial_nb,CUAD,TELEGLOBEINTERNATIONALHOLDINGSLTD_03_29_2004-EX-10.10-CONSTRUCTION AND MAINTENANCE AGREEMENT,cuad_80_0_15_0,Termination For Convenience,Terminations,219,38
"knowingly use the Services in violation of this Agreement. 3 4.7 Data protection. Each Party agrees to comply with all applicable data protection and privacy laws arising from its obligations, if any, under the Agreement and to reasonably co-operate with the other Party in order to allow the other Party to comply with any laws as deemed necessary from time to time. Each Party shall treat all data, information relating to Services, including but not limit to the customer personal data, as confidential. Each party warrants that it shall take appropriate technical and organizational measures against unauthorized or unlaw",Terms,9,Confidentiality,15,0.6026609309561016,False,CUAD_external,multinomial_nb,CUAD,OPERALTD_04_30_2020-EX-4.14-SERVICE AGREEMENT,cuad_24_0_5_2,Renewal Term,Terms,625,99
"With respect to Beacon Optofluidic Machines (including related Hardware and Software), Consumables and Services for which Ginkgo has placed a Purchase Order pursuant to this Agreement, the Parties agree to the BLI Terms and Conditions that apply with respect to Beacon Optofluidic Machines (including related Hardware and Software), Consumables and Services, unless, notwithstanding anything to the contrary set forth in the BLI Terms and Conditions (including any language regarding the treatment of additional or different terms set forth therein), a term in such BLI Terms and Conditions is inconsistent with a term in this Agreement, in which case this Agreement shall control, including as follows:",Terminations,10,Entire Agreements,3,0.6014530055850021,False,CUAD_external,multinomial_nb,CUAD,"BERKELEYLIGHTS,INC_06_26_2020-EX-10.12-COLLABORATION AGREEMENT",cuad_418_0_15_0,Termination For Convenience,Terminations,703,105
"for convenience whether or not extended beyond the Initial Term, provided Distributor gives WGT thirty (30) days' advance written notice and, within such thirty (30) day period, Distributor pays to WGT a lump-sum payment equal to fifty (50%) of the unpaid balance of cumulative Guaranteed Minimum Purchase amounts.",Terminations,10,Terms,9,0.5924878708404082,False,CUAD_external,multinomial_nb,CUAD,EUROPEANMICROHOLDINGSINC_03_06_1998-EX-10.6-DISTRIBUTOR AGREEMENT,cuad_379_0_15_2,Termination For Convenience,Terminations,314,48
Upon Diplomat giving Tadeo at least sixty (60) days advance written notice of termination of this Agreement.,Terminations,10,Terms,9,0.5894792236544952,False,CUAD_external,multinomial_nb,CUAD,DYNTEKINC_07_30_1999-EX-10-ONLINE HOSTING AGREEMENT,cuad_425_0_15_0,Termination For Convenience,Terminations,108,17
We may immediately terminate this Agreement on notice to you and without any opportunity to cure the default if:,Assignments,7,Terminations,10,0.5859251516118692,False,CUAD_external,multinomial_nb,CUAD,"HOSPITALITYINVESTORSTRUST,INC_04_07_2014-EX-10.26-FRANCHISE AGREEMENT",cuad_229_0_18_0,Anti-Assignment,Assignments,112,19
In the case that the company would not like to extend the terms of agreement for an additional month. The company must notify the consultant within 5 days of the conclusion of the 12 month term.,Notices,1,Terms,9,0.5806632647264739,False,CUAD_external,multinomial_nb,CUAD,SPHERE3DCORP_06_24_2020-EX-10.12-CONSULTING AGREEMENT,cuad_421_0_6_0,Notice Period To Terminate Renewal,Notices,194,36
"This Agreement shall terminate immediately and automatically upon the termination of Company's Participation Agreement(s) with the Funds, and in such event no notice need be given hereunder.",Terms,9,Terminations,10,0.5787299191211724,False,CUAD_external,multinomial_nb,CUAD,NYLIACVARIABLEANNUITYSEPARATEACCOUNTIII_04_10_2020-EX-99.8.KK-SERVICE AGREEMENT,cuad_122_0_4_0,Expiration Date,Terms,190,27
"This Agreement shall terminate as to the Remarketing Agent and its obligations hereunder with respect to VRRM-MFP Shares upon the earliest to occur of (a) the effective date of the resignation or removal of such Remarketing Agent pursuant to Section 5(a) and Section 5(b), respectively, (b) the completion of a successful Transition Remarketing on a New Mode Commencement Date in connection with transition to a new Mode, or (c) the date on which no VRRM-MFP Shares are Outstanding.",Terms,9,Terminations,10,0.5783187493768785,False,CUAD_external,multinomial_nb,CUAD,NUVEEN - REMARKETING AGREEMENT,cuad_93_0_4_0,Expiration Date,Terms,482,78
ISO may terminate this Agreement prior to its expiration for cause upon prior written notice to SERVICERS as follows:,Assignments,7,Terminations,10,0.5776869146625623,False,CUAD_external,multinomial_nb,CUAD,"IPAYMENT,INC_05_14_2007-EX-10.1-SPONSORSHIP AGREEMENT",cuad_323_0_18_2,Anti-Assignment,Assignments,117,19
SERVICERS may terminate this Agreement prior to its expiration for cause upon prior written notice to ISO as follows:,Assignments,7,Terminations,10,0.5776869146625623,False,CUAD_external,multinomial_nb,CUAD,"IPAYMENT,INC_05_14_2007-EX-10.1-SPONSORSHIP AGREEMENT",cuad_323_0_18_4,Anti-Assignment,Assignments,117,19
Developer may also terminate this Agreement by giving two (2) weeks' notice in writing to VAL.,Terminations,10,Notices,1,0.5742394195249423,False,CUAD_external,multinomial_nb,CUAD,VgrabCommunicationsInc_20200129_10-K_EX-10.33_11958828_EX-10.33_Development Agreement,cuad_269_0_15_0,Termination For Convenience,Terminations,94,16
This Agreement will become effective on the date a fully executed copy of this Agreement is received by Nationwide,Terms,9,Counterparts,2,0.5726566751055691,False,CUAD_external,multinomial_nb,CUAD,AULAMERICANUNITTRUST_04_24_2020-EX-99.8.77-SERVICING AGREEMENT,cuad_212_0_3_0,Effective Date,Terms,114,19
"This Agreement shall continue in force until the earlier to occur of (i) the Owner no longer owns any Receivables or Participation Interests, and (ii) subject to Section 7(d), the delivery of written notice of termination by the Owner to the Servicer pursuant to Section 7(c), in each case upon which event this Agreement shall automatically terminate unless otherwise agreed in writing between the Servicer and the Owner.",Terms,9,Terminations,10,0.566597375504522,False,CUAD_external,multinomial_nb,CUAD,CUROGROUPHOLDINGSCORP_05_04_2020-EX-10.3-SERVICING AGREEMENT,cuad_48_0_4_0,Expiration Date,Terms,422,68
"The Venture may acquire insurance on behalf of any Member, employee, agent or other person engaged in the business interest of the Venture against any liability asserted against them or incurred by them while acting in good faith on behalf of the Venture.",Insurances,11,Indemnifications,18,0.5611303143752583,False,CUAD_external,multinomial_nb,CUAD,"BORROWMONEYCOM,INC_06_11_2020-EX-10.1-JOINT VENTURE AGREEMENT",cuad_25_0_38_0,Insurance,Insurances,255,43
"""Offtake Agreement"" means that certain Crude Oil Sale and Purchase Agreement between the Principal and STASCO dated 1 November 1999.",Terms,9,Entire Agreements,3,0.5600921451113846,False,CUAD_external,multinomial_nb,CUAD,CHAPARRALRESOURCESINC_03_30_2000-EX-10.66-TRANSPORTATION CONTRACT,cuad_296_0_4_0,Expiration Date,Terms,132,20
Either party may terminate the Agreement on 60-days written notice during a renewed term.,Terminations,10,Terms,9,0.5594649114771051,False,CUAD_external,multinomial_nb,CUAD,"OMINTO,INC_03_29_2004-EX-10-RESELLER AGREEMENT",cuad_349_0_15_0,Termination For Convenience,Terminations,89,14
The Owner Indemnified Parties' additional insured status will not limit the application of insurance protection as required by this Agreement which arises out of the Operator's indemnity obligations. These policies shall provide primary coverage for claims in which Operator has agreed to hold harmless and/or to indemnify the Owner Indemnified Parties.,Insurances,11,Indemnifications,18,0.5558934738811274,False,CUAD_external,multinomial_nb,CUAD,VERTEXENERGYINC_08_14_2014-EX-10.24-OPERATION AND MAINTENANCE AGREEMENT,cuad_121_0_38_6,Insurance,Insurances,353,51
"Notwithstanding the aforesaid in Section 16.1. and any possible implication to the contrary herein or as a result of the course of conduct of the parties, NICEshall be entitled, at its sole discretion, to terminate this Agreement, in whole or in part, at any time during the Initial Term or the Extended Term, with or without cause, upon a prior written notice of termination to Contractor of not less than forty-five (45) Days.",Terminations,10,Terms,9,0.5527667506176488,False,CUAD_external,multinomial_nb,CUAD,NICELTD_06_26_2003-EX-4.5-OUTSOURCING AGREEMENT,cuad_41_0_15_1,Termination For Convenience,Terminations,428,73
"Customer may terminate this Agreement (including all Service Option Attachments) or any Service Option Attachment (with the exception of any Service Option Attachment that is a prerequisite for the provision of Services under a non-terminated Service Option Attachment) for convenience at the end of any calendar month by: a. providing at least one month's prior written notice to IBM; and b. paying the applicable early termination charges, if any, specified in Attachment A and applicable Service Option Attachments.",Terminations,10,Terms,9,0.5507490456264246,False,CUAD_external,multinomial_nb,CUAD,BLUEFLYINC_03_27_2002-EX-10.27-e-business Hosting Agreement,cuad_441_0_15_0,Termination For Convenience,Terminations,518,78
"4.7 Data protection. Each Party agrees to comply with all applicable data protection and privacy laws arising from its obligations, if any, under the Agreement and to reasonably co-operate with the other Party in order to allow the other Party to comply with any laws as deemed necessary from time to time. Each Party shall treat all data, information relating to Services, including but not limit to the customer personal data, as confidential. Each party warrants that it shall take appropriate technical and organizational measures against unauthorized or unlaw",Terms,9,Confidentiality,15,0.5497550430291981,False,CUAD_external,multinomial_nb,CUAD,OPERALTD_04_30_2020-EX-4.14-SERVICE AGREEMENT,cuad_24_0_5_0,Renewal Term,Terms,564,89
"This Agreement will terminate on the earlier to occur of (a) the date upon which the last remaining Receivable is paid in full, settled, sold or written off and any amounts received are applied and (b) the Issuer is terminated under Section 8.1 of the Trust Agreement.",Terms,9,Terminations,10,0.5494269713075605,False,CUAD_external,multinomial_nb,CUAD,VerizonAbsLlc_20200123_8-K_EX-10.4_11952335_EX-10.4_Service Agreement,cuad_53_0_4_1,Expiration Date,Terms,268,47
"""Effective Date"" means the date of last signature on this Agreement.",Terms,9,Notices,1,0.5491978033192951,False,CUAD_external,multinomial_nb,CUAD,IpassInc_20181203_8-K_EX-99.1_11445874_EX-99.1_Reseller Agreement,cuad_299_0_3_1,Effective Date,Terms,68,11
"Following the Initial Term, either Party may terminate this Agreement without cause upon written notice to the other Party of at least 3 months.",Notices,1,Terms,9,0.5464489248156247,False,CUAD_external,multinomial_nb,CUAD,HealthcareIntegratedTechnologiesInc_20190812_8-K_EX-10.1_11776966_EX-10.1_Reseller Agreement,cuad_35_0_6_0,Notice Period To Terminate Renewal,Notices,144,24
"Following the Initial Term, either Party may terminate this Agreement without cause upon written notice to the other Party of at least 3 months.",Terminations,10,Terms,9,0.5464489248156247,False,CUAD_external,multinomial_nb,CUAD,HealthcareIntegratedTechnologiesInc_20190812_8-K_EX-10.1_11776966_EX-10.1_Reseller Agreement,cuad_35_0_15_0,Termination For Convenience,Terminations,144,24
Either Party shall have the right to terminate this Agreement before the end of the Term for its convenience upon [***] written notice to the other Party (and any such termination shall become effective at the end of such [***]); [***].,Terminations,10,Terms,9,0.544705248134085,False,CUAD_external,multinomial_nb,CUAD,DovaPharmaceuticalsInc_20181108_10-Q_EX-10.2_11414857_EX-10.2_Promotion Agreement,cuad_8_0_15_0,Termination For Convenience,Terminations,236,41
"In addition, in order to accommodate the review and approval of this Agreement by the Office of General Counsel of UT System (the ""OGC""), for a period of *** (***) days following the Effective Date (the ""Limited Unilateral Termination Period""), MD Anderson will have the right to terminate this Agreement without cause upon ten (10) days' notice to Adaptimmune; provided, however, that (i) a termination by MD Anderson will be effective if notice of termination is sent by MD Anderson any time within the Limited Unilateral Termination Period even if the ten day notice period extends beyond the Limited Unilateral Termination Period and (ii) the Limited Unilateral Termination Period will expire on the earlier to occur of (x) the end of the sixty days, or (y) written notice to Adaptimmune from MD Anderson that the Agreement has been approved by the OGC.",Terminations,10,Terms,9,0.5352073491415364,False,CUAD_external,multinomial_nb,CUAD,ADAPTIMMUNETHERAPEUTICSPLC_04_06_2017-EX-10.11-STRATEGIC ALLIANCE AGREEMENT,cuad_389_0_15_0,Termination For Convenience,Terminations,857,142
"You (and your shareholders, partners and members) will not directly or indirectly make a Transfer without our prior written consent.",Assignments,7,Confidentiality,15,0.5281429784874158,False,CUAD_external,multinomial_nb,CUAD,BUFFALOWILDWINGSINC_06_05_1998-EX-10.3-FRANCHISE AGREEMENT,cuad_199_0_18_1,Anti-Assignment,Assignments,132,20
Either Party may terminate this Agreement hereunder for any reason at its convenience upon one hundred eighty (180) days prior written notice.,Terminations,10,Terms,9,0.5162487830259135,False,CUAD_external,multinomial_nb,CUAD,"Sonos, Inc. - Manufacturing Agreement",cuad_192_0_15_0,Termination For Convenience,Terminations,142,22
"This Agreement is subject to all laws, regulations, license conditions and decisions of the Canadian Radio-television and Telecommunications Commission (""CRTC"") municipal, provincial and federal governments or other authorities which are applicable to Rogers and/or Licensor, and which are now in force or hereafter adopted (""Applicable Law"").",Governing Laws,0,Compliance With Laws,17,0.5152964349018282,False,CUAD_external,multinomial_nb,CUAD,EuromediaHoldingsCorp_20070215_10SB12G_EX-10.B(01)_525118_EX-10.B(01)_Content License Agreement,cuad_191_0_7_0,Governing Law,Governing Laws,343,46
"PPG SHANGHAI shall have the right to terminate this Agreement and/or suspend its performance hereunder immediately upon giving notice to DISTRIBUTOR, which termination shall be effective upon receipt of notice, if any one of the following occurs:",Assignments,7,Notices,1,0.49973556578877887,False,CUAD_external,multinomial_nb,CUAD,NEOMEDIATECHNOLOGIESINC_12_15_2005-EX-16.1-DISTRIBUTOR AGREEMENT,cuad_366_0_18_1,Anti-Assignment,Assignments,246,37
"During the Lease Term, PPI shall:",Insurances,11,Terms,9,0.49843165287305574,False,CUAD_external,multinomial_nb,CUAD,"PACIRA PHARMACEUTICALS, INC. - A_R STRATEGIC LICENSING, DISTRIBUTION AND MARKETING AGREEMENT",cuad_9_0_38_3,Insurance,Insurances,33,6
"To the extent working with Agents or other Third Parties is permitted under the R&D Work Plan, should a Party wish to engage an Agent or any other Third Party in connection with the R&D Work Plan or any other work under this Agreement, such Party must obtain in advance a written agreement by such Agent or other Third Party (i) to assign to the Party all Inventions conceived, created or generated by the Agent or other Third Party, and (ii) to maintain all Confidential Information in confidence as set forth in Section 5.2.",Assignments,7,Confidentiality,15,0.4974469605098751,False,CUAD_external,multinomial_nb,CUAD,ConformisInc_20191101_10-Q_EX-10.6_11861402_EX-10.6_Development Agreement,cuad_50_0_18_2,Anti-Assignment,Assignments,526,94
for any reason on at least ninety (90) days written notice to the other party.,Terminations,10,Terms,9,0.49492992118644646,False,CUAD_external,multinomial_nb,CUAD,AULAMERICANUNITTRUST_04_24_2020-EX-99.8.77-SERVICING AGREEMENT,cuad_212_0_15_0,Termination For Convenience,Terminations,78,15
"To the fullest extent allowable by Law, the policy must include a waiver of subrogation in favor of AT&T, its Affiliates, and their directors, officers and employees. I",Insurances,11,Indemnifications,18,0.49468036474216326,False,CUAD_external,multinomial_nb,CUAD,AtnInternationalInc_20191108_10-Q_EX-10.1_11878541_EX-10.1_Maintenance Agreement,cuad_138_0_38_8,Insurance,Insurances,168,28
the ____ day of _______________2000,Terms,9,Notices,1,0.493127441216316,False,CUAD_external,multinomial_nb,CUAD,"XACCT Technologies, Inc.SUPPORT AND MAINTENANCE AGREEMENT",cuad_222_0_3_0,Effective Date,Terms,35,5
"""Effective Date"" is the date of the most recent final signature on this Agreement.",Terms,9,Notices,1,0.4906723788037678,False,CUAD_external,multinomial_nb,CUAD,"NOVOINTEGRATEDSCIENCES,INC_12_23_2019-EX-10.1-JOINT VENTURE AGREEMENT",cuad_501_0_3_1,Effective Date,Terms,82,14
"_____ day of _______________, 20__",Terms,9,Notices,1,0.48843347683630356,False,CUAD_external,multinomial_nb,CUAD,JOINTCORP_09_19_2014-EX-10.15-FRANCHISE AGREEMENT,cuad_479_0_3_1,Effective Date,Terms,34,5
"We have the right to terminate this Agreement effective upon delivery of notice of termination to you, if:",Insurances,11,Terminations,10,0.4864748206173454,False,CUAD_external,multinomial_nb,CUAD,JOINTCORP_09_19_2014-EX-10.15-FRANCHISE AGREEMENT,cuad_479_0_38_5,Insurance,Insurances,106,18
"The obligations of the Agent pursuant to this Agreement shall terminate upon termination of the Offering, but in no event later than 45 days after the completion of the Subscription Offering (the ""End Date"").",Terms,9,Terminations,10,0.48392621583048034,False,CUAD_external,multinomial_nb,CUAD,"ATHENSBANCSHARESCORP_11_02_2009-EX-1.2-AGENCY AGREEMENT , 2009",cuad_353_0_4_0,Expiration Date,Terms,208,34
This Agreement shall be effective as of the date set forth above in this Agreement.,Terms,9,Notices,1,0.48335364714959,False,CUAD_external,multinomial_nb,CUAD,RISEEDUCATIONCAYMANLTD_04_17_2020-EX-4.23-SERVICE AGREEMENT,cuad_325_0_3_0,Effective Date,Terms,83,15
"The term ""Effective Date"" shall mean the latest of (a) the date of the last signature of this Agreement, or (b) if a HSR filing is made, the second Business Day immediately following the earlier of: (i) the date upon which the waiting period under HSR expires or terminates early or (ii) the date upon which all requests to the Parties by the Federal Trade Commission or the Justice Department, as the case may be, with regard to the transaction contemplated by this Agreement",Terms,9,Notices,1,0.47912633369456376,False,CUAD_external,multinomial_nb,CUAD,"FOUNDATIONMEDICINE,INC_02_02_2015-EX-10.2-Collaboration Agreement",cuad_257_0_3_0,Effective Date,Terms,476,84
"mPhase shall have the right to annually renew this agreement for a period of one year upon each annual expiration with the written consent of Lucent, which written consent shall not be unreasonably withheld.",Terms,9,Assignments,7,0.47693797287004597,False,CUAD_external,multinomial_nb,CUAD,MphaseTechnologiesInc_20030911_10-K_EX-10.15_1560667_EX-10.15_Co-Branding Agreement,cuad_186_0_5_0,Renewal Term,Terms,207,34
"In addition, the obligations of the Remarketing Agent hereunder may be terminated by it by notice given to the Company prior to 5:00 p.m. (New York City time) on the date immediately preceding the Commencement Date if, prior to that time, any of the events described in Sections 6(i), (j) or (k) shall have occurred.",Terms,9,Terminations,10,0.4761799390550237,False,CUAD_external,multinomial_nb,CUAD,"Reinsurance Group of America, Incorporated - A_R REMARKETING AGREEMENT",cuad_312_0_4_0,Expiration Date,Terms,316,55
"In the event of the merger or consolidation of Company with any other entity, Pey Dirt shall have the right to terminate the Contract Period by so notifying Company in writing on or before sixty (60) days after Pey Dirt has received notice of such merger or consolidation.",Assignments,7,Terminations,10,0.4750886009375261,False,CUAD_external,multinomial_nb,CUAD,WARNINGMANAGEMENTSERVICESINC_12_10_1999-EX-10-ENDORSEMENT AGREEMENT,cuad_205_0_18_0,Anti-Assignment,Assignments,272,48
"To the extent any insurance coverage required under this Agreement is purchased on a ""claims-made"" basis, such insurance shall cover all prior acts of Eutectix during the term of this Agreement, and such insurance shall be continuously maintained until at least two (2) years beyond the expiration or termination of the term of this Agreement, or Eutectix shall purchase ""tail"" coverage, effective upon termination of any such policy or upon termination or expiration of the term of this Agreement, to provide coverage for at least two (2) years from the occurrence of either such event.",Insurances,11,Terms,9,0.47263133684981967,False,CUAD_external,multinomial_nb,CUAD,LiquidmetalTechnologiesInc_20200205_8-K_EX-10.1_11968198_EX-10.1_Development Agreement,cuad_444_0_38_3,Insurance,Insurances,587,95
"this day of ___________________, 19__",Terms,9,Notices,1,0.47182386129269765,False,CUAD_external,multinomial_nb,CUAD,SPORTHALEYINC_09_29_1997-EX-10.2-10-ENDORSEMENT AGREEMENT,cuad_274_0_3_0,Effective Date,Terms,37,5
(j) At any time upon one hundred eighty (180) days prior written notice to the SERVICERS with no penalty.,Terminations,10,Terms,9,0.47158261639971294,False,CUAD_external,multinomial_nb,CUAD,"IPAYMENT,INC_05_14_2007-EX-10.1-SPONSORSHIP AGREEMENT",cuad_323_0_15_0,Termination For Convenience,Terminations,105,19
"IN WITNESS WHEREOF, each party hereto, being duly authorized, has caused this agreement to be executed and effective as of the date set forth below.",Terms,9,Notices,1,0.47108380569860986,False,CUAD_external,multinomial_nb,CUAD,BLACKROCKMUNIHOLDINGSINVESTMENTQUALITYFUND_04_07_2020-EX-99.01-JOINT FILING AGREEMENT,cuad_202_0_3_1,Effective Date,Terms,148,25
This Agreement shall automatically terminate in the event the Management Agreement is assigned or otherwise terminated.,Assignments,7,Terminations,10,0.46777936994824926,False,CUAD_external,multinomial_nb,CUAD,PFSFUNDS_06_26_2020-EX-99.H OTH MAT CONT-SERVICES AGREEMENT,cuad_457_0_18_0,Anti-Assignment,Assignments,119,16
"Achaogen may terminate this Agreement in its entirety, for any reason, by providing at least sixty (60) days prior written notice to Microgenics.",Terminations,10,Terms,9,0.4656884146610028,False,CUAD_external,multinomial_nb,CUAD,Microgenics Corporation - Collaborative Development and Commercialization Agreement,cuad_267_0_15_0,Termination For Convenience,Terminations,145,23
"AIG shall have the absolute right to terminate this Agreement upon thirty (30) days' prior written notice to the Company, which notice shall state the effective date of termination (the ""Termination Date""); PROVIDED, HOWEVER, that AIG agrees not to terminate this Agreement unless (a) AIG significantly modifies the corporate structure or ownership of the Company, or (b) AIG sells the Company to an acquirer (i) having a rating from at least one of S&P, Moody's, A.M. Best or a substitute agency, which is a nationally recognized statistical rating organization, that is at least equal to the lower of (x) AIG's then-current rating from such agency or (y) the Company's then-current rating as supported by this Agreement from such agency; or (ii) such that, immediately on the effective date of the sale by AIG of the Company, the Company's capitalization is consistent with the minimum capital adequacy standards and criteria of at least one of S&P, Moody's, A.M. Best or a substitute agency, which is a nationally recognized statistical rating organization, for a rating that is equal to or better than the Company's then-current rating on the date immediately preceding such sale.",Terminations,10,Terms,9,0.4602838136991653,False,CUAD_external,multinomial_nb,CUAD,SEPARATEACCOUNTIIOFAGL_05_02_2011-EX-99.(J)(4)-UNCONDITIONAL CAPITAL MAINTENANCE AGREEMENT,cuad_63_0_15_0,Termination For Convenience,Terminations,1184,191
Coverage must be maintained for at least [***] after the later of (i) expiration or early termination of this Agreement and (ii) release of the last Subject from the Clinical Trials.,Insurances,11,Terms,9,0.4577416717921146,False,CUAD_external,multinomial_nb,CUAD,PhasebioPharmaceuticalsInc_20200330_10-K_EX-10.21_12086810_EX-10.21_Development Agreement,cuad_177_0_38_3,Insurance,Insurances,182,31
This Agreement shall be effective upon the,Terms,9,Notices,1,0.45685283349464106,False,CUAD_external,multinomial_nb,CUAD,RaeSystemsInc_20001114_10-Q_EX-10.57_2631790_EX-10.57_Co-Branding Agreement,cuad_214_0_5_1,Renewal Term,Terms,42,7
"This Amendment shall only become effective upon the VNBJ Closing with respect to Article 1.1 and the VNBZ Closing with respect to Article 1.2, and shall terminate without any force or effect in the event that the VNBJ SPA and the VNBZ SPA are terminated in accordance with the terms thereof.",Terms,9,Terminations,10,0.4549946375545531,False,CUAD_external,multinomial_nb,CUAD,"VEONEER,INC_02_21_2020-EX-10.11-JOINT VENTURE AGREEMENT",cuad_7_0_3_0,Effective Date,Terms,291,51
"This Amendment shall only become effective upon the VNBJ Closing with respect to Article 1.1 and the VNBZ Closing with respect to Article 1.2, and shall terminate without any force or effect in the event that the VNBJ SPA and the VNBZ SPA are terminated in accordance with the terms thereof.",Terms,9,Terminations,10,0.4549946375545531,False,CUAD_external,multinomial_nb,CUAD,"VEONEER,INC_02_21_2020-EX-10.11-JOINT VENTURE AGREEMENT",cuad_7_0_4_0,Expiration Date,Terms,291,51
"All public liability and property damage policies shall contain a provision that El Pollo Loco, although named as an insured, shall nevertheless be entitled to recover under such policies on any loss incurred by El Pollo Loco, its affiliates, agents and/or employees, by reason of the negligence of Developer, its principals, contractors, agents and/or employees.",Insurances,11,Indemnifications,18,0.4545774320163549,False,CUAD_external,multinomial_nb,CUAD,ElPolloLocoHoldingsInc_20200306_10-K_EX-10.16_12041700_EX-10.16_Development Agreement,cuad_411_0_38_2,Insurance,Insurances,363,55
at any other time upon ninety (90) days' prior written notice of impending termination.,Terminations,10,Terms,9,0.4524819738753026,False,CUAD_external,multinomial_nb,CUAD,RitterPharmaceuticalsInc_20200313_S-4A_EX-10.54_12055220_EX-10.54_Development Agreement,cuad_149_0_15_0,Termination For Convenience,Terminations,87,14
"At any time after July 1, 2015, PPI shall have the right, exercisable upon sixty (60) days prior written notice to EKR, to terminate the Lease Term and repurchase the Transferred Equipment from EKR, subject to payment by PPI to EKR within five (5) days of such notice of any principal paid by EKR under the Promissory Note, which if exercised shall result in the termination of the Step-in Right set forth in Section 17.5.",Terminations,10,Terms,9,0.451229631397365,False,CUAD_external,multinomial_nb,CUAD,"PACIRA PHARMACEUTICALS, INC. - A_R STRATEGIC LICENSING, DISTRIBUTION AND MARKETING AGREEMENT",cuad_9_0_15_0,Termination For Convenience,Terminations,422,75
"The Joint Venture may acquire insurance on behalf of any Participant, employee, agent or other person engaged in the business interest of the Joint Venture against any liability asserted against them or incurred by them while acting in good faith on behalf of the Joint Venture.",Insurances,11,Indemnifications,18,0.4496808774522228,False,CUAD_external,multinomial_nb,CUAD,"MJBIOTECH,INC_12_06_2018-EX-99.01-JOINT VENTURE AGREEMENT",cuad_225_0_38_0,Insurance,Insurances,278,46
"After the first year and upon 180 days written notice, Reseller may terminate the AMC.",Terminations,10,Terms,9,0.4483012185536155,False,CUAD_external,multinomial_nb,CUAD,DIVERSINETCORP_03_01_2012-EX-4-RESELLER AGREEMENT,cuad_279_0_15_0,Termination For Convenience,Terminations,86,15
"In the event either party (a) becomes adjudicated insolvent, (b) discontinues its business, (c) has voluntary of involuntary bankruptcy proceedings instituted against it, or (d) makes an assignment for the benefit of creditors, the other party shall be entitled to terminate this Agreement effective immediately upon written notice.",Assignments,7,Terminations,10,0.44786851835577135,False,CUAD_external,multinomial_nb,CUAD,LIMEENERGYCO_09_09_1999-EX-10-DISTRIBUTOR AGREEMENT,cuad_0_0_18_1,Anti-Assignment,Assignments,332,48
"Notwithstanding the foregoing, this Agreement shall be earlier terminated (x) by mutual agreement of the parties, or (y) at any time upon sixty (60) days advance written notice to the other party.",Terminations,10,Terms,9,0.4451172252356293,False,CUAD_external,multinomial_nb,CUAD,"COOLTECHNOLOGIES,INC_10_25_2017-EX-10.71-Strategic Alliance Agreement",cuad_407_0_15_0,Termination For Convenience,Terminations,196,32
"Notwithstanding the aforesaid in Section 16.1. and any possible implication to the contrary herein or as a result of the course of conduct of the parties, Contractor shall be entitled, at its sole discretion, to terminate this Agreement only during the Extended Term, with or without cause, upon a prior written notice of termination to NICE of not less than six (6) months.",Notices,1,Terms,9,0.4421737688910069,False,CUAD_external,multinomial_nb,CUAD,NICELTD_06_26_2003-EX-4.5-OUTSOURCING AGREEMENT,cuad_41_0_6_0,Notice Period To Terminate Renewal,Notices,374,63
"Notwithstanding the aforesaid in Section 16.1. and any possible implication to the contrary herein or as a result of the course of conduct of the parties, Contractor shall be entitled, at its sole discretion, to terminate this Agreement only during the Extended Term, with or without cause, upon a prior written notice of termination to NICE of not less than six (6) months.",Terminations,10,Terms,9,0.4421737688910069,False,CUAD_external,multinomial_nb,CUAD,NICELTD_06_26_2003-EX-4.5-OUTSOURCING AGREEMENT,cuad_41_0_15_0,Termination For Convenience,Terminations,374,63
At the end of *** Parties will negotiate in good faith regarding a possible extension of the Initial Term.,Terms,9,Severability,4,0.4394386506735479,False,CUAD_external,multinomial_nb,CUAD,PareteumCorp_20081001_8-K_EX-99.1_2654808_EX-99.1_Hosting Agreement,cuad_176_0_5_2,Renewal Term,Terms,106,19
"The term of this IP Agreement shall be from the Effective Date until all of the Intellectual Property licensed hereunder is in the public domain (provided, however, that in such event the representations and warranties in Article III shall survive (and terminate) in accordance with the Acquisition Agreement) or this IP Agreement is terminated pursuant to Section 4.3.",Terms,9,Survival,6,0.4386463305861683,False,CUAD_external,multinomial_nb,CUAD,ZEBRATECHNOLOGIESCORP_04_16_2014-EX-10.1-INTELLECTUAL PROPERTY AGREEMENT,cuad_26_0_4_0,Expiration Date,Terms,369,58
"Sanofi may terminate this Agreement (A) in its entirety by providing [***] written notice of termination to RevMed or (B) on a country-by-country or Product-by-Product basis by providing [***] written notice of termination to RevMed; provided that if Sanofi desires to terminate this Agreement under this Section 12.2(a)(i)B only with respect to the U.S. (for all Products or one or more Products), Sanofi shall provide [***] written notice of termination to RevMed.",Terminations,10,Terms,9,0.43797241085033023,False,CUAD_external,multinomial_nb,CUAD,RevolutionMedicinesInc_20200117_S-1_EX-10.1_11948417_EX-10.1_Development Agreement,cuad_258_0_15_0,Termination For Convenience,Terminations,466,72
"This Agreement between HEMISPHERX and SCIEN shall be in effect beginning the last date of execution set forth on the signature page to the Agreement (the ""Effective Date"") to which this Quality Agreement is Exhibit 2 and remain in effect until HEMISPHERX and SCIEN terminate the Agreement or it is superseded by a revised Quality Agreement executed by both parties.",Terms,9,Entire Agreements,3,0.43745896353992336,False,CUAD_external,multinomial_nb,CUAD,"HEMISPHERX - Sales, Marketing, Distribution, and Supply Agreement",cuad_183_0_3_1,Effective Date,Terms,365,60
"This Agreement between HEMISPHERX and SCIEN shall be in effect beginning the last date of execution set forth on the signature page to the Agreement (the ""Effective Date"") to which this Quality Agreement is Exhibit 2 and remain in effect until HEMISPHERX and SCIEN terminate the Agreement or it is superseded by a revised Quality Agreement executed by both parties.",Terms,9,Entire Agreements,3,0.43745896353992336,False,CUAD_external,multinomial_nb,CUAD,"HEMISPHERX - Sales, Marketing, Distribution, and Supply Agreement",cuad_183_0_4_0,Expiration Date,Terms,365,60
"For the avoidance of doubt, in the event that either Party assigns this Agreement pursuant to this Section 14.3(a), the other Party shall have the right to terminate this Agreement pursuant to Section 12.2(i).",Assignments,7,Terminations,10,0.43667068482147564,False,CUAD_external,multinomial_nb,CUAD,ZogenixInc_20190509_10-Q_EX-10.2_11663313_EX-10.2_Distributor Agreement,cuad_216_0_18_0,Anti-Assignment,Assignments,209,34
"This Agreement may be terminated at any time prior to the Effective Time by Parent, in its sole and absolute discretion, without the approval or consent of",Terminations,10,Amendments,5,0.4343334565187692,False,CUAD_external,multinomial_nb,CUAD,INGEVITYCORP_05_16_2016-EX-10.5-INTELLECTUAL PROPERTY AGREEMENT,cuad_499_0_15_1,Termination For Convenience,Terminations,155,27
Either party wishing to terminate the Agreement must give written notice to the other party at least thirty (30) days prior to the desired date of termination.,Terminations,10,Notices,1,0.4326265908655644,False,CUAD_external,multinomial_nb,CUAD,MphaseTechnologiesInc_20030911_10-K_EX-10.15_1560667_EX-10.15_Co-Branding Agreement,cuad_186_0_15_0,Termination For Convenience,Terminations,159,27
(d) By either party hereto upon sixty (60) days prior written notice to the other party hereto;,Terminations,10,Notices,1,0.4308566554829082,False,CUAD_external,multinomial_nb,CUAD,AURASYSTEMSINC_06_16_2010-EX-10.25-STRATEGIC ALLIANCE AGREEMENT,cuad_298_0_15_1,Termination For Convenience,Terminations,95,17
Each Party may request that the other Party procure and maintain such additional insurance coverage relating to the Manufacture of the Product and the facilities therefore as may be reasonably necessary in respect of the Parties' respective obligations under this Agreement.,Insurances,11,Further Assurances,14,0.4286400929940647,False,CUAD_external,multinomial_nb,CUAD,ParatekPharmaceuticalsInc_20170505_10-KA_EX-10.29_10323872_EX-10.29_Outsourcing Agreement,cuad_478_0_38_1,Insurance,Insurances,274,41
"This Agreement (a) may not be assigned by Seller without the written consent of AEIS, except to an entity controlling, controlled by or under common control with Seller, provided, however, Schoolpop shall remain liable for the obligations contained herein including the attachments and Exhibits thereto, and (b) may be modified only by an agreement in writing signed on behalf of AEIS by an executive officer.",Assignments,7,Amendments,5,0.4268032210326083,False,CUAD_external,multinomial_nb,CUAD,LOYALTYPOINTINC_11_16_2004-EX-10.2-RESELLER AGREEMENT,cuad_36_0_18_1,Anti-Assignment,Assignments,409,65
This Agreement will be effective when signed by both Parties provided that the Co-promotion Agreement and the Option Agreement have been signed and have come into force and provided also that said agreements do not prohibit GALEN from entering into the Dovonex(R) Agreement and the Dovobet(R) Agreement.,Terms,9,Entire Agreements,3,0.424998340073263,False,CUAD_external,multinomial_nb,CUAD,WARNERCHILCOTTPLC_12_31_2003-EX-4.36-DEVELOPMENT AGREEMENT,cuad_495_0_3_0,Effective Date,Terms,303,47
"If the Farids Group determines for any reason not to proceed with any proposed registration requested pursuant to Section 6.1, the Farids Group shall promptly notify the Company in writing.",Terminations,10,Notices,1,0.4248789516499976,False,CUAD_external,multinomial_nb,CUAD,"ROCKYMOUNTAINCHOCOLATEFACTORY,INC_12_23_2019-EX-10.2-STRATEGIC ALLIANCE AGREEMENT",cuad_307_0_15_0,Termination For Convenience,Terminations,189,30
"The remaining provisions of this Agreement shall be effective only upon Completion 1 (the ""Effective Time"").",Terms,9,Severability,4,0.42310889309748334,False,CUAD_external,multinomial_nb,CUAD,QIWI_06_16_2017-EX-99.(D)(2)-COOPERATION AGREEMENT,cuad_395_0_3_1,Effective Date,Terms,108,16
"ETON has the right to terminate this Agreement after approval of the Dossier or marketing application for the Product (or added new product), at its sole discretion, upon providing one hundred eighty (180) days' written notice to Aucta.",Terminations,10,Terms,9,0.4166311183062766,False,CUAD_external,multinomial_nb,CUAD,EtonPharmaceuticalsInc_20191114_10-Q_EX-10.1_11893941_EX-10.1_Development Agreement,cuad_152_0_15_0,Termination For Convenience,Terminations,236,38
"The other Party will then have a period of fourteen (14) days from the date of the notice to indicate whether it also desires to extend the Term, on the terms and conditions set forth herein and if no such indication is made, the other Party will be deemed to have declined the offer to extend",Terms,9,Notices,1,0.41079175579575333,False,CUAD_external,multinomial_nb,CUAD,NakedBrandGroupInc_20150731_POS AM (on S-1)_EX-10.75_9196027_EX-10.75_Endorsement Agreement,cuad_473_0_5_0,Renewal Term,Terms,293,56
"By any of the PHL Parties, on the one hand, or ICC, on the other, providing one hundred and twenty (120) days prior written notice to the other Parties.",Terminations,10,Notices,1,0.4099811462600962,False,CUAD_external,multinomial_nb,CUAD,PHLVARIABLEINSURANCECOCT_08_17_2009-EX-10.1-STRATEGIC ALLIANCE AGREEMENT,cuad_386_0_15_1,Termination For Convenience,Terminations,152,29
(e) Without cause on no less than seven (7) days prior written notice.,Terminations,10,Terms,9,0.4089094844417895,False,CUAD_external,multinomial_nb,CUAD,VERTEXENERGYINC_08_14_2014-EX-10.24-OPERATION AND MAINTENANCE AGREEMENT,cuad_121_0_15_0,Termination For Convenience,Terminations,70,13
"obligations of the Remarketing Agents may be terminated by them by notice given to the Company prior to 12:00 noon, New York City time on the Remarketing Settlement Date if, prior to that time, any of the applicable conditions precedent to the obligations of the Remarketing Agents described in Section 5 hereof shall have failed to occur.",Terms,9,Notices,1,0.40650294334983006,False,CUAD_external,multinomial_nb,CUAD,"MetLife, Inc. - Remarketing Agreement",cuad_10_0_4_0,Expiration Date,Terms,339,57
"If any of the conditions specified in Section 8 shall not have been fulfilled when and as required by this Agreement, or by the Closing Date, or waived in writing by Capital Resources, this Agreement and all of Capital Resources obligations hereunder may be canceled by Capital Resources by notifying the Association of such cancellation in writing or by telegram at any time at or prior to the Closing Date, and, any such cancellation shall be without Liability of any party to any other party except as otherwise provided in Sections 2, 7, 9 and 10 hereof.",Terminations,10,Notices,1,0.4052304282382695,False,CUAD_external,multinomial_nb,CUAD,AFSALABANCORPINC_08_01_1996-EX-1.1-AGENCY AGREEMENT,cuad_259_0_15_1,Termination For Convenience,Terminations,558,97
"The cost of storage, monitoring (including any on-going analytical analysis), and insurance before shipment shall be borne by [* * *].",Insurances,11,Expenses,8,0.3971793001166351,False,CUAD_external,multinomial_nb,CUAD,ParatekPharmaceuticalsInc_20170505_10-KA_EX-10.29_10323872_EX-10.29_Outsourcing Agreement,cuad_478_0_38_3,Insurance,Insurances,134,21
"AbbVie may terminate this Agreement in its entirety, or on a country or other jurisdiction -by-country or other jurisdiction basis, for any or no reason, upon ninety (90) days' prior written notice to Harpoon.",Terminations,10,Terms,9,0.3964783230742577,False,CUAD_external,multinomial_nb,CUAD,HarpoonTherapeuticsInc_20200312_10-K_EX-10.18_12051356_EX-10.18_Development Agreement,cuad_128_0_15_0,Termination For Convenience,Terminations,209,34
"VS represents and warrants that it has and will maintain during the Term of this Agreement and, additionally, where applicable, during the term of any active Work Order, and for a period of two (2) years following expiration or termination of either, insurance in the types and limits generally accepted in the industry.",Insurances,11,Terms,9,0.3907501336208332,False,CUAD_external,multinomial_nb,CUAD,"VIRTUALSCOPICS,INC_11_12_2010-EX-10.1-STRATEGIC ALLIANCE AGREEMENT",cuad_439_0_38_0,Insurance,Insurances,320,53
The effective date for purposes of this Agreement is the contract date as specified on the signature page of this Agreement.,Terms,9,Notices,1,0.38964714945474677,False,CUAD_external,multinomial_nb,CUAD,PcquoteComInc_19990721_S-1A_EX-10.11_6377149_EX-10.11_Co-Branding Agreement1,cuad_492_0_3_0,Effective Date,Terms,124,21
Each Party shall provide the other Party with written proof of the existence of such insurance upon reasonable written request.,Insurances,11,Notices,1,0.38621510664173264,False,CUAD_external,multinomial_nb,CUAD,"BELLICUMPHARMACEUTICALS,INC_05_07_2019-EX-10.1-Supply Agreement",cuad_115_0_38_3,Insurance,Insurances,127,20
13.1.3 By either party for any reason by providing six (6) months prior written notice expressly terminating this Agreement.,Terminations,10,Terms,9,0.38589080645498525,False,CUAD_external,multinomial_nb,CUAD,NANOPHASETECHNOLOGIESCORP_11_01_2005-EX-99.1-DISTRIBUTOR AGREEMENT,cuad_85_0_15_0,Termination For Convenience,Terminations,124,19
"This Agreement may also be terminated by MusclePharm, upon fifteen days prior written notice, if death, or physical disability, physical injury, or other incapacity lasting more than eight (8) weeks, causes Endorser to be unable to perform a material amount of the personal or consulting services described in this Agreement.",Assignments,7,Terminations,10,0.38061938411405016,False,CUAD_external,multinomial_nb,CUAD,MusclepharmCorp_20170208_10-KA_EX-10.38_9893581_EX-10.38_Co-Branding Agreement,cuad_355_0_18_4,Anti-Assignment,Assignments,325,50
"KI, Inc. shall be entitled to a copy of the then prevailing certificate of insurance, which shall be furnished KI, Inc. by Diplomat.",Insurances,11,Notices,1,0.3787372487510073,False,CUAD_external,multinomial_nb,CUAD,AMBASSADOREYEWEARGROUPINC_11_17_1997-EX-10.28-ENDORSEMENT AGREEMENT,cuad_161_0_38_3,Insurance,Insurances,132,23
"""Effective Date"" means the date as of which the last signature of a Party is affixed hereto.",Terms,9,Notices,1,0.3751295889766894,False,CUAD_external,multinomial_nb,CUAD,VertexEnergyInc_20200113_8-K_EX-10.1_11943624_EX-10.1_Marketing Agreement,cuad_496_0_3_1,Effective Date,Terms,92,17
15.2 The Company may in its sole and absolute discretion (whether or not any notice of termination has been given under sub clause 15.1) terminate this Agreement at any time and with immediate effect by giving notice in writing to the Executive that the Company is exercising its rights pursuant to this clause 15.,Terminations,10,Notices,1,0.3734049323324282,False,CUAD_external,multinomial_nb,CUAD,WPPPLC_04_30_2020-EX-4.28-SERVICE AGREEMENT,cuad_55_0_15_0,Termination For Convenience,Terminations,314,54
"Notwithstanding any other provision of this Agreement, MMT may at any time terminate this Agreement on country-by-country basis, or in its entirety, upon [***] months' prior written notice to SIGA.",Terminations,10,Terms,9,0.37291227118745934,False,CUAD_external,multinomial_nb,CUAD,SigaTechnologiesInc_20190603_8-K_EX-10.1_11695818_EX-10.1_Promotion Agreement,cuad_268_0_15_0,Termination For Convenience,Terminations,197,30
"Commencing on the later of (i) [ * ] of the First Commercial Sale of the Binimetinib Product in the Ono Territory, or (ii) [ * ] of the First Commercial Sale of the Encorafenib Product in the Ono Territory, Ono shall have the right to terminate this Agreement, for any reasons by giving [ * ] advance written notice to Array which shall be accompanied by the rationale for such termination.",Terminations,10,Terms,9,0.3680361049172413,False,CUAD_external,multinomial_nb,CUAD,"Array BioPharma Inc. - LICENSE, DEVELOPMENT AND COMMERCIALIZATION AGREEMENT",cuad_254_0_15_0,Termination For Convenience,Terminations,390,72
"The Contractor may terminate this Agreement and his or her engagement for any reason at any time upon providing 30 days advance notice in writing to Emerald. Termination will be effective, at Emeralds' election, on a date which is no earlier than the date such notice is received and no later than the date which is 30 days following that date.",Terminations,10,Notices,1,0.3664274674973929,False,CUAD_external,multinomial_nb,CUAD,EMERALDHEALTHTHERAPEUTICSINC_06_10_2020-EX-4.5-CONSULTING AGREEMENT - DR. GAETANO MORELLO N.D. INC.,cuad_488_0_15_0,Termination For Convenience,Terminations,344,61
"This Agreement will automatically terminate in the event of its ""assignment"" (as such term is defined for purposes of Section 15(a) (4) of the Investment Fund Act).",Assignments,7,Terminations,10,0.36546656623794577,False,CUAD_external,multinomial_nb,CUAD,ArcaUsTreasuryFund_20200207_N-2_EX-99.K5_11971930_EX-99.K5_Development Agreement,cuad_220_0_18_0,Anti-Assignment,Assignments,164,27
SEV shall maintain in force (at its own expense) for the term of this agreement and for six years after its termination:,Insurances,11,Terms,9,0.3630369936179747,False,CUAD_external,multinomial_nb,CUAD,SMITHELECTRICVEHICLESCORP_04_04_2012-EX-10.26-FLEET MAINTENANCE AGREEMENT,cuad_208_0_38_1,Insurance,Insurances,120,22
"EHS or EHN, on the one hand, and Dr. Murray, on the other, may terminate any Services Term of this Agreement by delivering 60 days written notice to the other party.",Terminations,10,Terms,9,0.36085796090280003,False,CUAD_external,multinomial_nb,CUAD,EmeraldHealthBioceuticalsInc_20200218_1-A_EX1A-6 MAT CTRCT_11987205_EX1A-6 MAT CTRCT_Development Agreement,cuad_360_0_15_0,Termination For Convenience,Terminations,165,31
"The deposit accounts of the Bank are insured by the FDIC up to the applicable limits; and no proceedings for the termination or revocation of such insurance are pending or, to the best knowledge of the Company or the Bank, threatened.",Insurances,11,Litigations,13,0.36060294269718013,False,CUAD_external,multinomial_nb,CUAD,ALAMOGORDOFINANCIALCORP_12_16_1999-EX-1-AGENCY AGREEMENT,cuad_426_0_38_0,Insurance,Insurances,234,41
"""Launch Date"" means the first date on which the Service is made publicly available.",Terms,9,Notices,1,0.36002198532483426,False,CUAD_external,multinomial_nb,CUAD,TheglobeComInc_19990503_S-1A_EX-10.20_5416126_EX-10.20_Co-Branding Agreement,cuad_403_0_4_0,Expiration Date,Terms,83,14
"In the event that Manufacturer or any of its Affiliates, directly or indirectly, sells, assigns, leases, conveys, transfers or otherwise disposes of any Facility (a ""Facility Disposition""), then Manufacturer shall immediately notify Customer of such event and Customer shall be entitled for a period of six (6) months after the receipt of such notice to terminate any Facility Addendum with respect to such Facility for cause immediately upon written notice to Manufacturer and, in the event Customer decides not to terminate the Facility Addendum for cause, Customer shall be entitled for a period of two (2) years (or such longer period in order to obtain approval for manufacture from all applicable Governmental Authorities) after",Assignments,7,Terminations,10,0.35845857289645877,False,CUAD_external,multinomial_nb,CUAD,UpjohnInc_20200121_10-12G_EX-2.6_11948692_EX-2.6_Manufacturing Agreement_ Supply Agreement,cuad_71_0_18_5,Anti-Assignment,Assignments,734,114
This Agreement shall enter into effect on the date it is signed by both parties as shown below.,Terms,9,Amendments,5,0.35741220211605856,False,CUAD_external,multinomial_nb,CUAD,KALLOINC_11_03_2011-EX-10.1-STRATEGIC ALLIANCE AGREEMENT,cuad_282_0_3_1,Effective Date,Terms,95,18
"M&I may, at any time, withdraw any of the Services (other than the Core Services) upon providing ninety (90) days' prior written notice to Customer.",Terminations,10,Terms,9,0.3556685043530782,False,CUAD_external,multinomial_nb,CUAD,TRICITYBANKSHARESCORP_05_15_1998-EX-10-OUTSOURCING AGREEMENT,cuad_400_0_15_0,Termination For Convenience,Terminations,148,25
Company will not modify or terminate any coverage without giving at least thirty (30) days' prior written notice to ACSI.,Insurances,11,Terminations,10,0.35214758448548295,False,CUAD_external,multinomial_nb,CUAD,AudibleInc_20001113_10-Q_EX-10.32_2599586_EX-10.32_Co-Branding Agreement_ Marketing Agreement_ Investment Distribution Agreement,cuad_290_0_38_0,Insurance,Insurances,121,20
This Agreement will also terminate automatically in the event of its assignment (as defined in the 1940 Act).,Assignments,7,Terminations,10,0.3506744632028751,False,CUAD_external,multinomial_nb,CUAD,IntegrityFunds_20200121_485BPOS_EX-99.E UNDR CONTR_11948727_EX-99.E UNDR CONTR_Service Agreement,cuad_17_0_18_0,Anti-Assignment,Assignments,109,18
"This Agreement is dated April 29, 2010.",Terms,9,Entire Agreements,3,0.3486244537556895,False,CUAD_external,multinomial_nb,CUAD,LEJUHOLDINGSLTD_03_12_2014-EX-10.34-INTERNET CHANNEL COOPERATION AGREEMENT,cuad_384_0_3_0,Effective Date,Terms,39,7
A copy of such insurance policy shall be provided to North within thirty (30) days after execution of this Agreement.,Insurances,11,Notices,1,0.3479604772399194,False,CUAD_external,multinomial_nb,CUAD,PerformanceSportsBrandsInc_20110909_S-1_EX-10.10_7220214_EX-10.10_Endorsement Agreement,cuad_509_0_38_2,Insurance,Insurances,117,20
The Appointment may be terminated by either party giving the other at least 12 months' notice in writing.,Terminations,10,Terms,9,0.34593497711427934,False,CUAD_external,multinomial_nb,CUAD,WPPPLC_04_30_2020-EX-4.28-SERVICE AGREEMENT,cuad_55_0_15_1,Termination For Convenience,Terminations,105,18
"Notwithstanding the foregoing, to the extent that the Services to be provided with respect to any Account which is registered as an investment company under the 1940 Act (herein referred to as a ""registered investment company"") are services referred to in the definition of ""investment advisor"" under Section 202(a)(11) of the Investment Company Act of 1940 (herein referred to as ""investment advisory services""), then with respect to such Account, this Agreement: (i) shall not commence until the effective date of its approval by the board of directors or trustees (""Board"") of such Account; (ii) shall continue from year to year thereafter, subject to the provisions for termination and all other terms and conditions hereof, only if such continuation shall be specifically approved at least annually by a majority of the Board, including a majority of the members of the Board who are not parties to this Agreement or interested persons of any such party (other than as members of the Board) cast in person at a meeting called for that purpose; (iii) may be terminated at any time without the payment of any penalty by the Board or by a vote of a majority of the outstanding voting securities (as defined in Section 2(a)(42) of the 1940 Act) of the Account on 60 days' written notice to the Adviser; (iv) shall automatically terminate in the event of (A) its assignment (as defined in the 1940 Act) or (B) termination of the Advisory Agreement for any reason whatsoever.",Assignments,7,Terms,9,0.3379357992525344,False,CUAD_external,multinomial_nb,CUAD,FEDERATEDGOVERNMENTINCOMESECURITIESINC_04_28_2020-EX-99.SERV AGREE-SERVICES AGREEMENT,cuad_160_0_18_0,Anti-Assignment,Assignments,1474,247
"This Amendment shall enter into force on the date of its signature by both Parties and, unless otherwise agreed upon in writing by the Parties through a subsequent amendment to the GMA, shall remain in force for the term of the referenced GMA.",Terms,9,Entire Agreements,3,0.336667369369662,False,CUAD_external,multinomial_nb,CUAD,AzulSa_20170303_F-1A_EX-10.3_9943903_EX-10.3_Maintenance Agreement2,cuad_59_0_3_1,Effective Date,Terms,243,43
"This Amendment shall enter into force on the date of its signature by both Parties and, unless otherwise agreed upon in writing by the Parties through a subsequent amendment to the GMA, shall remain in force for the term of the referenced GMA.",Terms,9,Entire Agreements,3,0.336667369369662,False,CUAD_external,multinomial_nb,CUAD,AzulSa_20170303_F-1A_EX-10.3_9943903_EX-10.3_Maintenance Agreement2,cuad_59_0_4_0,Expiration Date,Terms,243,43
This agreement commences upon execution of this document.,Terms,9,Counterparts,2,0.33402361529286617,False,CUAD_external,multinomial_nb,CUAD,AgapeAtpCorp_20191202_10-KA_EX-10.1_11911128_EX-10.1_Supply Agreement,cuad_219_0_3_0,Effective Date,Terms,57,8
The services described herein to be provided by Agency shall begin upon execution and delivery of the Outsourcing Agreement and shall continue until termination of Contractor's activities to administer the Notes thereunder.,Terms,9,Survival,6,0.33384826804461054,False,CUAD_external,multinomial_nb,CUAD,ASPIRITYHOLDINGSLLC_05_07_2012-EX-10.6-OUTSOURCING AGREEMENT,cuad_68_0_4_1,Expiration Date,Terms,223,32
"If applicable, Vendor will maintain Products/Completed Operations for at least two (2) years following completion of the Work.",Insurances,11,Terms,9,0.3317871087402503,False,CUAD_external,multinomial_nb,CUAD,AtnInternationalInc_20191108_10-Q_EX-10.1_11878541_EX-10.1_Maintenance Agreement,cuad_138_0_38_15,Insurance,Insurances,126,18
"You understand and acknowledge that the rights and duties set forth in this Agreement are personal to you, and that we have granted this franchise in reliance on your (or your Principals') business skill, financial capacity, and personal character.",Assignments,7,Entire Agreements,3,0.3314893477427702,False,CUAD_external,multinomial_nb,CUAD,"GOOSEHEADINSURANCE,INC_04_02_2018-EX-10.6-Franchise Agreement",cuad_470_0_18_2,Anti-Assignment,Assignments,248,39
"assignment by either party of its rights to an unrelated third party, the other party shall be given written notice, then in such event the other party may upon six-months (6-months) written notice terminate this Agreement.",Assignments,7,Notices,1,0.3304709410424964,False,CUAD_external,multinomial_nb,CUAD,IntegrityMediaInc_20010329_10-K405_EX-10.17_2373875_EX-10.17_Co-Branding Agreement,cuad_338_0_18_1,Anti-Assignment,Assignments,223,36
"""Effective Date"" shall have the meaning set forth in the preamble to this Agreement.",Terms,9,Notices,1,0.32719453884801164,False,CUAD_external,multinomial_nb,CUAD,DovaPharmaceuticalsInc_20181108_10-Q_EX-10.2_11414857_EX-10.2_Promotion Agreement,cuad_8_0_3_0,Effective Date,Terms,84,14
"With respect to franchisees governed by Minnesota law, we will comply with Minn. Stat. § 80C.14, Subds. 3, 4, and 5 which require, except in certain specified cases, that a franchisee be given 90 days' notice of termination (with 60 days to cure) and 180 days' notice of non-renewal of the Franchise Agreement, and that consent to the transfer of the franchise not be unreasonably withheld.",Notices,1,Terms,9,0.3270684909862488,False,CUAD_external,multinomial_nb,CUAD,"GOOSEHEADINSURANCE,INC_04_02_2018-EX-10.6-Franchise Agreement",cuad_470_0_6_1,Notice Period To Terminate Renewal,Notices,390,66
"The Agreement rests, for all that, cancellable at any time by any of the parties before the expiry date of the Agreement or any of itsrenewals, upon three months prior written notice.",Notices,1,Terminations,10,0.3262476714463884,False,CUAD_external,multinomial_nb,CUAD,FerroglobePlc_20150624_F-4A_EX-10.20_9154746_EX-10.20_Outsourcing Agreement,cuad_99_0_6_0,Notice Period To Terminate Renewal,Notices,183,32
other Party pursuant to Section 8.1.,Assignments,7,Notices,1,0.32411429967862476,False,CUAD_external,multinomial_nb,CUAD,MPLXLP_06_17_2015-EX-10.1-TRANSPORTATION SERVICES AGREEMENT,cuad_232_0_18_2,Anti-Assignment,Assignments,36,6
"CBC may terminate this Agreement by no less than 24 (twenty four) months notice given in writing by CBC to MediWound, or such greater period as may be reasonable for MediWound to establish an alternative source of manufacture of Bromelain SP and/or to acquire sufficient inventory of Bromelain SP for a 24 (twenty four) months period.",Terminations,10,Terms,9,0.3232878083500052,False,CUAD_external,multinomial_nb,CUAD,MEDIWOUNDLTD_01_15_2014-EX-10.6-SUPPLY AGREEMENT,cuad_70_0_15_0,Termination For Convenience,Terminations,334,56
"In relation to each Fund, this Agreement shall terminate on the earlier of (a) the expiration of the term of such Fund or (b) the date, if any, on which Oaktree US (or any affiliate it has substituted in its stead in accordance with such Fund's Fund Agreement) is removed as general partner of such Fund or (c) the Sub-Advisor ceasing to be authorised and regulated by the FCA.",Terms,9,Terminations,10,0.3209784993258375,False,CUAD_external,multinomial_nb,CUAD,"OAKTREECAPITALGROUP,LLC_03_02_2020-EX-10.8-Services Agreement",cuad_103_0_4_0,Expiration Date,Terms,377,69
"CHT may use third parties to perform its foregoing rights, provided that any such third parties are not competitors of Ehave and shall be subject to confidentiality obligations.",Assignments,7,Confidentiality,15,0.32005138712171444,False,CUAD_external,multinomial_nb,CUAD,EhaveInc_20190515_20-F_EX-4.44_11678816_EX-4.44_License Agreement_ Reseller Agreement,cuad_302_0_18_1,Anti-Assignment,Assignments,177,28
"Except to Affiliates of Valeant, Valeant shall not subcontract the Valeant Activities with any Third Party (including any contract sales force).",Assignments,7,Confidentiality,15,0.3179126462548554,False,CUAD_external,multinomial_nb,CUAD,DovaPharmaceuticalsInc_20181108_10-Q_EX-10.2_11414857_EX-10.2_Promotion Agreement,cuad_8_0_18_2,Anti-Assignment,Assignments,144,21
receipt of such notice to receive Technical Support at Manufacturer's sole cost to enable Customer to orderly transfer production of affected Product or Products to a Customer facility or an alternative facility as designated by Customer; provided that Manufacturer shall notify Customer of any proposed or planned Facility Disposition by Manufacturer or any of its Affiliates as soon as reasonably practicable and in any event no later than the date that is three (3) months prior to the effective date of such Facility Disposition.,Assignments,7,Notices,1,0.3177058946336036,False,CUAD_external,multinomial_nb,CUAD,UpjohnInc_20200121_10-12G_EX-2.6_11948692_EX-2.6_Manufacturing Agreement_ Supply Agreement,cuad_71_0_18_1,Anti-Assignment,Assignments,533,84
This Agreement will remain in force for perpetuity or until and unless otherwise mutually agreed or amended in writing by both parties.,Terms,9,Amendments,5,0.3162804099561646,False,CUAD_external,multinomial_nb,CUAD,LinkPlusCorp_20050802_8-K_EX-10_3240252_EX-10_Affiliate Agreement,cuad_206_0_4_0,Expiration Date,Terms,135,22
"Prior to the Delivery Date and upon each renewal of any policy, the Company shall supply the Repairer with certificates of insurancecompliant with the terms and conditions set out in Clause 8 of this Agreement.",Insurances,11,Terms,9,0.3117242005502349,False,CUAD_external,multinomial_nb,CUAD,AzulSa_20170303_F-1A_EX-10.3_9943903_EX-10.3_Maintenance Agreement1,cuad_86_0_38_5,Insurance,Insurances,210,35
"This Services Agreement (""Services Agreement"" or ""Agreement"") is entered into as of the date noted below (the ""Effective Date"") between StartEngine Crowdfunding, Inc., a Delaware corporation (""Company""), and Solutions Vending International, Inc a ___ DE corporation (""Customer"" or ""you"").",Terms,9,Entire Agreements,3,0.3116037520600059,False,CUAD_external,multinomial_nb,CUAD,"SOLUTIONSVENDINGINTERNATIONAL,INC_03_31_2020-EX1A-1 UNDR AGMT-SERVICES AGREEMENT",cuad_309_0_3_1,Effective Date,Terms,288,39
"Each party agrees to give the other party written notice, promptly, of any material change in or cancellation of coverages or limits.",Insurances,11,Notices,1,0.31127298475964704,False,CUAD_external,multinomial_nb,CUAD,BIOFRONTERAAG_04_29_2019-EX-4.17-SUPPLY AGREEMENT,cuad_313_0_38_4,Insurance,Insurances,133,22
"The Executive is entitled to membership of a Group income protection plan and life assurance cover, which will be paid for by the Company.",Insurances,11,Expenses,8,0.3099019293323661,False,CUAD_external,multinomial_nb,CUAD,WPPPLC_04_30_2020-EX-4.28-SERVICE AGREEMENT,cuad_55_0_38_2,Insurance,Insurances,138,24
In the event of a Change of Control (as defined below) this Agreement shall immediately terminate.,Assignments,7,Terminations,10,0.30813926741246056,False,CUAD_external,multinomial_nb,CUAD,"Zounds Hearing, Inc. - MANUFACTURING DESIGN MARKETING AGREEMENT",cuad_47_0_18_0,Anti-Assignment,Assignments,98,16
"This Agreement will take effect on the Effective Date and remain in effect for a period of 1 year; provided, that Sections 2 and 3 level shall terminate promptly upon (a) any action or omission by Client or any of its customers which constitutes a breach of or default by TrueLink under any System Agreement or Credit Repository Agreement, which breach or default has either not been cured or cannot be cured within the applicable cure period and the consequences of which is that TrueLink will lose material rights it had pursuant to said Agreements or (b) any violations or breach by Client of Sections 8a - 8c.",Terms,9,Terminations,10,0.3077242591031192,False,CUAD_external,multinomial_nb,CUAD,BNCMORTGAGEINC_05_17_1999-EX-10.4-LICENSING AND WEB SITE HOSTING AGREEMENT,cuad_37_0_4_0,Expiration Date,Terms,613,108
"this ___ day of _________, 2004",Terms,9,Notices,1,0.30619272211559323,False,CUAD_external,multinomial_nb,CUAD,"ADIANUTRITION,INC_04_01_2005-EX-10.D2-RESELLER AGREEMENT",cuad_352_0_3_0,Effective Date,Terms,31,6
the date of the Closing,Terms,9,Terminations,10,0.30408786386602926,False,CUAD_external,multinomial_nb,CUAD,GpaqAcquisitionHoldingsInc_20200123_S-4A_EX-10.6_11951677_EX-10.6_License Agreement,cuad_146_0_3_0,Effective Date,Terms,23,5
This Limited Power of Attorney shall be revoked and terminated automatically upon the cancellation or termination of the Services Agreement or as to any Fund upon the cancellation or termination of the Adviser's Investment Advisory Contract for such Fund.,Terms,9,Terminations,10,0.3031233922956516,False,CUAD_external,multinomial_nb,CUAD,FEDERATEDGOVERNMENTINCOMESECURITIESINC_04_28_2020-EX-99.SERV AGREE-SERVICES AGREEMENT_POWEROF,cuad_278_0_4_0,Expiration Date,Terms,255,39
This Agreement shall be valid for an indefinite period.,Terms,9,Severability,4,0.3022172143353795,False,CUAD_external,multinomial_nb,CUAD,DRAGONSYSTEMSINC_01_08_1999-EX-10.17-OUTSOURCING AGREEMENT,cuad_62_0_4_0,Expiration Date,Terms,55,9
"The Agreements, and your rights and obligations under them, are and shall remain personal to you.",Assignments,7,Entire Agreements,3,0.3015706702722278,False,CUAD_external,multinomial_nb,CUAD,BUFFALOWILDWINGSINC_06_05_1998-EX-10.3-FRANCHISE AGREEMENT,cuad_199_0_18_3,Anti-Assignment,Assignments,97,16
Eutectix's liability under the Agreement shall not be limited or modified in any way by the amount or terms of any insurance it is required to maintain hereunder.,Insurances,11,Amendments,5,0.2996558567005003,False,CUAD_external,multinomial_nb,CUAD,LiquidmetalTechnologiesInc_20200205_8-K_EX-10.1_11968198_EX-10.1_Development Agreement,cuad_444_0_38_1,Insurance,Insurances,162,28
"Without limitation of its rights under this ARTICLE 13, Xencor may also terminate this Agreement in its entirety as applicable, pursuant to the provisions of Section 9.7.",Terminations,10,Survival,6,0.2925271616526845,False,CUAD_external,multinomial_nb,CUAD,AimmuneTherapeuticsInc_20200205_8-K_EX-10.3_11967170_EX-10.3_Development Agreement,cuad_108_0_15_1,Termination For Convenience,Terminations,170,27
(ii) upon sixty (60) days' written notice by the Licensor to the Licensee or (b) by the Licensee,Terminations,10,Notices,1,0.29247405403360865,False,CUAD_external,multinomial_nb,CUAD,NmfSlfIInc_20200115_10-12GA_EX-10.5_11946987_EX-10.5_Trademark License Agreement,cuad_280_0_15_2,Termination For Convenience,Terminations,96,18
"THIS FRANCHISE AGREEMENT (the ""Agreement"") is made and entered into as of the ""Effective Date"" that we have indicated on the signature page of this Agreement by and between:",Terms,9,Entire Agreements,3,0.29088581586534645,False,CUAD_external,multinomial_nb,CUAD,"GOOSEHEADINSURANCE,INC_04_02_2018-EX-10.6-Franchise Agreement",cuad_470_0_3_1,Effective Date,Terms,173,29
This Agreement shall be terminable by,Assignments,7,Governing Laws,0,0.28735156806372386,False,CUAD_external,multinomial_nb,CUAD,PalmerSquareCapitalBdcInc_20200116_10-12GA_EX-10.6_11949289_EX-10.6_Trademark License Agreement,cuad_163_0_18_2,Anti-Assignment,Assignments,37,6
"Notwithstanding any provisions of this Agreement to the contrary, this Agreement shall terminate upon the Trust's payment to the Company of the sum of the aggregate amount of the premiums paid under the Policy since inception (which amount includes the outstanding principal balance of the Demand Note).",Terms,9,Terminations,10,0.2868652310502885,False,CUAD_external,multinomial_nb,CUAD,MOVADOGROUPINC_04_30_2003-EX-10.28-ENDORSEMENT AGREEMENT,cuad_358_0_4_0,Expiration Date,Terms,303,47
EFS agrees that these policies shall not be canceled or materially changed without at least thirty (30) days' prior written notice to Client.,Insurances,11,Terms,9,0.28374137448065495,False,CUAD_external,multinomial_nb,CUAD,PlayboyEnterprisesInc_20090220_10-QA_EX-10.2_4091580_EX-10.2_Content License Agreement_ Marketing Agreement_ Sales-Purchase Agreement1,cuad_489_0_38_1,Insurance,Insurances,141,23
"This Clause 6 and Clauses 1, 5, 7 through 9 (inclusive) come into force and effect upon the execution of this Agreement by the Parties.",Terms,9,Survival,6,0.27774162328525415,False,CUAD_external,multinomial_nb,CUAD,QIWI_06_16_2017-EX-99.(D)(2)-COOPERATION AGREEMENT,cuad_395_0_3_0,Effective Date,Terms,135,25
This agreement shall begin upon the date of its execution by MA and acceptance in writing by Company,Terms,9,Notices,1,0.27573353164419173,False,CUAD_external,multinomial_nb,CUAD,CybergyHoldingsInc_20140520_10-Q_EX-10.27_8605784_EX-10.27_Affiliate Agreement,cuad_374_0_3_0,Effective Date,Terms,100,18
Customer agrees that it will not transfer or (unless expressly and specifically approved by Kubient in advance and in writing) allow third-party access to the Service,Assignments,7,Confidentiality,15,0.2737594588064713,False,CUAD_external,multinomial_nb,CUAD,"KUBIENT,INC_07_02_2020-EX-10.14-MASTER SERVICES AGREEMENT_Part1",cuad_210_0_18_2,Anti-Assignment,Assignments,166,26
Contract is renewable for 1 year extension by amendment to this agreement.,Terms,9,Amendments,5,0.2734272008700097,False,CUAD_external,multinomial_nb,CUAD,BravatekSolutionsInc_20170418_8-K_EX-10.1_10205739_EX-10.1_Reseller Agreement,cuad_273_0_5_0,Renewal Term,Terms,74,12
"14th day of May, 1999",Terms,9,Notices,1,0.2695573343868547,False,CUAD_external,multinomial_nb,CUAD,STAMPSCOMINC_06_24_1999-EX-10.18-SPONSORSHIP AGREEMENT,cuad_362_0_3_0,Effective Date,Terms,21,5
"No transfer, amendment, waiver, supplement, assignment or other modification of this Transaction (other than the pledge of this Transaction to the Master Servicer pursuant to the Pooling and Servicing Agreement) shall be permitted by either party unless Moody's and Fitch have been provided notice of the same and confirm in writing (including by facsimile transmission) that they will not downgrade, qualify, withdraw or otherwise modify its then-current rating of the Certificates; provided however that except with respect to a transfer at the direction of UBS, nothing in this provision shall impose any obligation on UBS to give notice to any rating agency.",Assignments,7,Notices,1,0.26779055899496784,False,CUAD_external,multinomial_nb,CUAD,WELLSFARGOMORTGAGEBACKEDSECURITIES2006-6TRUST_05_11_2006-EX-10.3-Yield Maintenance Agreement,cuad_96_0_18_0,Anti-Assignment,Assignments,662,102
"Signed and effective this 25th day of May, 1999.",Terms,9,Counterparts,2,0.2671859260186264,False,CUAD_external,multinomial_nb,CUAD,AMERICANPHYSICIANSCAPITALINC_03_31_2003-EX-10.26-AGENCY AGREEMENT,cuad_105_0_3_0,Effective Date,Terms,48,9
The Company reserves the right in its sole and absolute discretion to give written notice to,Terminations,10,Assignments,7,0.26610820633906695,False,CUAD_external,multinomial_nb,CUAD,BICYCLETHERAPEUTICSPLC_03_10_2020-EX-10.11-SERVICE AGREEMENT,cuad_78_0_15_0,Termination For Convenience,Terminations,92,16
Merchant shall not make any change in the amount of any deductibles or self-insurance amounts on or after the date of this Agreement without Purchaser's prior written consent.,Insurances,11,Assignments,7,0.2648029567607092,False,CUAD_external,multinomial_nb,CUAD,BONTONSTORESINC_04_20_2018-EX-99.3-AGENCY AGREEMENT,cuad_21_0_38_3,Insurance,Insurances,175,28
This Agreement shall be terminable,Terminations,10,Governing Laws,0,0.26446683495768636,False,CUAD_external,multinomial_nb,CUAD,PalmerSquareCapitalBdcInc_20200116_10-12GA_EX-10.6_11949289_EX-10.6_Trademark License Agreement,cuad_163_0_15_1,Termination For Convenience,Terminations,34,5
This Agreement shall be terminable,Assignments,7,Governing Laws,0,0.26446683495768636,False,CUAD_external,multinomial_nb,CUAD,NmfSlfIInc_20200115_10-12GA_EX-10.5_11946987_EX-10.5_Trademark License Agreement,cuad_280_0_18_2,Anti-Assignment,Assignments,34,5
"this ______ day of ________________, 2013",Terms,9,Notices,1,0.26422353174467644,False,CUAD_external,multinomial_nb,CUAD,Principal Life Insurance Company - Broker Dealer Marketing and Servicing Agreement,cuad_51_0_3_0,Effective Date,Terms,41,6
"""Effective Date"" shall mean the date of signature of the last Party to execute this Agreement.",Terms,9,Notices,1,0.25859257189379165,False,CUAD_external,multinomial_nb,CUAD,KitovPharmaLtd_20190326_20-F_EX-4.15_11584449_EX-4.15_Manufacturing Agreement,cuad_381_0_3_0,Effective Date,Terms,94,16
"Appropriate coverage must also be provided for business interruption/extra expense exposures, written on an actual loss sustained basis.",Insurances,11,Notices,1,0.25824006883895523,False,CUAD_external,multinomial_nb,CUAD,"GOOSEHEADINSURANCE,INC_04_02_2018-EX-10.6-Franchise Agreement",cuad_470_0_38_7,Insurance,Insurances,136,18
"_____ day of __________________, 2015",Terms,9,Notices,1,0.2577285879851943,False,CUAD_external,multinomial_nb,CUAD,SoupmanInc_20150814_8-K_EX-10.1_9230148_EX-10.1_Franchise Agreement1,cuad_335_0_3_0,Effective Date,Terms,37,5
"You acknowledge and agree that the franchise granted to you hereunder is non-exclusive and is only for one (1) Master Territory; that you are not granted any area, market, or protected territorial rights other than as expressly provided in Section 1.1 of this Agreement; and that you shall not have the right to sublicense, sublease, subcontract or enter into any management agreement providing for the right to operate the Franchised Business or to use the System granted pursuant to this Agreement, except in the manner expressly provided for in Section 5.1 of this Agreement.",Assignments,7,Entire Agreements,3,0.25757011813729896,False,CUAD_external,multinomial_nb,CUAD,SoupmanInc_20150814_8-K_EX-10.1_9230148_EX-10.1_Franchise Agreement1,cuad_335_0_18_2,Anti-Assignment,Assignments,578,94
"All insurance must be written on an ""occurrence"" basis.",Insurances,11,Notices,1,0.25305035745057375,False,CUAD_external,multinomial_nb,CUAD,"FTENETWORKS,INC_02_18_2016-EX-99.4-STRATEGIC ALLIANCE AGREEMENT",cuad_11_0_38_3,Insurance,Insurances,55,9
"Except as may be provided in any Schedule, Metavante may, at any time, withdraw any of the Services upon providing ninety (90) days' prior written notice to Customer, provided that Metavante is withdrawing the Service(s) from its entire client base.",Terminations,10,Terms,9,0.2506355117218992,False,CUAD_external,multinomial_nb,CUAD,OFGBANCORP_03_28_2007-EX-10.23-OUTSOURCING AGREEMENT,cuad_348_0_15_0,Termination For Convenience,Terminations,249,40
"Upon the execution of this Agreement or at any time at a Party's request during the term of this Agreement, the other Party shall provide the requesting Party with evidence of the aforementioned insurance coverage in the form of a certificate of insurance acceptable to the requesting Party.",Insurances,11,Further Assurances,14,0.2504794215511854,False,CUAD_external,multinomial_nb,CUAD,EhaveInc_20190515_20-F_EX-4.44_11678816_EX-4.44_License Agreement_ Reseller Agreement,cuad_302_0_38_1,Insurance,Insurances,291,48
"The Parties agree that ECOPETROL may declare the termination in advance of the Contract at any time, without any indemnity in favor of the SENDER in the following events:",Assignments,7,Terminations,10,0.2457333872369528,False,CUAD_external,multinomial_nb,CUAD,GRANTIERRAENERGYINC_05_07_2012-EX-10.6-TRANSPORTATION CONTRACT,cuad_141_0_18_1,Anti-Assignment,Assignments,170,29
"an affiliated, parent, subsidiary, related company (or in the case of the production of Advertising Materials to an advertising agency representing TDA) so as to effectuate the intent of this Agreement and the subject matter hereof, although TDA will continue to be liable for all financial obligations hereunder.",Assignments,7,Entire Agreements,3,0.24491487670220302,False,CUAD_external,multinomial_nb,CUAD,"HALITRON,INC_03_01_2005-EX-10.15-SPONSORSHIP AND DEVELOPMENT AGREEMENT",cuad_370_0_18_1,Anti-Assignment,Assignments,313,48
"Bank of America shall be named as an ''Additional Insured"" to the coverages described in Sections 26.2.3, 26.2.4, and 26.2.5 below for the purpose of protecting Bank of America from any expense and/or liability arising out of, alleged to arise out of, related to or connected with the Products provided by Supplier and/or its Subcontractors.",Insurances,11,Indemnifications,18,0.24327452298777433,False,CUAD_external,multinomial_nb,CUAD,CardlyticsInc_20180112_S-1_EX-10.16_11002987_EX-10.16_Maintenance Agreement1,cuad_154_0_38_11,Insurance,Insurances,341,55
Party A is entitled to unilaterally terminate this Agreement within three natural months from the signing date of this Agreement.,Terminations,10,Terms,9,0.24307263000335905,False,CUAD_external,multinomial_nb,CUAD,SENMIAOTECHNOLOGYLTD_02_19_2019-EX-10.5-Collaboration Agreement,cuad_34_0_15_0,Termination For Convenience,Terminations,129,20
"If you propose to Transfer this Agreement, the Franchise or its assets, or any Interest, or if any of your Principal Owners proposes to Transfer a controlling Interest in you or make a Transfer that is one of a series of Transfers which taken together would constitute the Transfer of a controlling Interest in you, then all of the following conditions must be met before or at the time of the Transfer: (a) the Proposed New Owner must have sufficient business experience, aptitude, and financial resources to operate the Franchise; (b) you must pay any amounts owed for purchases from us and our affiliates, and any other amounts owed to us or our affiliates which are unpaid; (c) the Proposed New Owner's directors and such other personnel as we may designate must have successfully completed our Initial Training program, and shall be legally authorized and have all licenses necessary to perform the services offered by the Franchise. The Proposed New Owner shall be responsible for any wages and compensation owed to, and the travel and living expenses (including all transportation costs, room, board and meals) incurred by, the attendees who attend the Initial Training program; (d) if your lease for the Premises requires it, the lessor must have consented to the assignment of the lease of the Premises to the Proposed New Owner; (e) you (or the Proposed New Owner) must pay us a Transfer fee equal to seventy-five percent (75%) of the then current initial franchise fee we charge to new Start-up Location franchisees, and must reimburse us for any reasonable expenses incurred by us in investigating and processing any Proposed New Owner where the Transfer is not consummated for any reason; (f) you and your Principal Owners and your and their spouses must execute a general release (in a form satisfactory to us) of any and all claims you and/or they may have against us, our affiliates, and our and our affiliates' respective officers, directors, employees, and agents;",Assignments,7,Expenses,8,0.2424387052791906,False,CUAD_external,multinomial_nb,CUAD,JOINTCORP_09_19_2014-EX-10.15-FRANCHISE AGREEMENT,cuad_479_0_18_0,Anti-Assignment,Assignments,1982,330
"The date upon which MediWound shall have acknowledged in writing to CBC that the Conditions Precedent have all been met shall be the ""Effective Date"".",Terms,9,Notices,1,0.24108311363872975,False,CUAD_external,multinomial_nb,CUAD,MEDIWOUNDLTD_01_15_2014-EX-10.6-SUPPLY AGREEMENT,cuad_70_0_3_0,Effective Date,Terms,150,25
"Franchisor may terminate or modify any rights that Developer may have with respect to protected exclusive rights in the Territory, as granted under Section 1.1 above, effective ten (10) days after delivery of written notice thereof to Developer.",Terminations,10,Notices,1,0.24053056777957485,False,CUAD_external,multinomial_nb,CUAD,ElPolloLocoHoldingsInc_20200306_10-K_EX-10.16_12041700_EX-10.16_Development Agreement,cuad_411_0_15_0,Termination For Convenience,Terminations,245,38
"""Effective Date"" means the date of actual execution of this Contract by the Parties.",Terms,9,Notices,1,0.23608616695401163,False,CUAD_external,multinomial_nb,CUAD,CHAPARRALRESOURCESINC_03_30_2000-EX-10.66-TRANSPORTATION CONTRACT,cuad_296_0_3_0,Effective Date,Terms,84,14
Agent shall not make any change in the amount of any deductibles or self-insurance amounts prior to the Sale Termination Date without Merchant's prior written consent.,Insurances,11,Assignments,7,0.23553307976186433,False,CUAD_external,multinomial_nb,CUAD,BONTONSTORESINC_04_20_2018-EX-99.3-AGENCY AGREEMENT,cuad_21_0_38_7,Insurance,Insurances,167,26
"This Agreement is executed in duplicate on the 5th day of December, 2007, in Fort Worth, Tarrant County, Texas, to be effective January 1, 2008.",Terms,9,Counterparts,2,0.23366893907526687,False,CUAD_external,multinomial_nb,CUAD,"CANOPETROLEUM,INC_12_13_2007-EX-10.1-Sponsorship Agreement",cuad_227_0_3_0,Effective Date,Terms,144,25
In respect of all of the above insurances to contain breach or warranty provisions and confirmation the policies shall not be cancelled or materially changed without [*****] prior written notice [*****] or such lesser period in respect of War and Allied Peril).,Insurances,11,Entire Agreements,3,0.23076684097292208,False,CUAD_external,multinomial_nb,CUAD,AzulSa_20170303_F-1A_EX-10.3_9943903_EX-10.3_Maintenance Agreement1,cuad_86_0_38_0,Insurance,Insurances,261,42
This Agreement shall be terminable (a) by the Licensor,Terminations,10,Governing Laws,0,0.22715067871281663,False,CUAD_external,multinomial_nb,CUAD,NmfSlfIInc_20200115_10-12GA_EX-10.5_11946987_EX-10.5_Trademark License Agreement,cuad_280_0_15_0,Termination For Convenience,Terminations,54,9
"HERC shall provide for ten (10) days notice to THC and HSI in the event of any modification, cancellation or termination.",Insurances,11,Notices,1,0.22274736511072663,False,CUAD_external,multinomial_nb,CUAD,"HERTZGLOBALHOLDINGS,INC_07_07_2016-EX-10.4-INTELLECTUAL PROPERTY AGREEMENT",cuad_28_0_38_0,Insurance,Insurances,121,21
"""Effective Date"" means the Closing Date as set forth in the Share Purchase Agreement.",Terms,9,Notices,1,0.2226184951874105,False,CUAD_external,multinomial_nb,CUAD,ChinaRealEstateInformationCorp_20090929_F-1_EX-10.32_4771615_EX-10.32_Content License Agreement,cuad_27_0_3_0,Effective Date,Terms,85,14
"Except as agreed by the Parties in writing or as otherwise stated in the Exhibits, Company may terminate for convenience any Transition Service, and RGHI may terminate for convenience any Reverse Transition Service, upon 30 days' prior written notice of such termination; provided, (a) that, with respect to the Services described in Section G1 of Exhibit A, unless otherwise indicated therein, those Services may not be terminated independently except in accordance with an agreed Migration Plan and, (b) any unamortized costs associated with Provider's purchase of any license or other costs incurred specifically for the purpose of providing the Services hereunder will be passed through to the Terminating Party.",Terminations,10,Terms,9,0.21728231018826483,False,CUAD_external,multinomial_nb,CUAD,ReynoldsConsumerProductsInc_20200121_S-1A_EX-10.22_11948918_EX-10.22_Service Agreement,cuad_200_0_15_0,Termination For Convenience,Terminations,716,109
"Customer will not modify, translate, alter, tamper with, repair, or otherwise create derivative works of any software included in any Service; reverse engineer, disassemble, or decompile any software or Service or apply any other process or procedure to derive source code of any software included in any Service; or resell, transfer, assign, or use as a service bureau any Service",Assignments,7,Confidentiality,15,0.21553323604049823,False,CUAD_external,multinomial_nb,CUAD,"KUBIENT,INC_07_02_2020-EX-10.14-MASTER SERVICES AGREEMENT_Part1",cuad_210_0_18_1,Anti-Assignment,Assignments,381,60
"Franchisee agrees to participate in any governmental Worker's Compensation Program, unemployment insurance program, hospitalization program and any other similar program which may be required by the laws of the country where the Franchised Restaurant is located.",Insurances,11,Governing Laws,0,0.21444129930308317,False,CUAD_external,multinomial_nb,CUAD,INTERNATIONALFASTFOODCORP_04_04_1997-EX-99-FRANCHISE AGREEMENT,cuad_82_0_38_0,Insurance,Insurances,262,36
You agree not to open the Franchise for business until:,Insurances,11,Confidentiality,15,0.2134419709259083,False,CUAD_external,multinomial_nb,CUAD,JOINTCORP_09_19_2014-EX-10.15-FRANCHISE AGREEMENT,cuad_479_0_38_2,Insurance,Insurances,55,10
"THIS SPONSORSHIP AGREEMENT (""Agreement"") is entered into and effective as of the date first written above (""Effective Date"") by and among PEEK Investments LLC, a Delaware limited liability company (""Purchaser""), and each other party hereto identified on the signature page(s) hereto (each, a ""Sponsor"").",Terms,9,Notices,1,0.2117677135503892,False,CUAD_external,multinomial_nb,CUAD,LOOKSMARTLTD_07_20_2012-EX-99.(D)(I)-SPONSORSHIP AGREEMENT,cuad_448_0_3_0,Effective Date,Terms,303,44
of such subcontracting Party (e.g. [***]) or (b) [***] (e.g. [***]) in order for a Party to [***].,Assignments,7,Notices,1,0.21168597118816246,False,CUAD_external,multinomial_nb,CUAD,"BERKELEYLIGHTS,INC_06_26_2020-EX-10.12-COLLABORATION AGREEMENT",cuad_418_0_18_4,Anti-Assignment,Assignments,98,18
"In addition to the rights of Bank of America set forth in this Section, (a) If Bank of America terminates any Product License Schedule for material default by Supplier prior to the Acceptance Date of the Software, Bank of America shall be entitled to a full refund, within thirty (30) calendar days after notice of termination, of all license fees, Maintenance Fees and other fees paid",Terminations,10,Notices,1,0.20606107451671607,False,CUAD_external,multinomial_nb,CUAD,CardlyticsInc_20180112_S-1_EX-10.16_11002987_EX-10.16_Maintenance Agreement1,cuad_154_0_15_1,Termination For Convenience,Terminations,385,66
EDGE's acceptance of or failure to object to the submitted documents does not constitute approval of coverage that is not in compliance with this Agreement or as acceptance or affirmation of the adequacy or applicability of such insurance.,Insurances,11,Waivers,19,0.20528497313400113,False,CUAD_external,multinomial_nb,CUAD,"FTENETWORKS,INC_02_18_2016-EX-99.4-STRATEGIC ALLIANCE AGREEMENT",cuad_11_0_38_10,Insurance,Insurances,239,38
"All rights (under any applicable intellectual property right) granted herein are not sublicenseable,",Assignments,7,Governing Laws,0,0.20524378862199258,False,CUAD_external,multinomial_nb,CUAD,2ThemartComInc_19990826_10-12G_EX-10.10_6700288_EX-10.10_Co-Branding Agreement_ Agency Agreement,cuad_449_0_18_0,Anti-Assignment,Assignments,100,13
Each Party may also terminate the Agreement for convenience after Contract Year 2,Terminations,10,Terms,9,0.20415281340926086,False,CUAD_external,multinomial_nb,CUAD,AlliedEsportsEntertainmentInc_20190815_8-K_EX-10.34_11788308_EX-10.34_Sponsorship Agreement,cuad_124_0_15_0,Termination For Convenience,Terminations,81,13
"WHEREAS, it is now understood and agreed that this split-dollar agreement is to be effective as of the date first listed above;",Terms,9,Amendments,5,0.20408478513745681,False,CUAD_external,multinomial_nb,CUAD,PrudentialBancorpInc_20170606_8-K_EX-10.4_10474434_EX-10.4_Endorsement Agreement,cuad_416_0_3_1,Effective Date,Terms,127,22
"On or prior to the date of this Agreement or TF's election to the Board of Directors at the Annual Meeting, as applicable, the Company shall have (x) nominated TF for election to the Board of Directors at the Annual Meeting, (y) entered into an Indemnification Agreement with TF as the Director Designee and (z) taken all necessary action for TF to be covered by the Company's existing directors' liability insurance policy.",Insurances,11,Indemnifications,18,0.2027815917599584,False,CUAD_external,multinomial_nb,CUAD,"ROCKYMOUNTAINCHOCOLATEFACTORY,INC_12_23_2019-EX-10.2-STRATEGIC ALLIANCE AGREEMENT",cuad_307_0_38_0,Insurance,Insurances,424,72
You agree that you will do all of the following things:,Insurances,11,Confidentiality,15,0.20069562660767576,False,CUAD_external,multinomial_nb,CUAD,PfHospitalityGroupInc_20150923_10-12G_EX-10.1_9266710_EX-10.1_Franchise Agreement1,cuad_30_0_38_12,Insurance,Insurances,55,11
"T&B shall not, during the Term, grant any third party a license to use the Licensed Intellectual Property within the Exclusive Field of Use.",Assignments,7,Confidentiality,15,0.1971044212111662,False,CUAD_external,multinomial_nb,CUAD,LegacyEducationAllianceInc_20200330_10-K_EX-10.18_12090678_EX-10.18_Development Agreement,cuad_52_0_18_2,Anti-Assignment,Assignments,140,24
"Before engaging any IAC Subcontractor, IAC shall first notify and get written approval from Sonos for the use of such IAC Subcontractor.",Assignments,7,Notices,1,0.19619794231685234,False,CUAD_external,multinomial_nb,CUAD,"Sonos, Inc. - Manufacturing Agreement",cuad_192_0_18_1,Anti-Assignment,Assignments,136,22
"In no event shall HERC perform or promote the carry out the activities contemplated under this Agreement or the Trademark, Trade Name, Domain and Related Rights License Agreement prior to receipt by THC and HSI of evidence of insurance.",Insurances,11,Further Assurances,14,0.19468649901074306,False,CUAD_external,multinomial_nb,CUAD,"HERTZGLOBALHOLDINGS,INC_07_07_2016-EX-10.4-INTELLECTUAL PROPERTY AGREEMENT",cuad_28_0_38_5,Insurance,Insurances,236,39
Philips shall fully comply with the terms of the Quality Agreement regarding its obligations and responsibilities with respect to maintaining the required level of insurance.,Insurances,11,Entire Agreements,3,0.19098549188622554,False,CUAD_external,multinomial_nb,CUAD,PROFOUNDMEDICALCORP_08_29_2019-EX-4.5-SUPPLY AGREEMENT,cuad_399_0_38_0,Insurance,Insurances,174,25
"have been satisfactorily met and no objection on the part of the Federal Trade Commission or the Justice Department remains, or (c) the occurrence of the Acceptance Time (as defined in the Transaction Agreement).",Terms,9,Terminations,10,0.19062346795160168,False,CUAD_external,multinomial_nb,CUAD,"FOUNDATIONMEDICINE,INC_02_02_2015-EX-10.2-Collaboration Agreement",cuad_257_0_3_1,Effective Date,Terms,212,34
knowingly use the Services in violation of this Agreement.,Terms,9,Assignments,7,0.18722174650385523,False,CUAD_external,multinomial_nb,CUAD,OPERALTD_04_30_2020-EX-4.14-SERVICE AGREEMENT,cuad_24_0_5_1,Renewal Term,Terms,58,9
"15th day of May, 2013",Terms,9,Notices,1,0.1863183765918178,False,CUAD_external,multinomial_nb,CUAD,SEASPINEHOLDINGSCORP_10_10_2018-EX-10.1-SUPPLY AGREEMENT,cuad_417_0_3_0,Effective Date,Terms,21,5
In the event of such an,Assignments,7,Severability,4,0.18048741874343138,False,CUAD_external,multinomial_nb,CUAD,IntegrityMediaInc_20010329_10-K405_EX-10.17_2373875_EX-10.17_Co-Branding Agreement,cuad_338_0_18_2,Anti-Assignment,Assignments,23,6
"Insurance in terms of the Compensation for Injuries and Diseases Act, No. 130 of 1993, as amended",Insurances,11,Amendments,5,0.1751551549451212,False,CUAD_external,multinomial_nb,CUAD,TELKOMSALTD_01_30_2003-EX-10-LICENCE AND MAINTENANCE AGREEMENT,cuad_341_0_38_1,Insurance,Insurances,97,17
"The deposit accounts of the Bank are insured by the FDIC up to the applicable limits, and upon consummation of the Conversion, the liquidation accounts for the benefit of Eligible Account Holders will be duly established in accordance with the requirements of the Massachusetts Regulations.",Insurances,11,Expenses,8,0.1747992367119093,False,CUAD_external,multinomial_nb,CUAD,"BLUEHILLSBANCORP,INC_05_20_2014-EX-1.1-AGENCY AGREEMENT",cuad_401_0_38_0,Insurance,Insurances,290,45
"19 DAY OF MAY , 2010",Terms,9,Notices,1,0.17106391607424967,False,CUAD_external,multinomial_nb,CUAD,"WASTE2ENERGYHOLDINGS,INC_06_03_2010-EX-10.2-STRATEGIC ALLIANCE AGREEMENT",cuad_56_0_3_1,Effective Date,Terms,20,6
This Agreement shall take effect as of the date when the authorized representatives of the Parties sign hereon.,Terms,9,Counterparts,2,0.16802418473157155,False,CUAD_external,multinomial_nb,CUAD,TUNIUCORP_03_06_2014-EX-10-COOPERATION AGREEMENT,cuad_32_0_3_0,Effective Date,Terms,111,18
Coverage must be maintained for as long as required by Applicable Law in each country after release of the last Subject from the Clinical Trials or where there is no legal requirement at least [***] after the termination of this Agreement.,Insurances,11,Confidentiality,15,0.16796512803000535,False,CUAD_external,multinomial_nb,CUAD,PhasebioPharmaceuticalsInc_20200330_10-K_EX-10.21_12086810_EX-10.21_Development Agreement,cuad_177_0_38_8,Insurance,Insurances,239,41
Chase may revoke Affiliate's license at any time.,Terminations,10,Amendments,5,0.16490670623687995,False,CUAD_external,multinomial_nb,CUAD,CreditcardscomInc_20070810_S-1_EX-10.33_362297_EX-10.33_Affiliate Agreement,cuad_45_0_15_0,Termination For Convenience,Terminations,49,8
"The following events shall constitute a default by Developer, which shall result in El Pollo Loco's right to declare the immediate termination of this Agreement.",Assignments,7,Survival,6,0.16475163802611603,False,CUAD_external,multinomial_nb,CUAD,ElPolloLocoHoldingsInc_20200306_10-K_EX-10.16_12041700_EX-10.16_Development Agreement,cuad_411_0_18_1,Anti-Assignment,Assignments,161,25
"The Parties have agreed that they will mutually approve the design of the Co-Branded Site and that the launch date of the Co-Branded Site shall be September 1st, 1999 unless mutually extended by the Parties as agreed to in writing.",Terms,9,Entire Agreements,3,0.1591893434314457,False,CUAD_external,multinomial_nb,CUAD,HealthcentralCom_19991108_S-1A_EX-10.27_6623292_EX-10.27_Co-Branding Agreement,cuad_318_0_3_1,Effective Date,Terms,231,40
This Contract shall take effect after it is approved by the Examination and Approval Authority.,Terms,9,Amendments,5,0.1539368785321747,False,CUAD_external,multinomial_nb,CUAD,VALENCETECHNOLOGYINC_02_14_2003-EX-10-JOINT VENTURE CONTRACT,cuad_238_0_3_1,Effective Date,Terms,95,15
"The Agency shall provide MICOA a copy of each policy; doing so on a regular and current basis shall be a precondition to all of Agency's rights under this Agreement, including but not limited to the payment of all earned commissions.",Insurances,11,Expenses,8,0.1503383177628067,False,CUAD_external,multinomial_nb,CUAD,AMERICANPHYSICIANSCAPITALINC_03_31_2003-EX-10.26-AGENCY AGREEMENT,cuad_105_0_38_1,Insurance,Insurances,233,41
An Event of Default shall mean any of the following occurrences:,Assignments,7,Waivers,19,0.14957965441527757,False,CUAD_external,multinomial_nb,CUAD,Monsanto Company - SECOND A_R EXCLUSIVE AGENCY AND MARKETING AGREEMENT,cuad_408_0_18_7,Anti-Assignment,Assignments,64,11
You agree at your own expense to do the following by the Opening Deadline defined in Exhibit 1:,Insurances,11,Notices,1,0.14273891253243978,False,CUAD_external,multinomial_nb,CUAD,JOINTCORP_09_19_2014-EX-10.15-FRANCHISE AGREEMENT,cuad_479_0_38_10,Insurance,Insurances,95,18
Failure to secure such insurance as of the date of execution of this Agreement shall constitute a breach of this Agreement.,Insurances,11,Counterparts,2,0.1368880980883373,False,CUAD_external,multinomial_nb,CUAD,"BELLRINGBRANDS,INC_02_07_2020-EX-10.18-MASTER SUPPLY AGREEMENT",cuad_107_0_38_1,Insurance,Insurances,123,21
"Subcontractor expressly acknowledges while EDGE retains the right to review the insurance provided by Subcontractor and' Lower-tier Subcontractors, EDGE is not obligated to perform such review.",Insurances,11,Assignments,7,0.13505941813656547,False,CUAD_external,multinomial_nb,CUAD,"FTENETWORKS,INC_02_18_2016-EX-99.4-STRATEGIC ALLIANCE AGREEMENT",cuad_11_0_38_4,Insurance,Insurances,193,26
To ensure that a backup facility will be available in,Insurances,11,Compliance With Laws,17,0.13462930662417655,False,CUAD_external,multinomial_nb,CUAD,BNLFINANCIALCORP_03_30_2007-EX-10.8-OUTSOURCING AGREEMENT,cuad_337_0_38_0,Insurance,Insurances,53,10
Termination for Convenience. [***].,Terminations,10,Survival,6,0.13318837059365687,False,CUAD_external,multinomial_nb,CUAD,"PHREESIA,INC_05_28_2019-EX-10.18-STRATEGIC ALLIANCE AGREEMENT",cuad_253_0_15_0,Termination For Convenience,Terminations,35,4
"In partial spend of the fixed benefits allowance referred to in sub-clause 6.1, the Executive and his spouse or civil partner and any children under the age of 21 (or 24 if in full time education) are entitled to membership of a private medical insurance scheme.",Insurances,11,Assignments,7,0.12174380760226439,False,CUAD_external,multinomial_nb,CUAD,WPPPLC_04_30_2020-EX-4.28-SERVICE AGREEMENT,cuad_55_0_38_0,Insurance,Insurances,262,46
"The channel is expected to be uploaded on August 1, 201",Terms,9,Litigations,13,0.1087088559746078,False,CUAD_external,multinomial_nb,CUAD,LEJUHOLDINGSLTD_03_12_2014-EX-10.34-INTERNET CHANNEL COOPERATION AGREEMENT,cuad_384_0_4_1,Expiration Date,Terms,55,11
"any other Person, including SpinCo.",Terminations,10,Notices,1,0.10174704351705638,False,CUAD_external,multinomial_nb,CUAD,INGEVITYCORP_05_16_2016-EX-10.5-INTELLECTUAL PROPERTY AGREEMENT,cuad_499_0_15_0,Termination For Convenience,Terminations,35,5
