text,true_label,true_label_id,predicted_label,predicted_label_id,confidence,is_correct,dataset_name,model_name,source_dataset,contract_id,span_id,label_original,label_mapped,text_length_chars,text_length_words
"Unless terminated sooner, the term of this Agreement shall begin on the Effective Date and continue for three (3) years thereafter (the ""Initial Term"") and shall automatically renew for additional one (1) year terms on the terms and conditions set forth herein (each a ""Renewal Term"" and collectively, the ""Term"") unless either party gives the other Party Notice of its intention to terminate this Agreement ninety (90) days before the end of the Initial Term or Renewal Term, if any.",Notices,1,Terms,9,2.535042245874988,False,CUAD_external,linear_svm,CUAD,"DUOSTECHNOLOGIESGROUP,INC_04_21_2009-EX-10.1-STRATEGIC ALLIANCE AGREEMENT",cuad_350_0_6_0,Notice Period To Terminate Renewal,Notices,484,80
"Subject to the other provisions of this Agreement, the term of this Agreement shall commence on the Effective Date and shall remain in effect until terminated by either Party upon thirty (30) days' prior written notice.",Notices,1,Terms,9,2.023922003584677,False,CUAD_external,linear_svm,CUAD,ENERGYXXILTD_05_08_2015-EX-10.13-Transportation AGREEMENT,cuad_151_0_6_0,Notice Period To Terminate Renewal,Notices,219,36
"Subject to the other provisions of this Agreement, the term of this Agreement shall commence on the Effective Date and shall remain in effect until terminated by either Party upon thirty (30) days' prior written notice.",Terminations,10,Terms,9,2.023922003584677,False,CUAD_external,linear_svm,CUAD,ENERGYXXILTD_05_08_2015-EX-10.13-Transportation AGREEMENT,cuad_151_0_15_0,Termination For Convenience,Terminations,219,36
This Agreement shall commence on the Effective Date and shall be valid for a period of five (5) years with automatic renewal of one year thereafter until terminated,Notices,1,Terms,9,1.8682134746025736,False,CUAD_external,linear_svm,CUAD,Apollo Endosurgery - Manufacturing and Supply Agreement,cuad_224_0_6_1,Notice Period To Terminate Renewal,Notices,164,28
"This agreement begins on the Commencement Date and, subject to clause 11.2, shall continue for an initial term of one (1) years (Initial Term) and indefinitely after that until terminated by either party giving at least twelve (12) months' prior written notice to expire on or after the expiry date of the initial term.",Notices,1,Terms,9,1.8038952487822342,False,CUAD_external,linear_svm,CUAD,FuseMedicalInc_20190321_10-K_EX-10.43_11575454_EX-10.43_Distributor Agreement,cuad_67_0_6_0,Notice Period To Terminate Renewal,Notices,319,54
"This contract shall be for a term of one year commencing on the date first above written; thereafter, it shall automatically continue until terminated by either party upon not less than thirty (30) days prior written notice to the other party.",Notices,1,Terms,9,1.6814848160984397,False,CUAD_external,linear_svm,CUAD,ENTERPRISEPRODUCTSPARTNERSLP_07_08_1998-EX-10.3-TRANSPORTATION CONTRACT,cuad_422_0_6_0,Notice Period To Terminate Renewal,Notices,243,41
"This contract shall be for a term of one year commencing on the date first above written; thereafter, it shall automatically continue until terminated by either party upon not less than thirty (30) days prior written notice to the other party.",Terminations,10,Terms,9,1.6814848160984397,False,CUAD_external,linear_svm,CUAD,ENTERPRISEPRODUCTSPARTNERSLP_07_08_1998-EX-10.3-TRANSPORTATION CONTRACT,cuad_422_0_15_0,Termination For Convenience,Terminations,243,41
"After the Initial Term (including any extension thereto made in accordance with the preceding sentence), the Agreement may be extended on a yearly basis up to ten (10) years at Vericel's sole discretion, with renewal notice to be provided to MediWound no later than twelve (12) months prior to the expiry of any yearly extension (the ""Renewal Term"", and the Initial Term, together with the Renewal Term, if any, the ""Term""); provided that unless otherwise agreed by the Parties, the Term of this Agreement (including the Initial Term, any extension of the Initial Term and any Renewal Terms) shall be no more than fifteen (15) years in total.",Notices,1,Terms,9,1.5681252162750905,False,CUAD_external,linear_svm,CUAD,VERICELCORP_08_06_2019-EX-10.10-SUPPLY AGREEMENT,cuad_54_0_6_0,Notice Period To Terminate Renewal,Notices,642,108
"The term of this Agreement is three years from and including the date of this Agreement (the ""Initial Term""), with automatic renewal for additional successive one-year terms (each a ""Renewal Term"" and together wit the Initial Term, the ""Term"") unless no later than [* * *] days prior to the end of the Initial Term, or any Renewal Term either party notifies the other that it wishes to terminate this Agreement effective the end of the Initial Term or that Renewal Term, as applicable.",Notices,1,Terms,9,1.5557410570147723,False,CUAD_external,linear_svm,CUAD,"VAPOTHERM, INC. - Manufacturing and Supply Agreement",cuad_194_0_6_0,Notice Period To Terminate Renewal,Notices,485,84
The initial term of this Agreement shall be for a period of five (5) years from the date first set forth above and shall thereafter automatically renew for additional two (2) year terms unless a party provides the other party with notice of non-renewal no less than 6 months prior to the expiration of the initial term or any renewal term unless earlier terminated as follows:,Notices,1,Terms,9,1.5452839145523938,False,CUAD_external,linear_svm,CUAD,NANOPHASETECHNOLOGIESCORP_11_01_2005-EX-99.1-DISTRIBUTOR AGREEMENT,cuad_85_0_6_0,Notice Period To Terminate Renewal,Notices,376,66
The initial term of this Agreement shall be for a period of five (5) years from the date first set forth above and shall thereafter automatically renew for additional two (2) year terms unless a party provides the other party with notice of non-renewal no less than 6 months prior to the expiration of the initial term or any renewal term unless earlier terminated as follows:,Terminations,10,Terms,9,1.5452839145523938,False,CUAD_external,linear_svm,CUAD,NANOPHASETECHNOLOGIESCORP_11_01_2005-EX-99.1-DISTRIBUTOR AGREEMENT,cuad_85_0_15_1,Termination For Convenience,Terminations,376,66
"This Agreement shall have an initial term of one (1) year from the date first above written (the ""Initial Term""), and shall thereafter automatically renew for successive two (2) year periods (each a ""Renewal Term""), unless earlier terminated in accordance with the terms of this Agreement.",Notices,1,Terms,9,1.509179540218501,False,CUAD_external,linear_svm,CUAD,HYPERIONSOFTWARECORP_09_28_1994-EX-10.47-EXCLUSIVE DISTRIBUTOR AGREEMENT,cuad_198_0_6_0,Notice Period To Terminate Renewal,Notices,289,46
"This Agreement shall commence on the Effective Date and shall continue until the four-year anniversary of the Effective Date (such period, as it may be extended, either by the mutual written agreement of the parties or automatically, or earlier terminated being referred to as the ""Consultation Period""), unless sooner terminated in accordance with the provisions of Section 4, and shall automatically renew for successive one-year periods, unless the Company provides 90 days' notice of termination before any such successive period.",Notices,1,Terms,9,1.491101216119373,False,CUAD_external,linear_svm,CUAD,PANDIONTHERAPEUTICSHOLDCOLLC_05_22_2020-EX-10.17-CONSULTING AGREEMENT,cuad_377_0_6_0,Notice Period To Terminate Renewal,Notices,534,80
"The term of this Agreement shall be for one (1) year commencing on the Effective Date and automatically renewing annually thereafter, unless either party provides a thirty-day notice of written termination one to the other (""Term"").",Notices,1,Terms,9,1.478309450870738,False,CUAD_external,linear_svm,CUAD,EcoScienceSolutionsInc_20171117_8-K_EX-10.1_10956472_EX-10.1_Endorsement Agreement,cuad_156_0_6_0,Notice Period To Terminate Renewal,Notices,232,36
"This Agreement shall commence on the Effective Date and continue in full force and effect until the end of the fifteenth (15th) Contract Year, and shall continue in full force and effect thereafter until terminated by either Party by providing thirty (30) calendar days' prior written notice of termination to the other Party (such fifteen (15) Contract Year period, as may be further extended as provided herein is referred to as the ""Term"").",Notices,1,Terms,9,1.4400071239968972,False,CUAD_external,linear_svm,CUAD,PenntexMidstreamPartnersLp_20150416_S-1A_EX-10.4_9042833_EX-10.4_Transportation Agreement,cuad_98_0_6_0,Notice Period To Terminate Renewal,Notices,443,73
"This Agreement may be executed in one or more counterparts, all of which counterparts shall be considered one and the same agreement, and shall become effective when one or more counterparts have been signed by each Party and delivered to the other Party.",Terms,9,Counterparts,2,1.4290885041683856,False,CUAD_external,linear_svm,CUAD,CerenceInc_20191002_8-K_EX-10.4_11827494_EX-10.4_Intellectual Property Agreement,cuad_14_0_3_0,Effective Date,Terms,255,43
"This Agreement will commence on the Effective Date and continue for an Initial Term of five (5) years, and will automatically renew for additional periods of five (5) years unless one Party notifies the other of its intention not to renew, no less than 12 months prior to the expiration of the then-current term, unless terminated as permitted under this Agreement.",Notices,1,Terms,9,1.3664074945884574,False,CUAD_external,linear_svm,CUAD,"BELLRINGBRANDS,INC_02_07_2020-EX-10.18-MASTER SUPPLY AGREEMENT",cuad_107_0_6_0,Notice Period To Terminate Renewal,Notices,365,61
This Agreement shall become effective on the Effective Date and shall continue in effect until either Party informs the other Party with thirty (30) day prior written notice of termination of this Agreement.,Terminations,10,Terms,9,1.3500124870889194,False,CUAD_external,linear_svm,CUAD,UnionDentalHoldingsInc_20050204_8-KA_EX-10_3345577_EX-10_Affiliate Agreement,cuad_419_0_15_0,Termination For Convenience,Terminations,207,33
"This Agreement shall continue in force for a term of twelve (12) months from the Effective Date, unless terminated earlier under the provisions of this Article 8 (the ""Term""); PROVIDED that TouchStar shall have the right to terminate this Agreement at any time after the Effective Date upon not less than fifteen (15) days' prior written notice to Reseller.",Terminations,10,Terms,9,1.312020999798278,False,CUAD_external,linear_svm,CUAD,WORLDWIDESTRATEGIESINC_11_02_2005-EX-10-RESELLER AGREEMENT,cuad_57_0_15_0,Termination For Convenience,Terminations,357,59
"This contract shall remain in effect initially for the five (5) year term (""Initial Term"") from the date signed and shall be automatically extended for one (1) year periods after the Initial Term (""Renewal Term"") unless (i) either party provides written notice of its intention not to renew the Agreement within 180 days prior to any Renewal Term; or (ii) this Agreement is otherwise terminated pursuant to the terms of this Section 12.",Notices,1,Terms,9,1.255415989956377,False,CUAD_external,linear_svm,CUAD,SmartRxSystemsInc_20180914_1-A_EX1A-6 MAT CTRCT_11351705_EX1A-6 MAT CTRCT_Distributor Agreement,cuad_311_0_6_0,Notice Period To Terminate Renewal,Notices,436,73
"This Agreement shall terminate (a) at the option of any party, upon 90 days' advance written notice to the other parties hereto; or (b) in the event of a material breach that has not been cured within ten days following a written notice of breach to the breaching party.",Terms,9,Terminations,10,1.2545211808350936,False,CUAD_external,linear_svm,CUAD,TALCOTTRESOLUTIONLIFEINSURANCECO-SEPARATEACCOUNTTWELVE_04_30_2020-EX-99.8(L)-SERVICE AGREEMENT,cuad_455_0_4_0,Expiration Date,Terms,270,49
"Unless this Agreement is terminated pursuant to Section 25, this Agreement will automatically renew for additional successive [***] terms (each a ""Renewal Term"" and together with the Initial Term, the ""Term"") unless and until either Party provides written notice of non-renewal to the other Party at least [***] prior to the end of the then-current Term.",Notices,1,Terms,9,1.2254518224280417,False,CUAD_external,linear_svm,CUAD,"PHREESIA,INC_05_28_2019-EX-10.18-STRATEGIC ALLIANCE AGREEMENT",cuad_253_0_6_0,Notice Period To Terminate Renewal,Notices,354,56
"AIG shall have the absolute right to terminate this Agreement upon thirty (30) days' prior written notice to the Company, which notice shall state the effective date of termination (the ""Termination Date""); provided, however, that AIG agrees not to terminate this Agreement unless (a) AIG significantly modifies the",Notices,1,Terminations,10,1.2076065765027209,False,CUAD_external,linear_svm,CUAD,VARIABLESEPARATEACCOUNT_04_30_2014-EX-13.C-UNCONDITIONAL CAPITAL MAINTENANCE AGREEMENT,cuad_74_0_6_0,Notice Period To Terminate Renewal,Notices,315,48
"Unless sooner terminated in accordance with the provisions hereof, the initial term of this Agreement (""Initial Term"") will be ten (10) years from the Effective Date, provided that at any time following the 7th anniversary of such date, either party may terminate such strategic alliance upon not less than 60 days' prior written notice to the other party.",Terminations,10,Terms,9,1.2011380425639926,False,CUAD_external,linear_svm,CUAD,REWALKROBOTICSLTD_07_10_2014-EX-10.2-STRATEGIC ALLIANCE AGREEMENT,cuad_97_0_15_1,Termination For Convenience,Terminations,356,58
"This Agreement shall be automatically renewed for successive three (3) year terms thereafter (each a ""Renewal Term"" and together with the Initial Term, the ""Term"") until and unless (i) either Party provides the other Party written notice of non-renewal no later than ninety (90) days prior the end of the Initial Term or any Renewal Term or (ii) earlier terminated as provided in this ARTICLE 11.",Notices,1,Terms,9,1.1873890226399526,False,CUAD_external,linear_svm,CUAD,SigaTechnologiesInc_20190603_8-K_EX-10.1_11695818_EX-10.1_Promotion Agreement,cuad_268_0_6_0,Notice Period To Terminate Renewal,Notices,396,66
"The terms of this Agreement shall be one year from the effective date and will be automatically renewed on each anniversary of the effective date, for a renewal term of one year unless either party provides written notification of its intention not to renew this Agreement at least one month prior to the expiration of the initial or any renewal terms.",Notices,1,Terms,9,1.1840865633987163,False,CUAD_external,linear_svm,CUAD,"ETELOS,INC_03_09_2004-EX-10.8-DISTRIBUTOR AGREEMENT",cuad_260_0_6_0,Notice Period To Terminate Renewal,Notices,352,61
"Following the Initial Term, the Agreement shall automatically be renewed for additional periods of **** (each, a ""Renewal Term,"" and, together with the Initial Term, the ""Term"")), unless a Party provides written notification of non-renewal to the other Party at least **** of the Initial Term or a Renewal Term.",Notices,1,Terms,9,1.1808326674851246,False,CUAD_external,linear_svm,CUAD,KitovPharmaLtd_20190326_20-F_EX-4.15_11584449_EX-4.15_Manufacturing Agreement,cuad_381_0_6_0,Notice Period To Terminate Renewal,Notices,311,50
"Upon expiration of the Initial Term, this Agreement shall automatically renew for consecutive one (1) year periods, unless terminated by Reseller within sixty (60) days prior to the expiration of the Initial Term or any renewal term, as the case may be (the Initial Term and each renewal term, collectively, the ""Term"").",Notices,1,Terms,9,1.1472541173773019,False,CUAD_external,linear_svm,CUAD,DIVERSINETCORP_03_01_2012-EX-4-RESELLER AGREEMENT,cuad_279_0_6_0,Notice Period To Terminate Renewal,Notices,320,52
"Unless otherwise terminated as provided herein, the initial term of this Agreement shall be three (3) years from the Effective Date and shall thereafter be automatically renewed for subsequent one (1) year periods unless either party notifies the other in writing of its election not to renew the Agreement at least one hundred twenty (120) days prior to the expiration of the then-current term.",Notices,1,Terms,9,1.130354192692585,False,CUAD_external,linear_svm,CUAD,"VISIUMTECHNOLOGIES,INC_10_20_2004-EX-10.20-DISTRIBUTOR AGREEMENT",cuad_369_0_6_0,Notice Period To Terminate Renewal,Notices,395,64
The initial term of this Agreement and any renewal term thereof shall be automatically extended at the end of the initial term and any renewal term thereof for an additional one (1) year period unless either Party notifies the other Party not less than six (6) months before the end of the then in effect term of its intent to terminate this Agreement,Notices,1,Terms,9,1.110645363624148,False,CUAD_external,linear_svm,CUAD,RitterPharmaceuticalsInc_20200313_S-4A_EX-10.54_12055220_EX-10.54_Development Agreement,cuad_149_0_6_0,Notice Period To Terminate Renewal,Notices,351,63
"This Agreement shall automatically continue following the Initial Term, for an additional period of three (3) years, unless a party to this Agreement provides written notice of termination to the other parties at least sixty (60) days prior to the expiration of the Initial Term or this Agreement (""Extended Term"" and, with the Initial Term, ""Term"").",Notices,1,Terms,9,1.074879047932371,False,CUAD_external,linear_svm,CUAD,TomOnlineInc_20060501_20-F_EX-4.46_749700_EX-4.46_Co-Branding Agreement,cuad_185_0_6_0,Notice Period To Terminate Renewal,Notices,350,56
The Term will be 3 years from Effective Date with an automatic 2 year term extensions unless otherwise advised by one of the Parties.,Notices,1,Terms,9,1.066281621062906,False,CUAD_external,linear_svm,CUAD,"HEMISPHERX - Sales, Marketing, Distribution, and Supply Agreement",cuad_183_0_6_0,Notice Period To Terminate Renewal,Notices,133,24
"At any time that there is no uncompleted Statement of Work outstanding, either party may terminate this Agreement for any or no reason upon fifteen (15) days advance notice to the other.",Terms,9,Terminations,10,1.0618107543804736,False,CUAD_external,linear_svm,CUAD,MERITLIFEINSURANCECO_06_19_2020-EX-10.(XIV)-MASTER SERVICES AGREEMENT,cuad_506_0_4_1,Expiration Date,Terms,186,32
"Unless earlier terminated as provided herein, this Agreement continues in effect for an initial term of seven (7) years (""Initial Term"") and will automatically renew for one or more annual periods after the Initial Term (each a ""Renewal Term"") unless either party gives notice of non-renewal at least one hundred eighty (180) days prior to the beginning of any Renewal Term.",Notices,1,Terms,9,1.0458643878756488,False,CUAD_external,linear_svm,CUAD,ENERGOUSCORP_03_16_2017-EX-10.24-STRATEGIC ALLIANCE AGREEMENT,cuad_38_0_6_0,Notice Period To Terminate Renewal,Notices,374,61
The term of this Agreement shall commence on the Effective Date and shall end on the 60th day following a written notice from one party to the other of its decision to terminate this Agreement at the end of such 60-day period or upon termination of the applicable Distribution Agreement with respect to a Fund.,Terminations,10,Terms,9,1.0378431169467741,False,CUAD_external,linear_svm,CUAD,CcRealEstateIncomeFundadv_20181205_POS 8C_EX-99.(H)(3)_11447739_EX-99.(H)(3)_Marketing Agreement,cuad_503_0_15_0,Termination For Convenience,Terminations,310,55
This Agreement shall automatically terminate in the event the Management Agreement is assigned or otherwise terminated.,Assignments,7,Terminations,10,1.034934803098361,False,CUAD_external,linear_svm,CUAD,PFSFUNDS_06_26_2020-EX-99.H OTH MAT CONT-SERVICES AGREEMENT,cuad_457_0_18_0,Anti-Assignment,Assignments,119,16
"Each Insurance Subsidiary is in compliance with and conducts its businesses in conformity with all applicable insurance laws and regulations of its respective jurisdiction of incorporation and the insurance laws and regulations of other jurisdictions which are applicable to it, in each case with such exceptions as would not have, individually or in the aggregate, a Material Adverse Effect.",Insurances,11,Compliance With Laws,17,1.0330357523006857,False,CUAD_external,linear_svm,CUAD,"MetLife, Inc. - Remarketing Agreement",cuad_10_0_38_2,Insurance,Insurances,392,59
"Unless earlier terminated as provided in this Agreement, upon the expiration of the Support Period, this Agreement shall immediately and automatically terminate in its entirety and no Party shall have any further rights or obligations under this Agreement; provided, however, (i) that this Section 8 shall survive any such termination and (ii) no Party shall be released from any breach of this Agreement that occurred prior to the termination of this Agreement.",Terms,9,Terminations,10,1.0324067355872915,False,CUAD_external,linear_svm,CUAD,"ELFBEAUTY,INC_07_02_2020-EX-10.1-COOPERATION AGREEMENT",cuad_127_0_4_0,Expiration Date,Terms,462,72
"""Distribution Term"" means the period commencing on the first Regulatory Approval of the Product in the Territory and continuing until [***], or if this Agreement is terminated earlier pursuant to Article 12, the effective date of such termination.",Terminations,10,Terms,9,1.0320881291846606,False,CUAD_external,linear_svm,CUAD,ZogenixInc_20190509_10-Q_EX-10.2_11663313_EX-10.2_Distributor Agreement,cuad_216_0_15_1,Termination For Convenience,Terminations,247,38
"This Agreement will automatically renew for successive one year terms (each a ""Renewal Term"", and together with the Initial Term, the ""Term""), unless either Charterer or Owner elects not to renew this Agreement by providing the other party with written notice of such election 30 days prior to the expiration of the Initial Term or Renewal Term, as applicable, at which point this Agreement will automatically terminate.",Notices,1,Terms,9,1.0189521206886254,False,CUAD_external,linear_svm,CUAD,MARTINMIDSTREAMPARTNERSLP_01_23_2004-EX-10.3-TRANSPORTATION SERVICES AGREEMENT,cuad_116_0_6_0,Notice Period To Terminate Renewal,Notices,420,67
"Thereafter, the Agreement shall be automatically renewed for additional two year periods (each a ""Renewal Term"", the Initial Term and all Renewal Terms, the ""Term"") unless either Party notifies the other Party of its intention not to renew in writing at least three calendar months before the expiration of the then current Term.",Notices,1,Terms,9,1.011541505032623,False,CUAD_external,linear_svm,CUAD,ULTRAGENYXPHARMACEUTICALINC_12_23_2013-EX-10.9-SUPPLY AGREEMENT,cuad_239_0_6_0,Notice Period To Terminate Renewal,Notices,329,53
"This Agreement is effective as of the Effective Date and will expire in accordance with Section 2.1, unless, upon the occurrence of any of the following events, this Agreement is earlier terminated in accordance with this Section 18.1: a) Customer delivers written notice of termination to Supplier at least [* * *] prior to the expiration date of the Initial Term, which termination shall be effective as of the expiration date of the Initial Term; b) either Party delivers written notice of termination to the other Party at least [* * *] prior to the expiration date of the Renewal Term, which termination shall be effective as of the expiration date of the Renewal Term;",Notices,1,Terms,9,0.9882524473699958,False,CUAD_external,linear_svm,CUAD,ParatekPharmaceuticalsInc_20170505_10-KA_EX-10.29_10323872_EX-10.29_Outsourcing Agreement,cuad_478_0_6_0,Notice Period To Terminate Renewal,Notices,674,115
"The Services Term of this Agreement shall be automatically renewed for successive two-year terms thereafter unless written notice is given by either party to the other, indicating that party's intention not to renew the Services Term of this Agreement, at least ninety (90) days prior to the end of the initial Services Term or any renewed Services Term.",Notices,1,Terms,9,0.936649599708584,False,CUAD_external,linear_svm,CUAD,EmeraldHealthBioceuticalsInc_20200218_1-A_EX1A-6 MAT CTRCT_11987205_EX1A-6 MAT CTRCT_Development Agreement,cuad_360_0_6_0,Notice Period To Terminate Renewal,Notices,354,58
"Upon the occurrence of any of the following, WGT may terminate the Term by giving Distributor written notice of such termination for:",Assignments,7,Terminations,10,0.9336931436648854,False,CUAD_external,linear_svm,CUAD,EUROPEANMICROHOLDINGSINC_03_06_1998-EX-10.6-DISTRIBUTOR AGREEMENT,cuad_379_0_18_1,Anti-Assignment,Assignments,133,22
"This Agreement will automatically renew at the end of the Initial Term or a subsequent renewal term on a year to year basis (each, a ""Renewal Term""), unless either party notifies the other at least 30 days prior to the end of the Initial Term or then current Renewal Term, as applicable, of its intention not to renew this Agreement.",Notices,1,Terms,9,0.9327936517364421,False,CUAD_external,linear_svm,CUAD,PaperexchangeComInc_20000322_S-1A_EX-10.4_5202103_EX-10.4_Co-Branding Agreement,cuad_322_0_6_0,Notice Period To Terminate Renewal,Notices,333,60
"Following the Initial Term, this Agreement shall automatically renew for successive terms of six (6) months (each a ""Renewal Term"", and together with the Initial Term, the ""Term"") unless written notice is given by either Party no later than thirty (30) days in advance of the expiration of the Initial Term or the applicable Renewal Term.",Notices,1,Terms,9,0.927187154343369,False,CUAD_external,linear_svm,CUAD,XpresspaGroupInc_20190401_10-K_EX-10.28_11599457_EX-10.28_Marketing Agreement,cuad_410_0_6_0,Notice Period To Terminate Renewal,Notices,338,56
"This Agreement shall be in effect until March 18. 2021, unless sooner terminated by either party upon (30) days written notice, without cause.",Terminations,10,Terms,9,0.9232105740635428,False,CUAD_external,linear_svm,CUAD,PrecheckHealthServicesInc_20200320_8-K_EX-99.2_12070169_EX-99.2_Distributor Agreement,cuad_101_0_15_0,Termination For Convenience,Terminations,142,23
"Thereafter, this Agreement shall renew automatically for one (1) additional three (3) year period (the ""Renewal Term"" and collectively, together with the Initial Term, the ""Term"") unless either party provides the other with written notice of non-renewal at least ninety (90) days before the expiration of the Initial Term].",Notices,1,Terms,9,0.9106560024481094,False,CUAD_external,linear_svm,CUAD,GopageCorp_20140221_10-K_EX-10.1_8432966_EX-10.1_Content License Agreement,cuad_77_0_6_0,Notice Period To Terminate Renewal,Notices,323,49
ISO may terminate this Agreement prior to its expiration for cause upon prior written notice to SERVICERS as follows:,Assignments,7,Terminations,10,0.8872572633357241,False,CUAD_external,linear_svm,CUAD,"IPAYMENT,INC_05_14_2007-EX-10.1-SPONSORSHIP AGREEMENT",cuad_323_0_18_2,Anti-Assignment,Assignments,117,19
SERVICERS may terminate this Agreement prior to its expiration for cause upon prior written notice to ISO as follows:,Assignments,7,Terminations,10,0.8872572633357241,False,CUAD_external,linear_svm,CUAD,"IPAYMENT,INC_05_14_2007-EX-10.1-SPONSORSHIP AGREEMENT",cuad_323_0_18_4,Anti-Assignment,Assignments,117,19
"This JV Agreement shall become effective on the signing date and shall have a duration of * years, extendable for a further * years, unless notice of non- renewal is sent one year before the natural expiry date.",Notices,1,Terms,9,0.87448267643055,False,CUAD_external,linear_svm,CUAD,"KIROMICBIOPHARMA,INC_04_08_2020-EX-10.28-JOINT VENTURE AGREEMENT",cuad_487_0_6_0,Notice Period To Terminate Renewal,Notices,211,38
The term of this Agreement shall be two (2) years from the Effective Date with automatic annual renewals thereafter provided either party does not provide sixty (60) days notice of termination prior to the renewal date or the Agreement is not otherwise terminated as set forth in Section 8.,Notices,1,Terms,9,0.8700958371364995,False,CUAD_external,linear_svm,CUAD,"LEGACYTECHNOLOGYHOLDINGS,INC_12_09_2005-EX-10.2-DISTRIBUTOR AGREEMENT",cuad_262_0_6_0,Notice Period To Terminate Renewal,Notices,290,49
"Subject to the other provisions contained herein, this AGREEMENT shall be for a term of thirty (30) years from the Effective Date, which shall automatically renew from year-to-year thereafter unless terminated by a Party upon sixty (60) days' written notice after the end of the term.",Notices,1,Terms,9,0.8615153842012584,False,CUAD_external,linear_svm,CUAD,STWRESOURCESHOLDINGCORP_08_06_2014-EX-10.1-COOPERATION AGREEMENT,cuad_123_0_6_0,Notice Period To Terminate Renewal,Notices,284,46
"This Agreement is effective on the Effective Date and shah continue in effect until the earlier of (a) the fifth (5t h) anniversary of the Effective Date, and (b) termination by either Party for any reason upon thirty (30) days' written notice to the other Party; provided, however, that no Party shall be able to terminate this Agreement so long as such Party is a Defaulting Party under this Agreement.",Terminations,10,Terms,9,0.8605210906830867,False,CUAD_external,linear_svm,CUAD,LIGHTBRIDGECORP_11_23_2015-EX-10.26-STRATEGIC ALLIANCE AGREEMENT,cuad_196_0_15_0,Termination For Convenience,Terminations,404,70
"This Agreement will automatically renew at the end of the Initial Term or a subsequent renewal term on a year to year basis (each, a ""Renewal Term""), unless either Party notifies the other at least 30 days prior to the end of the Initial Term or then current Renewal Term, as applicable, of its intention not to renew this Agreement (a ""Termination Notice"").",Notices,1,Terms,9,0.8516235597460917,False,CUAD_external,linear_svm,CUAD,NeoformaInc_19991202_S-1A_EX-10.26_5224521_EX-10.26_Co-Branding Agreement,cuad_211_0_6_0,Notice Period To Terminate Renewal,Notices,358,63
Either party may terminate this agreement after 3 years following the effective date.,Terms,9,Terminations,10,0.8482306404258215,False,CUAD_external,linear_svm,CUAD,"GIGGLESN_HUGS,INC_06_23_2016-EX-10.2-STRATEGIC ALLIANCE AGREEMENT",cuad_244_0_4_0,Expiration Date,Terms,85,13
This Agreement shall become effective on the date hereof and shall terminate upon the termination of the Offering.,Terms,9,Terminations,10,0.8445734052323652,False,CUAD_external,linear_svm,CUAD,BANUESTRAFINANCIALCORP_09_08_2006-EX-10.16-AGENCY AGREEMENT,cuad_435_0_4_0,Expiration Date,Terms,114,18
"Upon the expiration of the Term, the Term shall automatically extend for successive 12-month periods until one Party terminates the Agreement by providing at least 180 days prior written notice to the other Party prior to the expiration of the then-current term or unless sooner terminated in accordance with the terms of this Agreement.",Notices,1,Terms,9,0.8405475588387299,False,CUAD_external,linear_svm,CUAD,LiquidmetalTechnologiesInc_20200205_8-K_EX-10.1_11968198_EX-10.1_Development Agreement,cuad_444_0_6_1,Notice Period To Terminate Renewal,Notices,337,54
Contract is renewable for 1 year extension by amendment to this agreement.,Terms,9,Amendments,5,0.8357502962615331,False,CUAD_external,linear_svm,CUAD,BravatekSolutionsInc_20170418_8-K_EX-10.1_10205739_EX-10.1_Reseller Agreement,cuad_273_0_5_0,Renewal Term,Terms,74,12
"This Agreement shall terminate upon the earliest to occur of: (i) the date on which the aggregate Required Capital Contributions paid by the Investor, and received by the Borrowers, in accordance with the terms of this Agreement equal $5,000,000; (ii) the Release Date (as defined in Section 19) or (iii) payment in full, in cash, of all Obligations and the termination of the Financing Agreement; provided, however, that this Agreement shall continue to be effective, or be reinstated, as the case may be, if at any time the aggregate Required Capital Contributions paid by the Investor, and received by the Borrowers, in accordance with the terms of this Agreement is less than $5,000,000 and any payment, or any part thereof, on account of any of the Obligations is invalidated, declared to be fraudulent or preferential, set aside, rescinded or must otherwise be restored or returned by the Agent or the Lenders upon the insolvency, bankruptcy, liquidation, dissolution or reorganization of any Borrower or upon or as a result of the appointment of a receiver, intervenor or conservator of, or trustee or similar officer for any Borrower, or any substantial part of its property, or otherwise, all as though such payment had not been made.",Terms,9,Terminations,10,0.8290213223394767,False,CUAD_external,linear_svm,CUAD,SUNTRONCORP_05_17_2006-EX-10.22-MAINTENANCE AGREEMENT,cuad_482_0_4_0,Expiration Date,Terms,1243,204
"Unless either party gives the other at least ninety days' prior written notice that it has elected not to extend the term of this Agreement beyond December 31, 1998, the term of this Agreement will be automatically extended until December 31, 1999.",Notices,1,Terms,9,0.8285190087720977,False,CUAD_external,linear_svm,CUAD,SYKESHEALTHPLANSERVICESINC_04_24_1998-EX-10.14-OUTSOURCING AGREEMENT,cuad_391_0_6_1,Notice Period To Terminate Renewal,Notices,248,42
"Unless earlier terminated as provided in this Agreement, upon the expiration of the Support Period in accordance with Section 4, this Agreement shall immediately and automatically terminate in its entirety and no Party shall have any further rights or obligations under this Agreement; provided, however, no Party shall be released from any breach of this Agreement that occurred prior to the termination of this Agreement.",Terms,9,Terminations,10,0.8229357921055596,False,CUAD_external,linear_svm,CUAD,"SPOKHOLDINGS,INC_06_19_2020-EX-10.1-COOPERATION AGREEMENT",cuad_204_0_4_0,Expiration Date,Terms,423,65
"Following the Initial Term, either Party may terminate this Agreement without cause upon written notice to the other Party of at least 3 months.",Notices,1,Terminations,10,0.8109322758911486,False,CUAD_external,linear_svm,CUAD,HealthcareIntegratedTechnologiesInc_20190812_8-K_EX-10.1_11776966_EX-10.1_Reseller Agreement,cuad_35_0_6_0,Notice Period To Terminate Renewal,Notices,144,24
"Upon expiration of the Initial Term, unless written notice to the contrary is provided by one party to the other party at least 30 days prior to the expiration of the then-current term, this Agreement shall be renewed for additional, successive periods of one (1) year each (each a ""Renewal"" and together with the Initial Term, collectively, the ""Term"").",Notices,1,Terms,9,0.8080685136526577,False,CUAD_external,linear_svm,CUAD,"VIRTUALSCOPICS,INC_11_12_2010-EX-10.1-STRATEGIC ALLIANCE AGREEMENT",cuad_439_0_6_0,Notice Period To Terminate Renewal,Notices,354,59
"This Agreement shall automatically renew beyond the Initial Term for successive one (I) year terms (each, a ""Renewal Term""), unless a Party provides the other with written notice of termination at least one hundred eighty (180) days prior to the expiration of the Initial Term or the then-current Renewal Term.",Notices,1,Terms,9,0.8016722573533839,False,CUAD_external,linear_svm,CUAD,VitalibisInc_20180316_8-K_EX-10.2_11100168_EX-10.2_Hosting Agreement,cuad_334_0_6_0,Notice Period To Terminate Renewal,Notices,310,50
"This Agreement sets forth the entire Agreement of the parties hereto, and any and all prior agreements, to the extent inconsistent herewith, are hereby superseded. This Agreement will be governed by the laws of the State of Pennsylvania.",Governing Laws,0,Entire Agreements,3,0.7948302142863755,False,CUAD_external,linear_svm,CUAD,PrudentialBancorpInc_20170606_8-K_EX-10.4_10474434_EX-10.4_Endorsement Agreement,cuad_416_0_7_0,Governing Law,Governing Laws,237,38
"PPG SHANGHAI shall have the right to terminate this Agreement and/or suspend its performance hereunder immediately upon giving notice to DISTRIBUTOR, which termination shall be effective upon receipt of notice, if any one of the following occurs:",Assignments,7,Terminations,10,0.7915720082564037,False,CUAD_external,linear_svm,CUAD,NEOMEDIATECHNOLOGIESINC_12_15_2005-EX-16.1-DISTRIBUTOR AGREEMENT,cuad_366_0_18_1,Anti-Assignment,Assignments,246,37
"This Agreement may not be waived, amended or assigned without an agreed written and signed document, signed by both Parties.",Assignments,7,Amendments,5,0.7814867519062767,False,CUAD_external,linear_svm,CUAD,"GRIDIRONBIONUTRIENTS,INC_02_05_2020-EX-10.3-SUPPLY AGREEMENT",cuad_169_0_18_0,Anti-Assignment,Assignments,124,20
"Unless terminated prior to the natural expiration of the Initial Term, upon the expiry of the Initial Term this Agreement shall automatically renew for successive terms of the same duration, unless either party gives written notice to the other of such party's desire not to renew not less than ninety (90) days prior to the date of the expiration of the Initial Term or any successive term thereafter.",Notices,1,Terms,9,0.7789213934372134,False,CUAD_external,linear_svm,CUAD,AURASYSTEMSINC_06_16_2010-EX-10.25-STRATEGIC ALLIANCE AGREEMENT,cuad_298_0_6_0,Notice Period To Terminate Renewal,Notices,402,68
"If the Launch Date has not occurred by August 31, 1999, Sponsor shall, in its sole discretion, be entitled to terminate this Agreement without any liability and receive a full refund of all amounts paid by Sponsor to drkoop.com pursuant to this Agreement prior to the date of such termination.",Terms,9,Terminations,10,0.777572372199034,False,CUAD_external,linear_svm,CUAD,DRKOOPCOMINC_04_21_1999-EX-10.28-SPONSORSHIP AGREEMENT,cuad_462_0_4_1,Expiration Date,Terms,293,50
"This Agreement shall terminate immediately and automatically upon the termination of Company's Participation Agreement(s) with the Funds, and in such event no notice need be given hereunder.",Terms,9,Terminations,10,0.7496503282176277,False,CUAD_external,linear_svm,CUAD,NYLIACVARIABLEANNUITYSEPARATEACCOUNTIII_04_10_2020-EX-99.8.KK-SERVICE AGREEMENT,cuad_122_0_4_0,Expiration Date,Terms,190,27
This Agreement will terminate upon the earlier of: (i) the conclusion of the Standstill Period or (ii) delivery of written notice by one Party to the other Party of a material breach of this Agreement by the breaching Party that is uncured after ten (10) calendar days of notice of such breach.,Terms,9,Terminations,10,0.7462641374245906,False,CUAD_external,linear_svm,CUAD,"HC2HOLDINGS,INC_05_14_2020-EX-10.1-COOPERATION AGREEMENT",cuad_405_0_4_0,Expiration Date,Terms,294,52
"To the extent not terminated previously by AIG pursuant to the foregoing, this Agreement will terminate automatically one year after the closing of any sale of the Company by AIG, and all provisions hereof will be of no further force and effect.",Terms,9,Terminations,10,0.7448438736733929,False,CUAD_external,linear_svm,CUAD,SEPARATEACCOUNTIIOFAGL_05_02_2011-EX-99.(J)(4)-UNCONDITIONAL CAPITAL MAINTENANCE AGREEMENT,cuad_63_0_4_0,Expiration Date,Terms,245,42
"This Agreement shall commence on the Effective Date and shall remain in full force and effect until one (1) year subsequent to the Effective Date, provided however, that Tickets may terminate this Agreement for any reason upon thirty (30) days' notice to MP3. com at any time prior to the expiration of sixty (60) days subsequent to the Effective Date.",Terminations,10,Terms,9,0.7281647941629439,False,CUAD_external,linear_svm,CUAD,TICKETSCOMINC_06_22_1999-EX-10.22-SPONSORSHIP AGREEMENT,cuad_346_0_15_0,Termination For Convenience,Terminations,352,60
"Unless either party gives written notice to terminate this Agreement at least six (6) months prior to the end of said Initial Term, this Agreement shall continue on a year to year basis (""Extended Term(s)"") until terminated by either party by giving written notice of termination thereof to the other party at least six (6) months prior to the end of the then current Extended Term.",Notices,1,Terms,9,0.6896229218168091,False,CUAD_external,linear_svm,CUAD,BNLFINANCIALCORP_03_30_2007-EX-10.8-OUTSOURCING AGREEMENT,cuad_337_0_6_0,Notice Period To Terminate Renewal,Notices,382,66
"At the end of such initial term, and any renewed term, as applicable, this Agreement shall automatically renew for an additional one (1) year term, unless a party provides written notice to the other parties at least six (6) months prior to the end of the",Notices,1,Terms,9,0.6832532125730739,False,CUAD_external,linear_svm,CUAD,MOELIS_CO_03_24_2014-EX-10.19-STRATEGIC ALLIANCE AGREEMENT,cuad_450_0_6_1,Notice Period To Terminate Renewal,Notices,255,46
This Agreement may not be modified or assigned except in writing signed by SRP and Logan's.,Assignments,7,Amendments,5,0.6818401922226225,False,CUAD_external,linear_svm,CUAD,LOGANSROADHOUSEINC_03_27_1998-EX-10.17-SPONSORSHIP AGREEMENT,cuad_233_0_18_0,Anti-Assignment,Assignments,91,16
The Owner Indemnified Parties' additional insured status will not limit the application of insurance protection as required by this Agreement which arises out of the Operator's indemnity obligations. These policies shall provide primary coverage for claims in which Operator has agreed to hold harmless and/or to indemnify the Owner Indemnified Parties.,Insurances,11,Indemnifications,18,0.6625742280452325,False,CUAD_external,linear_svm,CUAD,VERTEXENERGYINC_08_14_2014-EX-10.24-OPERATION AND MAINTENANCE AGREEMENT,cuad_121_0_38_6,Insurance,Insurances,353,51
"In accordance with items 9.3, 9.4, and 10.3, this Contract shall come into force on the Effective Date, remain effective throughout the Initial Term, and be prolonged, or further extended automatically for a period of 12 months, each such extension commencing at the end of the last day of the Initial Term or the relevant anniversary thereof, unless either Party serves written notice of termination on the other Party at least 65 days prior to the end of the Initial Term, or any subsequent extension.",Notices,1,Terms,9,0.6444100713775853,False,CUAD_external,linear_svm,CUAD,CHAPARRALRESOURCESINC_03_30_2000-EX-10.66-TRANSPORTATION CONTRACT,cuad_296_0_6_0,Notice Period To Terminate Renewal,Notices,503,85
"Following the Term, this Supply Agreement shall automatically renew for successive periods of one (1) year (each a ""Renewal Term""), unless a Party delivers written notice of non-renewal to the other Party [***] prior to the end of the applicable term.",Notices,1,Terms,9,0.635555990798061,False,CUAD_external,linear_svm,CUAD,FUSIONPHARMACEUTICALSINC_06_05_2020-EX-10.17-Supply Agreement - FUSION,cuad_143_0_6_0,Notice Period To Terminate Renewal,Notices,251,41
"This Agreement shall terminate and, subject to the provisions set forth below, be of no further force or effect on the exercise by the Sponsor of its right to terminate this Agreement as provided in subsection 6.2, provided that, in any event, sections 3, 7 and 8 and, in the event that such termination occurs by virtue of paragraph 6.2(b), subsection 2.5 shall not terminate (except as set forth therein) and shall continue in full force and effect for the benefit of the Sponsor or the other parties to this Agreement, as the case may be.",Terms,9,Terminations,10,0.6345886002628931,False,CUAD_external,linear_svm,CUAD,SONUSCORP_03_12_1997-EX-10.11-SPONSORSHIP AGREEMENT,cuad_294_0_4_0,Expiration Date,Terms,541,96
"This Agreement shall terminate (i) the Business Day immediately following the Remarketing Settlement Date, (ii) at 5:00 p.m., New York City time, on the last date of the Remarketing if the Remarketing is not successful or (iii) on the effective date of the resignation or removal of the Remarketing Agent and the appointment of a new Remarketing Agent.",Terms,9,Terminations,10,0.5778782726873084,False,CUAD_external,linear_svm,CUAD,"Reinsurance Group of America, Incorporated - A_R REMARKETING AGREEMENT",cuad_312_0_4_1,Expiration Date,Terms,352,58
"Except as provided in Sections 6.2, 6.3, 6.4, and 6.5, this Agreement shall terminate one (1) year from the Rig Release Date, if such has not been terminated sooner pursuant to the provisions hereof.",Terms,9,Terminations,10,0.572367090509635,False,CUAD_external,linear_svm,CUAD,TRUENORTHENERGYCORP_02_08_2007-EX-10.1-DEVELOPMENT AGREEMENT,cuad_344_0_4_0,Expiration Date,Terms,199,34
"any Renewal Term, by serving written notice of such termination on the other party at least ninety (90) days prior to the end of the Initial Term or any Renewal Term as the case may be.",Notices,1,Terms,9,0.5553892891785801,False,CUAD_external,linear_svm,CUAD,HYPERIONSOFTWARECORP_09_28_1994-EX-10.47-EXCLUSIVE DISTRIBUTOR AGREEMENT,cuad_198_0_6_2,Notice Period To Terminate Renewal,Notices,185,36
"This agreement will be automatically renewed at the end of every ten (10) year term, with each subsequent term of renewal being for a ten (10) year term. A six (6) months notice must be given by either party of their intention to terminate relations due to any reason other than breach of this agreement.",Notices,1,Terms,9,0.5544893240078284,False,CUAD_external,linear_svm,CUAD,AgapeAtpCorp_20191202_10-KA_EX-10.1_11911128_EX-10.1_Supply Agreement,cuad_219_0_6_0,Notice Period To Terminate Renewal,Notices,304,55
"This Agreement shall be automatically renewed for an additional one year period on each anniversary of the Effective Date, unless terminated by either Party hereto upon ninety (90) days written notice to the other.",Notices,1,Terms,9,0.5531996449890897,False,CUAD_external,linear_svm,CUAD,AMERICASSHOPPINGMALLINC_12_10_1999-EX-10.2-SITE DEVELOPMENT AND HOSTING AGREEMENT,cuad_157_0_6_0,Notice Period To Terminate Renewal,Notices,214,34
"The term of this Agreement is twelve (12) months from the date hereof, and will be automatically renewed for one (1) additional twelve month period unless either party shall notify the other in writing of its intention not to renew. Such notice must be given ninety (90) days prior to expiration of the original term.",Notices,1,Terms,9,0.5430189514920396,False,CUAD_external,linear_svm,CUAD,"SIBANNAC,INC_12_04_2017-EX-2.1-Strategic Alliance Agreement",cuad_19_0_6_0,Notice Period To Terminate Renewal,Notices,317,55
"This JSMA will be terminated as of the end of the Term or any Renewal Term, by either Party giving written notice of non-renewal to the other Party no less than 120 prior to the applicable expiry date (the ""Termination Period"").",Notices,1,Terms,9,0.532835618616524,False,CUAD_external,linear_svm,CUAD,VertexEnergyInc_20200113_8-K_EX-10.1_11943624_EX-10.1_Marketing Agreement,cuad_496_0_6_0,Notice Period To Terminate Renewal,Notices,228,41
"Unless terminated earlier as provided herein, this Agreement shall terminate on the date three (3) years from the Effective Date.",Terms,9,Terminations,10,0.5310711989008812,False,CUAD_external,linear_svm,CUAD,"Sonos, Inc. - Manufacturing Agreement",cuad_192_0_4_0,Expiration Date,Terms,129,20
"This Agreement shall be subject to an automatic extension for consecutive one (1) year periods thereafter (each, an ""Extension Term"" and together with the Initial Term, the ""Term""), unless terminated (i) in accordance with its terms or (ii) upon thirty (30) days' written notice by either Party to the other Party.",Notices,1,Terms,9,0.5146974142493355,False,CUAD_external,linear_svm,CUAD,"SPIENERGYCO,LTD_03_09_2011-EX-99.5-OPERATIONS AND MAINTENANCE AGREEMENT",cuad_483_0_6_0,Notice Period To Terminate Renewal,Notices,314,51
"We have the right to terminate this Agreement effective upon delivery of notice of termination to you, if:",Insurances,11,Terminations,10,0.5049797708087465,False,CUAD_external,linear_svm,CUAD,JOINTCORP_09_19_2014-EX-10.15-FRANCHISE AGREEMENT,cuad_479_0_38_5,Insurance,Insurances,106,18
"If the Farids Group determines for any reason not to proceed with any proposed registration requested pursuant to Section 6.1, the Farids Group shall promptly notify the Company in writing.",Terminations,10,Notices,1,0.4935122294308506,False,CUAD_external,linear_svm,CUAD,"ROCKYMOUNTAINCHOCOLATEFACTORY,INC_12_23_2019-EX-10.2-STRATEGIC ALLIANCE AGREEMENT",cuad_307_0_15_0,Termination For Convenience,Terminations,189,30
The Term shall automatically renew thereafter for successive 5-year terms unless either party provides prior written notice of termination not less than 90 days prior to the end of such five-year term.,Notices,1,Terms,9,0.482087141662503,False,CUAD_external,linear_svm,CUAD,LegacyEducationAllianceInc_20200330_10-K_EX-10.18_12090678_EX-10.18_Development Agreement,cuad_52_0_6_0,Notice Period To Terminate Renewal,Notices,201,32
"The obligations of the Agent pursuant to this Agreement shall terminate upon termination of the Offering, but in no event later than 45 days after the completion of the Subscription Offering (the ""End Date"").",Terms,9,Terminations,10,0.4726214934036097,False,CUAD_external,linear_svm,CUAD,"ATHENSBANCSHARESCORP_11_02_2009-EX-1.2-AGENCY AGREEMENT , 2009",cuad_353_0_4_0,Expiration Date,Terms,208,34
"This Agreement shall commence on the Effective Date and, unless terminated earlier pursuant to Section 3.2 or 3.3 of this Agreement, shall continue until the twentieth (20th) anniversary of the Effective Date; provided, however, (i) Operator shall have the right to terminate this Agreement at any time upon no less than 120 days prior written notice to Owner, if Operator provides a substitute operator acceptable to Owner, as determined in its reasonable discretion, who (A) has experience operating similar assets, (B) has the ability to provide at least the same quality of service as Operator, (C) has the financial ability to perform the obligations hereunder, and (D) is ready, willing and able to execute an operation and maintenance agreement substantially similar to this Agreement and acceptable to Owner, as determined in its reasonable discretion, and (ii) Owner shall have the right to terminate this Agreement at any time upon no less than 120 days prior written notice to Operator.",Terminations,10,Terms,9,0.4674412754458199,False,CUAD_external,linear_svm,CUAD,SANDRIDGEENERGYINC_08_06_2009-EX-10.6-OPERATIONS AND MAINTENANCE AGREEMENT,cuad_430_0_15_0,Termination For Convenience,Terminations,997,159
"After the Initial Term, this Agreement shall continue on a month to month basis until terminated by either party upon thirty (30) days prior written notice to the other setting forth the effective date of such termination.",Notices,1,Terms,9,0.43277999313902016,False,CUAD_external,linear_svm,CUAD,"FTENETWORKS,INC_02_18_2016-EX-99.4-STRATEGIC ALLIANCE AGREEMENT",cuad_11_0_6_0,Notice Period To Terminate Renewal,Notices,222,37
"After the Initial Term, this Agreement shall continue on a month to month basis until terminated by either party upon thirty (30) days prior written notice to the other setting forth the effective date of such termination.",Terminations,10,Terms,9,0.43277999313902016,False,CUAD_external,linear_svm,CUAD,"FTENETWORKS,INC_02_18_2016-EX-99.4-STRATEGIC ALLIANCE AGREEMENT",cuad_11_0_15_0,Termination For Convenience,Terminations,222,37
"This agreement shall automatically renew for additional successive terms of twelve (12) months each at the end of the Initial Term (""Renewal Terms""), unless either party notifies the other in writing at least sixty (60) days prior to the end of the Initial Term.",Notices,1,Terms,9,0.42453211223182796,False,CUAD_external,linear_svm,CUAD,EdietsComInc_20001030_10QSB_EX-10.4_2606646_EX-10.4_Co-Branding Agreement,cuad_180_0_6_0,Notice Period To Terminate Renewal,Notices,262,44
"After the Initial Term, this Agreement will be automatically renewed for successive additional 3~year periods (""Extension Terms""), unless otherwise terminated by either party by giving notice to the other party not less than sixty (60) days prior to the end of a Term.",Notices,1,Terms,9,0.40693320731773963,False,CUAD_external,linear_svm,CUAD,PacificapEntertainmentHoldingsInc_20051115_8-KA_EX-1.01_4300894_EX-1.01_Content License Agreement,cuad_112_0_6_0,Notice Period To Terminate Renewal,Notices,268,43
"This Agreement shall be effective until the earlier of (a) its termination in accordance with the provisions of this Article 14 or (b) the date that is two (2) years after the date of this Agreement; provided, however, that this Agreement will renew automatically for successive terms of one (1) year each unless a party to this Agreement delivers written notice of termination to the other party to this Agreement at least sixty (60) days prior to the end of the original or any renewal term or the parties to this Agreement do not agree in writing to the Quota Amount referred to in subsection 14.2(b)(1) for any one (1) year renewal term at least sixty (60) days prior to the commencement of such term.",Notices,1,Terms,9,0.39802667723402707,False,CUAD_external,linear_svm,CUAD,NEONSYSTEMSINC_03_01_1999-EX-10.5-DISTRIBUTOR AGREEMENT_New,cuad_340_0_6_0,Notice Period To Terminate Renewal,Notices,705,125
The Agreement shall automatically renew for successive one year additional terms unless terminated by either party at least six months prior to the expiration of the then-current term.,Notices,1,Terms,9,0.39677739432667325,False,CUAD_external,linear_svm,CUAD,RandWorldwideInc_20010402_8-KA_EX-10.2_2102464_EX-10.2_Co-Branding Agreement,cuad_286_0_6_0,Notice Period To Terminate Renewal,Notices,184,28
We may immediately terminate this Agreement on notice to you and without any opportunity to cure the default if:,Assignments,7,Terminations,10,0.3925602045192802,False,CUAD_external,linear_svm,CUAD,"HOSPITALITYINVESTORSTRUST,INC_04_07_2014-EX-10.26-FRANCHISE AGREEMENT",cuad_229_0_18_0,Anti-Assignment,Assignments,112,19
"This Agreement will terminate on the earlier to occur of (a) the date upon which the last remaining Receivable is paid in full, settled, sold or written off and any amounts received are applied and (b) the Issuer is terminated under Section 8.1 of the Trust Agreement.",Terms,9,Terminations,10,0.3874633672593726,False,CUAD_external,linear_svm,CUAD,VerizonAbsLlc_20200123_8-K_EX-10.4_11952335_EX-10.4_Service Agreement,cuad_53_0_4_1,Expiration Date,Terms,268,47
Each Service Option Attachment will renew automatically for an additional term equal in duration to the previous term of the applicable Service Option Attachment unless either party notifies the other party in writing at least ninety (90) days prior to the end of the then-current term for the applicable Service Option Attachment that it has elected to terminate such Service Option Attachment.,Notices,1,Terms,9,0.36164304441717965,False,CUAD_external,linear_svm,CUAD,BLUEFLYINC_03_27_2002-EX-10.27-e-business Hosting Agreement,cuad_441_0_6_0,Notice Period To Terminate Renewal,Notices,395,62
"A Facility Addendum may be extended for up to three (3) additional periods of twelve (12) months (each, an ""Extension Period"") by written notice given by Customer to Manufacturer not less than twelve (12) months prior to the expiration of the Initial Term or the applicable Extension Period, as the case may be.",Notices,1,Terms,9,0.3616108523709267,False,CUAD_external,linear_svm,CUAD,UpjohnInc_20200121_10-12G_EX-2.6_11948692_EX-2.6_Manufacturing Agreement_ Supply Agreement,cuad_71_0_6_0,Notice Period To Terminate Renewal,Notices,311,53
The Agreement will be automatically renewed for additional one (1) year terms (subject to applicable fee adjustments) unless thirty (30) days prior to the anniversary of the Effective Date Licensee gives written notice to XACCT of its intention not to renew.,Notices,1,Terms,9,0.3555608344896044,False,CUAD_external,linear_svm,CUAD,"XACCT Technologies, Inc.SUPPORT AND MAINTENANCE AGREEMENT",cuad_222_0_6_0,Notice Period To Terminate Renewal,Notices,258,41
"Termination Date: December 31, 2023",Terms,9,Terminations,10,0.34200209307166274,False,CUAD_external,linear_svm,CUAD,WestPharmaceuticalServicesInc_20200116_8-K_EX-10.1_11947529_EX-10.1_Supply Agreement,cuad_376_0_4_0,Expiration Date,Terms,35,5
"In addition, DCL may terminate this Agreement with effect from the 3rd, 4th or 5th anniversary of the Commencement Date by giving not less than six months notice in writing to SEV",Terms,9,Terminations,10,0.33098370754827067,False,CUAD_external,linear_svm,CUAD,SMITHELECTRICVEHICLESCORP_04_04_2012-EX-10.26-FLEET MAINTENANCE AGREEMENT,cuad_208_0_4_0,Expiration Date,Terms,179,32
"All disputes or claims by Payment Data Systems hereunder shall be resolved by arbitration in McLean, Virginia, pursuant to the rules of the American Arbitration Association.",Governing Laws,0,General,16,0.32829286540601943,False,CUAD_external,linear_svm,CUAD,UsioInc_20040428_SB-2_EX-10.11_1723988_EX-10.11_Affiliate Agreement 2,cuad_165_0_7_0,Governing Law,Governing Laws,173,26
"The sum of the Quarterly Grant Numbers in each calendar year of the Term shall not exceed fifteen thousand (15,000). The options will expire five (5) years after each grant date.",Assignments,7,Terms,9,0.31773011675745755,False,CUAD_external,linear_svm,CUAD,WOMENSGOLFUNLIMITEDINC_03_29_2000-EX-10.13-ENDORSEMENT AGREEMENT,cuad_292_0_18_0,Anti-Assignment,Assignments,178,31
"This Agreement shall continue in effect from the Effective Date for a one (1) year period, unless earlier terminated as set forth below, and thereafter shall renew automatically for successive one (1) year periods unless either party gives the other party at least thirty (30) days prior written notice of its intent not to renew the Agreement.",Notices,1,Terms,9,0.31293826749677445,False,CUAD_external,linear_svm,CUAD,WEBHELPCOMINC_03_22_2000-EX-10.8-HOSTING AGREEMENT,cuad_81_0_6_0,Notice Period To Terminate Renewal,Notices,344,57
"Notwithstanding any provisions of this Agreement to the contrary, this Agreement shall terminate upon the Trust's payment to the Company of the sum of the aggregate amount of the premiums paid under the Policy since inception (which amount includes the outstanding principal balance of the Demand Note).",Terms,9,Terminations,10,0.29504143979108877,False,CUAD_external,linear_svm,CUAD,MOVADOGROUPINC_04_30_2003-EX-10.28-ENDORSEMENT AGREEMENT,cuad_358_0_4_0,Expiration Date,Terms,303,47
"Thereafter, at the end of each renewal term, the Agreement shall renew for an additional two (2) years unless one party provides the other party with prior written notice of non-renewal at least sixty (60) days prior to the expiration of the then-current term.",Notices,1,Terms,9,0.2856374681975373,False,CUAD_external,linear_svm,CUAD,TodosMedicalLtd_20190328_20-F_EX-4.10_11587157_EX-4.10_Marketing Agreement_ Reseller Agreement,cuad_100_0_6_0,Notice Period To Terminate Renewal,Notices,260,44
"The Agreement shall automatically renew for successive one (1) year terms (each a ""Renewal Term"") unless either party provides the other party written notification of its intent to terminate the Agreement no later than sixty (60) days prior to the end of the then applicable term.",Notices,1,Terms,9,0.28056091747102574,False,CUAD_external,linear_svm,CUAD,IpassInc_20181203_8-K_EX-99.1_11445874_EX-99.1_Reseller Agreement,cuad_299_0_6_0,Notice Period To Terminate Renewal,Notices,280,46
This Agreement shall automatically renew for consecutive one (1) year terms at XIMAGE's then prevailing rates at the end of each one (1) year term unless either party gives at least sixty (60) days prior written notice of the non-renewal of this Agreement.,Notices,1,Terms,9,0.2759314937562385,False,CUAD_external,linear_svm,CUAD,IMAGEWARESYSTEMSINC_12_20_1999-EX-10.22-MAINTENANCE AGREEMENT,cuad_472_0_6_0,Notice Period To Terminate Renewal,Notices,256,43
Worker's Compensation Insurance which shall fully comply with the statutory requirements of all applicable state and federal laws.,Insurances,11,Compliance With Laws,17,0.2686873227800135,False,CUAD_external,linear_svm,CUAD,CardlyticsInc_20180112_S-1_EX-10.16_11002987_EX-10.16_Maintenance Agreement1,cuad_154_0_38_7,Insurance,Insurances,130,18
"As of the effective date hereof, the original cooperation of mobile game business executed between the Parties shall terminate automatically.",Terms,9,Terminations,10,0.2648297265926063,False,CUAD_external,linear_svm,CUAD,IDREAMSKYTECHNOLOGYLTD_07_03_2014-EX-10.39-Cooperation Agreement on Mobile Game Business,cuad_226_0_4_1,Expiration Date,Terms,141,20
"This Agreement will automatically terminate in the event of its ""assignment"" (as such term is defined for purposes of Section 15(a) (4) of the Investment Fund Act).",Assignments,7,Terminations,10,0.2596824996500866,False,CUAD_external,linear_svm,CUAD,ArcaUsTreasuryFund_20200207_N-2_EX-99.K5_11971930_EX-99.K5_Development Agreement,cuad_220_0_18_0,Anti-Assignment,Assignments,164,27
"Thereafter, this Agreement shall be renewed automatically on a five (5) year basis, unless one party notifies the other of its desire to terminate this Agreement at least sixty 90 days prior to the expiration of the Initial Term or then current renewal term, as applicable, or unless a new Agreement is signed between the USA MCO and IMedicor which will then invalidate this Agreement.",Notices,1,Terms,9,0.25521137674245975,False,CUAD_external,linear_svm,CUAD,ICORECONNECTINC_10_13_2010-EX-7.1-Strategic Alliance Agreement,cuad_434_0_6_0,Notice Period To Terminate Renewal,Notices,385,65
"If Affiliate fails to notify Network of its desire that this Agreement terminate on its expiration date, at least six (6) months before the expiration date, this Agreement will automatically renew, upon the same terms and conditions, for an additional four (4) -year period (""Renewal Term"").",Notices,1,Terms,9,0.23929562408993932,False,CUAD_external,linear_svm,CUAD,TubeMediaCorp_20060310_8-K_EX-10.1_513921_EX-10.1_Affiliate Agreement,cuad_490_0_6_0,Notice Period To Terminate Renewal,Notices,291,46
Either Party may terminate this Agreement for any reason upon providing 180 days prior written notice to the other Party prior to the expiration of the then-current term or unless sooner terminated in accordance with the terms of this Agreement.,Notices,1,Terminations,10,0.237773165982325,False,CUAD_external,linear_svm,CUAD,LiquidmetalTechnologiesInc_20200205_8-K_EX-10.1_11968198_EX-10.1_Development Agreement,cuad_444_0_6_0,Notice Period To Terminate Renewal,Notices,245,40
"Each party agrees to give the other party written notice, promptly, of any material change in or cancellation of coverages or limits.",Insurances,11,Notices,1,0.22294776241836878,False,CUAD_external,linear_svm,CUAD,BIOFRONTERAAG_04_29_2019-EX-4.17-SUPPLY AGREEMENT,cuad_313_0_38_4,Insurance,Insurances,133,22
"Upon expiration of the Initial Term of this Agreement, this Agreement will automatically renew for additional, successive five (5) year periods unless either Party provides the other Party written notice of its desire to terminate at least one hundred twenty (120) days prior to the end of the Initial Term or any renewal.",Notices,1,Terms,9,0.21813460079675062,False,CUAD_external,linear_svm,CUAD,WaterNowInc_20191120_10-Q_EX-10.12_11900227_EX-10.12_Distributor Agreement,cuad_458_0_6_0,Notice Period To Terminate Renewal,Notices,322,53
"Except as expressly provided in this Agreement, Bellicum specifically agrees not to, and agrees not to cause any Third Party to, sell, market, export, transfer, or re-export Miltenyi Products without Miltenyi's express prior written consent.",Assignments,7,General,16,0.21300317041082495,False,CUAD_external,linear_svm,CUAD,"BELLICUMPHARMACEUTICALS,INC_05_07_2019-EX-10.1-Supply Agreement",cuad_115_0_18_0,Anti-Assignment,Assignments,241,35
"In addition to your obligations under Section 15.7 above, on the first anniversary of the Effective Date, and on each subsequent anniversary of the Effective Date,",Insurances,11,Terms,9,0.21243830501854832,False,CUAD_external,linear_svm,CUAD,"GOOSEHEADINSURANCE,INC_04_02_2018-EX-10.6-Franchise Agreement",cuad_470_0_38_15,Insurance,Insurances,163,26
"Distributor shall not have the right to appoint any subdistributors, subcontractors or other third parties to market, distribute or sell the Products.",Assignments,7,General,16,0.20964054987448988,False,CUAD_external,linear_svm,CUAD,StaarSurgicalCompany_20180801_10-Q_EX-10.37_11289449_EX-10.37_Distributor Agreement,cuad_359_0_18_1,Anti-Assignment,Assignments,150,22
"Upon expiry of the Initial Term, this Agreement [*****] unless a Notice of non-renewal is given by either Party to the other Party [*****] prior to the expiry of the Initial Term or the end of a renewal period, if any.",Notices,1,Terms,9,0.20650149191765932,False,CUAD_external,linear_svm,CUAD,AzulSa_20170303_F-1A_EX-10.3_9943903_EX-10.3_Maintenance Agreement1,cuad_86_0_6_0,Notice Period To Terminate Renewal,Notices,218,41
"Unless Customer notifies Metavante of its intent not to renew this Agreement in writing within a period of three (3) months following the Renewal Notice, this Agreement shall automatically renew at the end of the Initial Term on the same terms (including pricing terms) for one (1) twelve-month period.",Notices,1,Terms,9,0.1948386002694149,False,CUAD_external,linear_svm,CUAD,OFGBANCORP_03_28_2007-EX-10.23-OUTSOURCING AGREEMENT,cuad_348_0_6_0,Notice Period To Terminate Renewal,Notices,302,49
This Agreement shall renew automatically thereafter for successive one year periods until terminated pursuant to Section 12 herein or unless either Client or TrueLink deliver to the other written notice of intent not to renew no later than thirty (30) days prior to the end of said year.,Notices,1,Terms,9,0.18957068535120292,False,CUAD_external,linear_svm,CUAD,BNCMORTGAGEINC_05_17_1999-EX-10.4-LICENSING AND WEB SITE HOSTING AGREEMENT,cuad_37_0_6_0,Notice Period To Terminate Renewal,Notices,287,48
"In the event either party (a) becomes adjudicated insolvent, (b) discontinues its business, (c) has voluntary of involuntary bankruptcy proceedings instituted against it, or (d) makes an assignment for the benefit of creditors, the other party shall be entitled to terminate this Agreement effective immediately upon written notice.",Assignments,7,Terminations,10,0.17945306793952853,False,CUAD_external,linear_svm,CUAD,LIMEENERGYCO_09_09_1999-EX-10-DISTRIBUTOR AGREEMENT,cuad_0_0_18_1,Anti-Assignment,Assignments,332,48
"In the event that either party does not give such notice, the term of this Agreement shall be automatically renewed for another one (1) year.",Notices,1,Terms,9,0.17869098644249592,False,CUAD_external,linear_svm,CUAD,2ThemartComInc_19990826_10-12G_EX-10.10_6700288_EX-10.10_Co-Branding Agreement_ Agency Agreement,cuad_449_0_6_1,Notice Period To Terminate Renewal,Notices,141,25
The Appointment may be terminated by either party giving the other at least 12 months' notice in writing.,Terms,9,Terminations,10,0.17499419149531437,False,CUAD_external,linear_svm,CUAD,WPPPLC_04_30_2020-EX-4.28-SERVICE AGREEMENT,cuad_55_0_4_0,Expiration Date,Terms,105,18
"This agreement shall terminate: a. Automatically if any public authority cancels or declines to renew the Agency's license or Certificate of Authority. b. Immediately if either party gives detailed written notice to the other of alleged gross and willful misconduct, fraud or material misrepresentation.",Terms,9,Terminations,10,0.1627575627198603,False,CUAD_external,linear_svm,CUAD,AMERICANPHYSICIANSCAPITALINC_03_31_2003-EX-10.26-AGENCY AGREEMENT,cuad_105_0_4_0,Expiration Date,Terms,303,44
"as an insurance company in its respective jurisdiction of incorporation and is duly licensed or authorized as an insurer in each other jurisdiction where it is required to be so licensed or authorized to conduct its business, in each case with such exceptions as would not have, individually or in the aggregate, a Material Adverse Effect; except as otherwise described in the Disclosure Package, each Insurance Subsidiary has all other approvals, orders, consents, authorizations, licenses, certificates, permits, registrations and qualifications (collectively, the ""Approvals"") of and from all insurance regulatory authorities to conduct its business, with such exceptions as would not have, individually or in the aggregate, a Material Adverse Effect; there is no pending or, to the knowledge of the Company, threatened action, suit, proceeding or investigation that could reasonably be expected to lead to any revocation, termination or suspension of any such Approval, the revocation, termination or suspension of which would have, individually or in the aggregate, a Material Adverse Effect; and, to the knowledge of the Company, no insurance regulatory agency or body has issued any order or decree impairing, restricting or prohibiting the payment of dividends by any Insurance Subsidiary to its parent which would have, individually or in the aggregate, a Material Adverse Effect.",Insurances,11,Litigations,13,0.16152903997182522,False,CUAD_external,linear_svm,CUAD,"MetLife, Inc. - Remarketing Agreement",cuad_10_0_38_1,Insurance,Insurances,1389,208
"obligations of the Remarketing Agents may be terminated by them by notice given to the Company prior to 12:00 noon, New York City time on the Remarketing Settlement Date if, prior to that time, any of the applicable conditions precedent to the obligations of the Remarketing Agents described in Section 5 hereof shall have failed to occur.",Terms,9,Terminations,10,0.15460690574561808,False,CUAD_external,linear_svm,CUAD,"MetLife, Inc. - Remarketing Agreement",cuad_10_0_4_0,Expiration Date,Terms,339,57
The Agreement may be terminated by both Parties with a notification period of *** before the end of the Initial Term of the Agreement.,Terminations,10,Terms,9,0.15237178468699808,False,CUAD_external,linear_svm,CUAD,PareteumCorp_20081001_8-K_EX-99.1_2654808_EX-99.1_Hosting Agreement,cuad_176_0_15_0,Termination For Convenience,Terminations,134,24
This Limited Power of Attorney shall be revoked and terminated automatically upon the cancellation or termination of the Services Agreement or as to any Fund upon the cancellation or termination of the Adviser's Investment Advisory Contract for such Fund.,Terms,9,Terminations,10,0.15229147803736343,False,CUAD_external,linear_svm,CUAD,FEDERATEDGOVERNMENTINCOMESECURITIESINC_04_28_2020-EX-99.SERV AGREE-SERVICES AGREEMENT_POWEROF,cuad_278_0_4_0,Expiration Date,Terms,255,39
"The Initial Term shall automatically renew for one-month periods thereafter unless either party provides 30- days advance notice of termination, unless earlier terminated pursuant to Section 2.2 hereof.",Notices,1,Terms,9,0.14208053058347758,False,CUAD_external,linear_svm,CUAD,HfEnterprisesInc_20191223_S-1_EX-10.22_11931299_EX-10.22_Development Agreement,cuad_433_0_6_0,Notice Period To Terminate Renewal,Notices,202,28
"This agreement shall renew automatically each year thereafter, unless either party serves written notice of its intention not to renew, on the other at least 90 days prior to the expiration of the then current term of this agreement.",Notices,1,Terms,9,0.14058567080148254,False,CUAD_external,linear_svm,CUAD,BOLIVARMININGCORP_05_23_2003-EX-2.1-VISP WEB SITE BUILDING AND HOSTING AGREEMENT,cuad_303_0_6_0,Notice Period To Terminate Renewal,Notices,233,39
The Initial Term shall automatically be extended for an additional period of half a year unless either party provides the other party with written notification of termination of the letter Agreement at least 60 days prior to end of such period.,Notices,1,Terms,9,0.13797358727883413,False,CUAD_external,linear_svm,CUAD,DataCallTechnologies_20060918_SB-2A_EX-10.9_944510_EX-10.9_Content License Agreement,cuad_158_0_6_0,Notice Period To Terminate Renewal,Notices,244,41
"With respect to Beacon Optofluidic Machines (including related Hardware and Software), Consumables and Services for which Ginkgo has placed a Purchase Order pursuant to this Agreement, the Parties agree to the BLI Terms and Conditions that apply with respect to Beacon Optofluidic Machines (including related Hardware and Software), Consumables and Services, unless, notwithstanding anything to the contrary set forth in the BLI Terms and Conditions (including any language regarding the treatment of additional or different terms set forth therein), a term in such BLI Terms and Conditions is inconsistent with a term in this Agreement, in which case this Agreement shall control, including as follows:",Terminations,10,Terms,9,0.13123557185625345,False,CUAD_external,linear_svm,CUAD,"BERKELEYLIGHTS,INC_06_26_2020-EX-10.12-COLLABORATION AGREEMENT",cuad_418_0_15_0,Termination For Convenience,Terminations,703,105
"This Agreement may be renewed for additional periods of one (1) year (each such additional period, a ""Renewal Term"") unless either Party provides notice of nonrenewal upon not less than [***] prior written notice to the other Party.",Notices,1,Terms,9,0.1299015506601946,False,CUAD_external,linear_svm,CUAD,"Magenta Therapeutics, Inc. - Master Development and Manufacturing Agreement",cuad_168_0_6_0,Notice Period To Terminate Renewal,Notices,232,38
"Notwithstanding any provision to the contrary in the Agreement, Licensor shall not subcontract or assign any of the Services that may require access to or the downloading or other use of Personal Information except with the prior written consent of Licensee or as required to be disclosed by a governmental agency or third party as expressly required by operation of law, regulation or court order.",Assignments,7,Confidentiality,15,0.1245970357820172,False,CUAD_external,linear_svm,CUAD,DIVERSINETCORP_03_01_2012-EX-4-RESELLER AGREEMENT,cuad_279_0_18_0,Anti-Assignment,Assignments,398,65
In the event of a Change of Control (as defined below) this Agreement shall immediately terminate.,Assignments,7,Terminations,10,0.1203084447027154,False,CUAD_external,linear_svm,CUAD,"Zounds Hearing, Inc. - MANUFACTURING DESIGN MARKETING AGREEMENT",cuad_47_0_18_0,Anti-Assignment,Assignments,98,16
"This Agreement shall be automatically renewed for additional extended terms each of two (2) years duration unless either party notifies the other in writing of its intention not to renew the Agreement, such notification to be provided at least ninety (90) days prior to the expiration of the then in-effect term.",Notices,1,Terms,9,0.11877292004565088,False,CUAD_external,linear_svm,CUAD,MidwestEnergyEmissionsCorp_20080604_8-K_EX-10.2_3093976_EX-10.2_Content License Agreement,cuad_500_0_6_0,Notice Period To Terminate Renewal,Notices,312,51
"This Agreement will automatically renew for up to two (2) renewal terms of five (5) years each (each, an ""Extension Period"") unless either Party provides the other Party with written notice of its intent to terminate this Agreement at least six (6) months prior to the end of the Initial Term or the then current Extension Period.",Notices,1,Terms,9,0.11252645740853118,False,CUAD_external,linear_svm,CUAD,MPLXLP_06_17_2015-EX-10.1-TRANSPORTATION SERVICES AGREEMENT,cuad_232_0_6_0,Notice Period To Terminate Renewal,Notices,330,57
"Notwithstanding the foregoing, this Agreement can be terminated by EKR at the end of the Initial Term by delivery of written notice to PPI at least one hundred eighty (180) days prior to the end of the Initial Term or any renewal term.",Notices,1,Terms,9,0.11066419206254019,False,CUAD_external,linear_svm,CUAD,"PACIRA PHARMACEUTICALS, INC. - A_R STRATEGIC LICENSING, DISTRIBUTION AND MARKETING AGREEMENT",cuad_9_0_6_0,Notice Period To Terminate Renewal,Notices,235,43
"Thereafter, this Agreement shall automatically continue in effect until either party gives the other at least six (6) months prior written notice of termination.",Notices,1,Terms,9,0.10961195740359919,False,CUAD_external,linear_svm,CUAD,"IPAYMENT,INC_05_14_2007-EX-10.1-SPONSORSHIP AGREEMENT",cuad_323_0_6_0,Notice Period To Terminate Renewal,Notices,161,24
"Thereafter, this Agreement shall automatically renew for subsequent one (1) year periods unless either party provides the other party with written notification at least thirty (30) days prior to the expiration of the initial five (5) year term or any one (1) year renewal thereof of its intention to terminate this Agreement.",Notices,1,Terms,9,0.10846610724534478,False,CUAD_external,linear_svm,CUAD,CORIOINC_07_20_2000-EX-10.5-LICENSE AND HOSTING AGREEMENT,cuad_31_0_6_0,Notice Period To Terminate Renewal,Notices,325,52
"In relation to each Fund, this Agreement shall terminate on the earlier of (a) the expiration of the term of such Fund or (b) the date, if any, on which Oaktree US (or any affiliate it has substituted in its stead in accordance with such Fund's Fund Agreement) is removed as general partner of such Fund or (c) the Sub-Advisor ceasing to be authorised and regulated by the FCA.",Terms,9,Terminations,10,0.10754187425729445,False,CUAD_external,linear_svm,CUAD,"OAKTREECAPITALGROUP,LLC_03_02_2020-EX-10.8-Services Agreement",cuad_103_0_4_0,Expiration Date,Terms,377,69
"Except as otherwise provided in this Agreement, this ---- Agreement shall terminate on the later of (i) the third anniversary of the Effective Date or (ii) the date on which ETI ceases to be a Subsidiary of NTL.",Terms,9,Terminations,10,0.10420700331147037,False,CUAD_external,linear_svm,CUAD,ENTRUSTINC_07_24_1998-EX-10.5-STRATEGIC ALLIANCE AGREEMENT,cuad_390_0_4_0,Expiration Date,Terms,211,38
"EHS or EHN, on the one hand, and Dr. Murray, on the other, may terminate any Services Term of this Agreement by delivering 60 days written notice to the other party.",Terminations,10,Terms,9,0.10219379969536369,False,CUAD_external,linear_svm,CUAD,EmeraldHealthBioceuticalsInc_20200218_1-A_EX1A-6 MAT CTRCT_11987205_EX1A-6 MAT CTRCT_Development Agreement,cuad_360_0_15_0,Termination For Convenience,Terminations,165,31
The certificates shall provide that Calm will be given at least thirty (30) days prior written notice of cancellation or any material change in these policies.,Insurances,11,Notices,1,0.09954972892367964,False,CUAD_external,linear_svm,CUAD,XpresspaGroupInc_20190401_10-K_EX-10.28_11599457_EX-10.28_Marketing Agreement,cuad_410_0_38_5,Insurance,Insurances,159,26
sole and absolute discretion.,Assignments,7,General,16,0.09548767996485685,False,CUAD_external,linear_svm,CUAD,NmfSlfIInc_20200115_10-12GA_EX-10.5_11946987_EX-10.5_Trademark License Agreement,cuad_280_0_18_3,Anti-Assignment,Assignments,29,4
"This Agreement shall automatically terminate at and as of (the first to occur of): (a) 12:00 midnight, New York City time, on the 30th day after the Effective Date (if Purchaser has not commenced the Offer, with the unanimous consent of the Sponsors, by then); (b) the expiration of the Offer (if the Offer is not consummated pursuant to the terms of the Offer), subject to any extension or subsequent offering period; and (c) the expiration of the Interim Period (if the Offer is consummated pursuant to the terms of the Offer), in any case, unless sooner terminated by unanimous written consent of the Participating Sponsors; provided, however, that any liability for failure to comply with this Agreement shall survive any such termination.",Terms,9,Terminations,10,0.08148446221156913,False,CUAD_external,linear_svm,CUAD,LOOKSMARTLTD_07_20_2012-EX-99.(D)(I)-SPONSORSHIP AGREEMENT,cuad_448_0_4_0,Expiration Date,Terms,743,123
"Either party may cancel this Agreement effective on the last day of the Initial Term, or",Notices,1,Terms,9,0.08013628651196592,False,CUAD_external,linear_svm,CUAD,HYPERIONSOFTWARECORP_09_28_1994-EX-10.47-EXCLUSIVE DISTRIBUTOR AGREEMENT,cuad_198_0_6_1,Notice Period To Terminate Renewal,Notices,88,16
"Unless either party gives written notice of termination of this Agreement at least 60 days prior to the end of the Initial Term, or any successive three-year term, this Agreement shall automatically renew for successive additional three-year terms; provided, however, that this Agreement shall automatically terminate upon the dissolution of the client.",Notices,1,Terms,9,0.07438747759342434,False,CUAD_external,linear_svm,CUAD,BLACKSTONEGSOLONG-SHORTCREDITINCOMEFUND_05_11_2020-EX-99.(K)(1)-SERVICE AGREEMENT,cuad_385_0_6_0,Notice Period To Terminate Renewal,Notices,353,52
"This Agreement shall continue in force until the earlier to occur of (i) the Owner no longer owns any Receivables or Participation Interests, and (ii) subject to Section 7(d), the delivery of written notice of termination by the Owner to the Servicer pursuant to Section 7(c), in each case upon which event this Agreement shall automatically terminate unless otherwise agreed in writing between the Servicer and the Owner.",Terms,9,Terminations,10,0.07360302349271874,False,CUAD_external,linear_svm,CUAD,CUROGROUPHOLDINGSCORP_05_04_2020-EX-10.3-SERVICING AGREEMENT,cuad_48_0_4_0,Expiration Date,Terms,422,68
A party wishing to renew this Agreement shall give the other party notice thereof no less than thirty (30) days before the expiration of the term then in effect.,Notices,1,Terms,9,0.06612817264879278,False,CUAD_external,linear_svm,CUAD,2ThemartComInc_19990826_10-12G_EX-10.10_6700288_EX-10.10_Co-Branding Agreement_ Agency Agreement,cuad_449_0_6_0,Notice Period To Terminate Renewal,Notices,161,29
not be unreasonably withheld.,Assignments,7,General,16,0.06497996849895393,False,CUAD_external,linear_svm,CUAD,"CURAEGISTECHNOLOGIES,INC_05_26_2010-EX-1-CORPORATE SPONSORSHIP AGREEMENT",cuad_281_0_18_1,Anti-Assignment,Assignments,29,4
"So long as HOC is entitled to nominate and maintain a director pursuant to this Article 5, the Company shall indemnify each current and former HOC Director and shall maintain director's and officer's liability insurance for the benefit of each such director, with the same rights and benefits as are accorded the directors of the Company generally.",Insurances,11,Indemnifications,18,0.06034615853784908,False,CUAD_external,linear_svm,CUAD,GOLDRESOURCECORP_12_11_2008-EX-10.1-STRATEGIC ALLIANCE AGREEMENT,cuad_287_0_38_0,Insurance,Insurances,348,57
"Upon the expiration of such term, this Agreement will renew automatically for successive terms of one (1) year each unless either party to this Agreement delivers written notice of termination to the other party to this Agreement at least sixty (60) days prior to the end of the original or any renewal term.",Notices,1,Terms,9,0.04842533948702332,False,CUAD_external,linear_svm,CUAD,NEONSYSTEMSINC_03_01_1999-EX-10.5-DISTRIBUTOR AGREEMENT_Amendment,cuad_89_0_6_0,Notice Period To Terminate Renewal,Notices,308,53
"All disputes or claims by NETWORK 1 hereunder shall be resolved by arbitration in San Antonio, Texas, pursuant to the rules of the American Arbitration Association.",Governing Laws,0,General,16,0.0399492535617374,False,CUAD_external,linear_svm,CUAD,UsioInc_20040428_SB-2_EX-10.11_1723988_EX-10.11_Affiliate Agreement 2,cuad_165_0_7_1,Governing Law,Governing Laws,164,26
This Agreement will also terminate automatically in the event of its assignment (as defined in the 1940 Act).,Assignments,7,Terminations,10,0.03850297693511173,False,CUAD_external,linear_svm,CUAD,IntegrityFunds_20200121_485BPOS_EX-99.E UNDR CONTR_11948727_EX-99.E UNDR CONTR_Service Agreement,cuad_17_0_18_0,Anti-Assignment,Assignments,109,18
"After the initial period of two years, the maintenance and support contract shall be automatically renewed for a period of one year on each renewal date, unless one of the parties terminates the maintenance and support contract through written notification to the other party in the form of a registered letter with proof of receipt, at least six (6) weeks prior to the renewal date.",Notices,1,Terms,9,0.032662096319855394,False,CUAD_external,linear_svm,CUAD,SLOVAKWIRELESSFINANCECOBV_03_28_2001-EX-4.(B)(II).3-Maintenance and support contract for SICAP(R) modules,cuad_125_0_6_0,Notice Period To Terminate Renewal,Notices,383,65
"This Agreement shall terminate, subject to any automatic renewal or extension for one year as required by law, upon either party giving at least one hundred twenty (120) days advance written notice to the other, if not otherwise contrary to applicable law or this Agreement.",Terms,9,Terminations,10,0.031946457250719096,False,CUAD_external,linear_svm,CUAD,AMERICANPHYSICIANSCAPITALINC_03_31_2003-EX-10.26-AGENCY AGREEMENT,cuad_105_0_5_0,Renewal Term,Terms,274,45
"This Agreement shall terminate, subject to any automatic renewal or extension for one year as required by law, upon either party giving at least one hundred twenty (120) days advance written notice to the other, if not otherwise contrary to applicable law or this Agreement.",Notices,1,Terminations,10,0.031946457250719096,False,CUAD_external,linear_svm,CUAD,AMERICANPHYSICIANSCAPITALINC_03_31_2003-EX-10.26-AGENCY AGREEMENT,cuad_105_0_6_0,Notice Period To Terminate Renewal,Notices,274,45
"Agreement, which notice must be given not less than fifteen (15) days before the end of the respective initial or renewal term.",Notices,1,Terms,9,0.028959760503625143,False,CUAD_external,linear_svm,CUAD,CENTRACKINTERNATIONALINC_10_29_1999-EX-10.3-WEB SITE HOSTING AGREEMENT,cuad_3_0_6_1,Notice Period To Terminate Renewal,Notices,127,22
"knowingly use the Services in violation of this Agreement. 3 4.7 Data protection. Each Party agrees to comply with all applicable data protection and privacy laws arising from its obligations, if any, under the Agreement and to reasonably co-operate with the other Party in order to allow the other Party to comply with any laws as deemed necessary from time to time. Each Party shall treat all data, information relating to Services, including but not limit to the customer personal data, as confidential. Each party warrants that it shall take appropriate technical and organizational measures against unauthorized or unlaw",Terms,9,Compliance With Laws,17,0.02037332873234421,False,CUAD_external,linear_svm,CUAD,OPERALTD_04_30_2020-EX-4.14-SERVICE AGREEMENT,cuad_24_0_5_2,Renewal Term,Terms,625,99
"This Agreement shall continue until January 18, 2022, and thereafter shall continue automatically for successive annual periods ending on January 18th of each year, provided such continuance is specifically approved at least annually by (a) the Fund's Board of Trustees and (b) a vote of a majority (as defined in the 1940 Act) of the Fund's Trustees who are not interested persons (as defined in the 1940 Act) of the Fund and who have no direct or indirect financial interest in the operation of the Plan, in this Agreement, or any agreement related to the Plan (the ""Qualified Trustees""), by vote cast in person at a meeting called for the purpose of voting on such approval.",Terms,9,General,16,0.015918290995178164,False,CUAD_external,linear_svm,CUAD,IntegrityFunds_20200121_485BPOS_EX-99.E UNDR CONTR_11948727_EX-99.E UNDR CONTR_Service Agreement,cuad_17_0_4_0,Expiration Date,Terms,677,116
"This Agreement shall continue until January 18, 2022, and thereafter shall continue automatically for successive annual periods ending on January 18th of each year, provided such continuance is specifically approved at least annually by (a) the Fund's Board of Trustees and (b) a vote of a majority (as defined in the 1940 Act) of the Fund's Trustees who are not interested persons (as defined in the 1940 Act) of the Fund and who have no direct or indirect financial interest in the operation of the Plan, in this Agreement, or any agreement related to the Plan (the ""Qualified Trustees""), by vote cast in person at a meeting called for the purpose of voting on such approval.",Terms,9,General,16,0.015918290995178164,False,CUAD_external,linear_svm,CUAD,IntegrityFunds_20200121_485BPOS_EX-99.E UNDR CONTR_11948727_EX-99.E UNDR CONTR_Service Agreement,cuad_17_0_5_0,Renewal Term,Terms,677,116
"This Agreement may also be terminated by MusclePharm, upon fifteen days prior written notice, if death, or physical disability, physical injury, or other incapacity lasting more than eight (8) weeks, causes Endorser to be unable to perform a material amount of the personal or consulting services described in this Agreement.",Assignments,7,Terminations,10,0.014650664911714406,False,CUAD_external,linear_svm,CUAD,MusclepharmCorp_20170208_10-KA_EX-10.38_9893581_EX-10.38_Co-Branding Agreement,cuad_355_0_18_4,Anti-Assignment,Assignments,325,50
"If no termination notice is provided, the Agreement will be automatically extended for consecutive *** periods until such time as *** termination notice is provided.",Terms,9,Terminations,10,0.00533342732056008,False,CUAD_external,linear_svm,CUAD,PareteumCorp_20081001_8-K_EX-99.1_2654808_EX-99.1_Hosting Agreement,cuad_176_0_5_1,Renewal Term,Terms,165,25
"In the event of a claim under any such policies, Merchant shall be responsible for the payment of all deductibles, retentions or self- insured amounts thereunder (which may be reimbursed as an Expense and/or pursuant to the Wind-Down Payment, subject to the Wind-Down Budget and the Wind-Down Cap), unless it is determined that liability arose by reason of the willful misconduct or grossly negligent acts or omissions of Purchaser, or Purchaser's employees, independent contractors or agents.",Insurances,11,Indemnifications,18,0.004197970875851942,False,CUAD_external,linear_svm,CUAD,BONTONSTORESINC_04_20_2018-EX-99.3-AGENCY AGREEMENT,cuad_21_0_38_4,Insurance,Insurances,493,76
"This Agreement shall become effective when it shall have been executed by all parties and upon receipt of all counterparts hereof that, when taken together, bear the signatures of each of the other parties hereto.",Terms,9,Counterparts,2,0.003861257929286044,False,CUAD_external,linear_svm,CUAD,"HEMISPHERX - Sales, Marketing, Distribution, and Supply Agreement",cuad_183_0_3_0,Effective Date,Terms,213,35
This Agreement may be terminated by either party at the expiration of its term or any renewal term upon thirty (30) days written notice to the other party.,Notices,1,Terminations,10,-0.008068483949220662,False,CUAD_external,linear_svm,CUAD,CybergyHoldingsInc_20140520_10-Q_EX-10.27_8605784_EX-10.27_Affiliate Agreement,cuad_374_0_6_0,Notice Period To Terminate Renewal,Notices,155,28
"Customer, upon thirty days prior written notice, may cancel this Agreement at the end of the Initial Term and thereafter on each anniversary of the end of the Initial Term.",Notices,1,Terms,9,-0.009750472520377196,False,CUAD_external,linear_svm,CUAD,TRIZETTOGROUPINC_08_18_1999-EX-10.17-TECHNICAL INFRASTRUCTURE MAINTENANCE AGREEMENT,cuad_328_0_6_0,Notice Period To Terminate Renewal,Notices,172,30
"Market (whether by sale or transfer of equity interests or assets, merger or otherwise); provided, that any such assignee shall be subject to the provisions of this Agreement as if it were the original party hereto, including, without limitation, this Section 11.8;",Assignments,7,General,16,-0.013370964947648,False,CUAD_external,linear_svm,CUAD,Monsanto Company - SECOND A_R EXCLUSIVE AGENCY AND MARKETING AGREEMENT,cuad_408_0_18_5,Anti-Assignment,Assignments,265,42
"Any transfer in violation hereof shall be deemed as a breach by Party B, for which Party B shall take relevant breaching liability and Party A may terminate this Agreement, suspend fee settlement and require Party B to undertake any direct or indirect loss thus caused.",Assignments,7,Terminations,10,-0.0148025783570922,False,CUAD_external,linear_svm,CUAD,IDREAMSKYTECHNOLOGYLTD_07_03_2014-EX-10.39-Cooperation Agreement on Mobile Game Business,cuad_226_0_18_0,Anti-Assignment,Assignments,269,46
"The rights and obligations of the Farids Group set forth in this Article VI (other than those set forth in Sections 6.8 and 6.9) shall terminate on the date that the Farids Group owns less than 3% of the issued and outstanding Common Stock, but in no event earlier than the Expiration Date (as defined in the Warrant).",Terms,9,Terminations,10,-0.01584373468655298,False,CUAD_external,linear_svm,CUAD,"ROCKYMOUNTAINCHOCOLATEFACTORY,INC_12_23_2019-EX-10.2-STRATEGIC ALLIANCE AGREEMENT",cuad_307_0_4_0,Expiration Date,Terms,318,58
knowingly use the Services in violation of this Agreement.,Terms,9,General,16,-0.023980054339068246,False,CUAD_external,linear_svm,CUAD,OPERALTD_04_30_2020-EX-4.14-SERVICE AGREEMENT,cuad_24_0_5_1,Renewal Term,Terms,58,9
"Sanofi shall have the right to grant sublicenses (through multiple tiers) under the rights granted to it under Section 3.1 to one or more Third Parties (i) outside of the United States, and (ii) in the United States; provided that for purposes of subsection (ii), Sanofi shall not sublicense substantially all of the rights granted to it under Section 3.1 in the United States to Third Parties without RevMed's prior written consent, such consent not to be unreasonably withheld, delayed or conditioned.",Assignments,7,General,16,-0.0335367176399155,False,CUAD_external,linear_svm,CUAD,RevolutionMedicinesInc_20200117_S-1_EX-10.1_11948417_EX-10.1_Development Agreement,cuad_258_0_18_2,Anti-Assignment,Assignments,503,82
"In the event of a claim under any such policies, Agent shall be responsible for the payment of all deductibles, retentions or self-insured amounts thereunder, unless it is determined that liability arose by reason of the willful misconduct or grossly negligent acts or omissions of Merchant or Merchant's employees, independent contractors or agents (other than Agent or Agent's employees, agents or independent contractors).",Insurances,11,Indemnifications,18,-0.03625739978119502,False,CUAD_external,linear_svm,CUAD,BONTONSTORESINC_04_20_2018-EX-99.3-AGENCY AGREEMENT,cuad_21_0_38_2,Insurance,Insurances,425,63
"The provisions of this Agreement, including the license rights provided in this Article III, shall not be terminable or revocable for any reason.",Terms,9,General,16,-0.03910863808972065,False,CUAD_external,linear_svm,CUAD,"OTISWORLDWIDECORP_04_03_2020-EX-10.4-INTELLECTUAL PROPERTY AGREEMENT by and among UNITED TECHNOLOGIES CORPORATION, OTIS WORLDWIDE CORPORATION and CARRIER ~1",cuad_243_0_4_0,Expiration Date,Terms,145,23
Written notice of intention to withdraw must be served in writing upon the remaining Participants at least Thirty (30) business days prior to the withdrawal date.,Terminations,10,Notices,1,-0.04318309775327411,False,CUAD_external,linear_svm,CUAD,"MJBIOTECH,INC_12_06_2018-EX-99.01-JOINT VENTURE AGREEMENT",cuad_225_0_15_0,Termination For Convenience,Terminations,162,26
"Thereafter, the agreement shall automatically renew for successive five (5)-year terms, unless either Party gives written notice to the other Party of intent not to renew at least six (6) months prior to the expiration of the then-current Term.",Notices,1,Terms,9,-0.04654283998776321,False,CUAD_external,linear_svm,CUAD,GpaqAcquisitionHoldingsInc_20200123_S-4A_EX-10.6_11951677_EX-10.6_License Agreement,cuad_146_0_6_0,Notice Period To Terminate Renewal,Notices,244,39
SEV shall maintain in force (at its own expense) for the term of this agreement and for six years after its termination:,Insurances,11,Terms,9,-0.05343931594197404,False,CUAD_external,linear_svm,CUAD,SMITHELECTRICVEHICLESCORP_04_04_2012-EX-10.26-FLEET MAINTENANCE AGREEMENT,cuad_208_0_38_1,Insurance,Insurances,120,22
"The Parties agree that the license grant contained in this Section 11.3 is personal to Supplier only and shall be exercised by Supplier only,",Assignments,7,General,16,-0.05701895118563438,False,CUAD_external,linear_svm,CUAD,ParatekPharmaceuticalsInc_20170505_10-KA_EX-10.29_10323872_EX-10.29_Outsourcing Agreement,cuad_478_0_18_0,Anti-Assignment,Assignments,141,24
"This Agreement shall be automatically renewed for additional successive one (1) year periods, unless written notice of non-renewal is received no later than six (6) months prior to the expiration of the then current term.",Notices,1,Terms,9,-0.06022718160811158,False,CUAD_external,linear_svm,CUAD,"Sonos, Inc. - Manufacturing Agreement",cuad_192_0_6_0,Notice Period To Terminate Renewal,Notices,221,35
"All public liability and property damage policies shall contain a provision that El Pollo Loco, although named as an insured, shall nevertheless be entitled to recover under such policies on any loss incurred by El Pollo Loco, its affiliates, agents and/or employees, by reason of the negligence of Developer, its principals, contractors, agents and/or employees.",Insurances,11,Indemnifications,18,-0.06391403365725878,False,CUAD_external,linear_svm,CUAD,ElPolloLocoHoldingsInc_20200306_10-K_EX-10.16_12041700_EX-10.16_Development Agreement,cuad_411_0_38_2,Insurance,Insurances,363,55
"Any purported assignment or transfer not having our prior written consent as required by this Section 16 will be null and void and will also constitute a material breach of this Agreement, for which we may immediately terminate this Agreement without opportunity to cure, pursuant to Section 17.2.5 below.",Assignments,7,Terminations,10,-0.07082439411873398,False,CUAD_external,linear_svm,CUAD,"GOOSEHEADINSURANCE,INC_04_02_2018-EX-10.6-Franchise Agreement",cuad_470_0_18_1,Anti-Assignment,Assignments,305,49
"any other Person, including SpinCo.",Terminations,10,Waivers,19,-0.0727765718491381,False,CUAD_external,linear_svm,CUAD,INGEVITYCORP_05_16_2016-EX-10.5-INTELLECTUAL PROPERTY AGREEMENT,cuad_499_0_15_0,Termination For Convenience,Terminations,35,5
This Agreement shall automatically renew for successive one-year terms unless one party gives the other party written notice of non-renewal at least six months prior to automatic renewal.,Notices,1,Terms,9,-0.07574054735028002,False,CUAD_external,linear_svm,CUAD,NATIONALPROCESSINGINC_07_18_1996-EX-10.4-SPONSORSHIP AGREEMENT,cuad_392_0_6_0,Notice Period To Terminate Renewal,Notices,187,28
"4.7 Data protection. Each Party agrees to comply with all applicable data protection and privacy laws arising from its obligations, if any, under the Agreement and to reasonably co-operate with the other Party in order to allow the other Party to comply with any laws as deemed necessary from time to time. Each Party shall treat all data, information relating to Services, including but not limit to the customer personal data, as confidential. Each party warrants that it shall take appropriate technical and organizational measures against unauthorized or unlaw",Terms,9,Confidentiality,15,-0.08010684926037803,False,CUAD_external,linear_svm,CUAD,OPERALTD_04_30_2020-EX-4.14-SERVICE AGREEMENT,cuad_24_0_5_0,Renewal Term,Terms,564,89
"assignment by either party of its rights to an unrelated third party, the other party shall be given written notice, then in such event the other party may upon six-months (6-months) written notice terminate this Agreement.",Assignments,7,Terminations,10,-0.08460369259608203,False,CUAD_external,linear_svm,CUAD,IntegrityMediaInc_20010329_10-K405_EX-10.17_2373875_EX-10.17_Co-Branding Agreement,cuad_338_0_18_1,Anti-Assignment,Assignments,223,36
"This Agreement shall terminate as to the Remarketing Agent and its obligations hereunder with respect to VRRM-MFP Shares upon the earliest to occur of (a) the effective date of the resignation or removal of such Remarketing Agent pursuant to Section 5(a) and Section 5(b), respectively, (b) the completion of a successful Transition Remarketing on a New Mode Commencement Date in connection with transition to a new Mode, or (c) the date on which no VRRM-MFP Shares are Outstanding.",Terms,9,Terminations,10,-0.08777915359042587,False,CUAD_external,linear_svm,CUAD,NUVEEN - REMARKETING AGREEMENT,cuad_93_0_4_0,Expiration Date,Terms,482,78
"CHT may use third parties to perform its foregoing rights, provided that any such third parties are not competitors of Ehave and shall be subject to confidentiality obligations.",Assignments,7,Confidentiality,15,-0.08816944413794336,False,CUAD_external,linear_svm,CUAD,EhaveInc_20190515_20-F_EX-4.44_11678816_EX-4.44_License Agreement_ Reseller Agreement,cuad_302_0_18_1,Anti-Assignment,Assignments,177,28
"The policy shall provide for ten (10) days notice to the AS Parties from the insurer by Registered or Certified Mail, return receipt requested, in the event of any modification, cancellation, or termination thereof.",Insurances,11,Notices,1,-0.08910648218903394,False,CUAD_external,linear_svm,CUAD,MusclepharmCorp_20170208_10-KA_EX-10.38_9893581_EX-10.38_Co-Branding Agreement,cuad_355_0_38_2,Insurance,Insurances,215,34
"In the event PAPA JOHN'S wishes to sub-contract any or all of the operation of the Products or its related business hereunder (e.g., design of the Products, advertising of the Products, creation of Products, etc.) to any third party (e.g., ad agencies, photographers, videographers, producers, crew, etc.) (each, a ""Sub-Contractor""), the same may only be done if and after ABG has given its Approval therefor.",Assignments,7,General,16,-0.09089002827177706,False,CUAD_external,linear_svm,CUAD,PapaJohnsInternationalInc_20190617_8-K_EX-10.1_11707365_EX-10.1_Endorsement Agreement,cuad_170_0_18_0,Anti-Assignment,Assignments,409,65
"Thereafter, this agreement will renew automatically from year to year unless cancelled in writing by either Party giving the other written notice of such cancellation a minimum of 60 days before the end of the then current term.",Notices,1,Terms,9,-0.10239902078332341,False,CUAD_external,linear_svm,CUAD,ASIANDRAGONGROUPINC_08_11_2005-EX-10.5-Reseller Agreement,cuad_442_0_6_0,Notice Period To Terminate Renewal,Notices,228,38
"In addition, the obligations of the Remarketing Agent hereunder may be terminated by it by notice given to the Company prior to 5:00 p.m. (New York City time) on the date immediately preceding the Commencement Date if, prior to that time, any of the events described in Sections 6(i), (j) or (k) shall have occurred.",Terms,9,Terminations,10,-0.10346426311515078,False,CUAD_external,linear_svm,CUAD,"Reinsurance Group of America, Incorporated - A_R REMARKETING AGREEMENT",cuad_312_0_4_0,Expiration Date,Terms,316,55
"Notwithstanding the aforesaid in Section 16.1. and any possible implication to the contrary herein or as a result of the course of conduct of the parties, NICEshall be entitled, at its sole discretion, to terminate this Agreement, in whole or in part, at any time during the Initial Term or the Extended Term, with or without cause, upon a prior written notice of termination to Contractor of not less than forty-five (45) Days.",Terminations,10,Terms,9,-0.10379837516071322,False,CUAD_external,linear_svm,CUAD,NICELTD_06_26_2003-EX-4.5-OUTSOURCING AGREEMENT,cuad_41_0_15_1,Termination For Convenience,Terminations,428,73
by Licensor or Licensee upon sixty (60) days' written notice to the other party;,Terminations,10,Notices,1,-0.11144917410534938,False,CUAD_external,linear_svm,CUAD,PalmerSquareCapitalBdcInc_20200116_10-12GA_EX-10.6_11949289_EX-10.6_Trademark License Agreement,cuad_163_0_15_0,Termination For Convenience,Terminations,80,14
"For the avoidance of doubt, in the event that either Party assigns this Agreement pursuant to this Section 14.3(a), the other Party shall have the right to terminate this Agreement pursuant to Section 12.2(i).",Assignments,7,Terminations,10,-0.11176434753737108,False,CUAD_external,linear_svm,CUAD,ZogenixInc_20190509_10-Q_EX-10.2_11663313_EX-10.2_Distributor Agreement,cuad_216_0_18_0,Anti-Assignment,Assignments,209,34
"Without prejudice to any term and condition under this Agreement, the Company shall maintain in force, at all times during the Term and [*****], at its own costs and expenses, with insurers of internationally recognized",Insurances,11,Expenses,8,-0.11757911258203724,False,CUAD_external,linear_svm,CUAD,AzulSa_20170303_F-1A_EX-10.3_9943903_EX-10.3_Maintenance Agreement1,cuad_86_0_38_10,Insurance,Insurances,219,35
The Company reserves the right in its sole and absolute discretion to give written notice to,Terminations,10,Notices,1,-0.11862112555718507,False,CUAD_external,linear_svm,CUAD,BICYCLETHERAPEUTICSPLC_03_10_2020-EX-10.11-SERVICE AGREEMENT,cuad_78_0_15_0,Termination For Convenience,Terminations,92,16
"Thereafter, this Agreement shall be effective month to month, until terminated by Transporter or Shipper upon the following written notice to the other specifying a termination date: sixty (60) days for interruptible transportation under Rate Schedule ITS and 180 days for firm transportation under Rate Schedule FTS.",Terms,9,Terminations,10,-0.12506836340994876,False,CUAD_external,linear_svm,CUAD,ATMOSENERGYCORP_11_22_2002-EX-10.17-TRANSPORTATION SERVICE AGREEMENT,cuad_111_0_5_0,Renewal Term,Terms,317,47
"Thereafter, this Agreement shall be effective month to month, until terminated by Transporter or Shipper upon the following written notice to the other specifying a termination date: sixty (60) days for interruptible transportation under Rate Schedule ITS and 180 days for firm transportation under Rate Schedule FTS.",Notices,1,Terminations,10,-0.12506836340994876,False,CUAD_external,linear_svm,CUAD,ATMOSENERGYCORP_11_22_2002-EX-10.17-TRANSPORTATION SERVICE AGREEMENT,cuad_111_0_6_0,Notice Period To Terminate Renewal,Notices,317,47
We shall give you written notice of our election not to renew the franchise at least three (3) months prior to the expiration of the initial or first renewal term of this Agreement.,Notices,1,Terms,9,-0.12934834601281753,False,CUAD_external,linear_svm,CUAD,BUFFALOWILDWINGSINC_06_05_1998-EX-10.3-FRANCHISE AGREEMENT,cuad_199_0_6_0,Notice Period To Terminate Renewal,Notices,181,33
"The deposit accounts of the Bank are insured by the FDIC up to the applicable limits, and upon consummation of the Conversion, the liquidation accounts for the benefit of Eligible Account Holders will be duly established in accordance with the requirements of the Massachusetts Regulations.",Insurances,11,General,16,-0.1333191713373464,False,CUAD_external,linear_svm,CUAD,"BLUEHILLSBANCORP,INC_05_20_2014-EX-1.1-AGENCY AGREEMENT",cuad_401_0_38_0,Insurance,Insurances,290,45
Coverage must be maintained for at least [***] after the later of (i) expiration or early termination of this Agreement and (ii) release of the last Subject from the Clinical Trials.,Insurances,11,Survival,6,-0.13521138762939666,False,CUAD_external,linear_svm,CUAD,PhasebioPharmaceuticalsInc_20200330_10-K_EX-10.21_12086810_EX-10.21_Development Agreement,cuad_177_0_38_3,Insurance,Insurances,182,31
18t h day of August 2014,Terms,9,Amendments,5,-0.1359894636740684,False,CUAD_external,linear_svm,CUAD,"CARDAX,INC_08_19_2014-EX-10.1-COLLABORATION AGREEMENT",cuad_452_0_3_0,Effective Date,Terms,24,6
"On or prior to the date of this Agreement or TF's election to the Board of Directors at the Annual Meeting, as applicable, the Company shall have (x) nominated TF for election to the Board of Directors at the Annual Meeting, (y) entered into an Indemnification Agreement with TF as the Director Designee and (z) taken all necessary action for TF to be covered by the Company's existing directors' liability insurance policy.",Insurances,11,Indemnifications,18,-0.13805139936855615,False,CUAD_external,linear_svm,CUAD,"ROCKYMOUNTAINCHOCOLATEFACTORY,INC_12_23_2019-EX-10.2-STRATEGIC ALLIANCE AGREEMENT",cuad_307_0_38_0,Insurance,Insurances,424,72
"This Agreement is subject to all laws, regulations, license conditions and decisions of the Canadian Radio-television and Telecommunications Commission (""CRTC"") municipal, provincial and federal governments or other authorities which are applicable to Rogers and/or Licensor, and which are now in force or hereafter adopted (""Applicable Law"").",Governing Laws,0,Compliance With Laws,17,-0.14254721165837458,False,CUAD_external,linear_svm,CUAD,EuromediaHoldingsCorp_20070215_10SB12G_EX-10.B(01)_525118_EX-10.B(01)_Content License Agreement,cuad_191_0_7_0,Governing Law,Governing Laws,343,46
Company will not modify or terminate any coverage without giving at least thirty (30) days' prior written notice to ACSI.,Insurances,11,Terminations,10,-0.14333006742532595,False,CUAD_external,linear_svm,CUAD,AudibleInc_20001113_10-Q_EX-10.32_2599586_EX-10.32_Co-Branding Agreement_ Marketing Agreement_ Investment Distribution Agreement,cuad_290_0_38_0,Insurance,Insurances,121,20
"The deposit accounts of the Bank are insured by the FDIC up to the applicable limits; and no proceedings for the termination or revocation of such insurance are pending or, to the best knowledge of the Company or the Bank, threatened.",Insurances,11,Litigations,13,-0.14567789670397113,False,CUAD_external,linear_svm,CUAD,ALAMOGORDOFINANCIALCORP_12_16_1999-EX-1-AGENCY AGREEMENT,cuad_426_0_38_0,Insurance,Insurances,234,41
"In the event of the merger or consolidation of Company with any other entity, Pey Dirt shall have the right to terminate the Contract Period by so notifying Company in writing on or before sixty (60) days after Pey Dirt has received notice of such merger or consolidation.",Assignments,7,Terminations,10,-0.1469059210165231,False,CUAD_external,linear_svm,CUAD,WARNINGMANAGEMENTSERVICESINC_12_10_1999-EX-10-ENDORSEMENT AGREEMENT,cuad_205_0_18_0,Anti-Assignment,Assignments,272,48
"This Services Agreement (""Services Agreement"" or ""Agreement"") is entered into as of the date noted below (the ""Effective Date"") between StartEngine Crowdfunding, Inc., a Delaware corporation (""Company""), and Solutions Vending International, Inc a ___ DE corporation (""Customer"" or ""you"").",Terms,9,Amendments,5,-0.1484304239797949,False,CUAD_external,linear_svm,CUAD,"SOLUTIONSVENDINGINTERNATIONAL,INC_03_31_2020-EX1A-1 UNDR AGMT-SERVICES AGREEMENT",cuad_309_0_3_1,Effective Date,Terms,288,39
"HERC shall provide for ten (10) days notice to THC and HSI in the event of any modification, cancellation or termination.",Insurances,11,Notices,1,-0.14961890895536867,False,CUAD_external,linear_svm,CUAD,"HERTZGLOBALHOLDINGS,INC_07_07_2016-EX-10.4-INTELLECTUAL PROPERTY AGREEMENT",cuad_28_0_38_0,Insurance,Insurances,121,21
"Each Party shall provide the other Party with prompt written notice of any cancellation, non-renewal or material change in such insurance that could materially adversely affect the rights of the other Party hereunder, and shall provide such notice within thirty (30) days after any such cancellation, non-renewal or material change.",Insurances,11,Notices,1,-0.15222175125793824,False,CUAD_external,linear_svm,CUAD,CytodynInc_20200109_10-Q_EX-10.5_11941634_EX-10.5_License Agreement,cuad_39_0_38_1,Insurance,Insurances,332,50
Pretzel Time shall notify Franchisee of the nonrenewal not less than six (6) months prior to the expiration of the term of this Agreement.,Notices,1,Terms,9,-0.15232072898355975,False,CUAD_external,linear_svm,CUAD,MRSFIELDSORIGINALCOOKIESINC_01_29_1998-EX-10-FRANCHISE AGREEMENT,cuad_162_0_6_0,Notice Period To Terminate Renewal,Notices,138,24
"1st day of January, 2009,",Terms,9,General,16,-0.15732009186275853,False,CUAD_external,linear_svm,CUAD,FerroglobePlc_20150624_F-4A_EX-10.20_9154746_EX-10.20_Outsourcing Agreement,cuad_99_0_3_0,Effective Date,Terms,25,5
"This Agreement shall automatically be renewed for successive one (1) year increments unless either party request in writing, at least ninety (90) days prior to the anniversary date, that this Agreement not to be renewed.",Notices,1,Terms,9,-0.15789819744174405,False,CUAD_external,linear_svm,CUAD,InmodeLtd_20190729_F-1A_EX-10.9_11743243_EX-10.9_Manufacturing Agreement,cuad_140_0_6_0,Notice Period To Terminate Renewal,Notices,220,35
This Agreement shall enter into effect on the date it is signed by both parties as shown below.,Terms,9,Amendments,5,-0.15816538081732356,False,CUAD_external,linear_svm,CUAD,KALLOINC_11_03_2011-EX-10.1-STRATEGIC ALLIANCE AGREEMENT,cuad_282_0_3_1,Effective Date,Terms,95,18
"In the case of transfer by devise or inheritance, however, if the heirs or beneficiaries of any such person are unable to meet the conditions of this Section 12, the executor, administrator, or personal representative of the decedent shall transfer the decedent's interest to another party approved by us within twelve (12) months, which disposition shall be subject to all the terms and conditions for transfers contained in this Agreement.",Assignments,7,General,16,-0.16453494206613006,False,CUAD_external,linear_svm,CUAD,SoupmanInc_20150814_8-K_EX-10.1_9230148_EX-10.1_Franchise Agreement1,cuad_335_0_18_4,Anti-Assignment,Assignments,441,70
"This Agreement may be terminated by either the PHL Parties, on the one hand, or ICC, on the other, with respect to Certificates that have not been issued as of the effective date of termination in the following manner:",Terminations,10,Terms,9,-0.1750122034742032,False,CUAD_external,linear_svm,CUAD,PHLVARIABLEINSURANCECOCT_08_17_2009-EX-10.1-STRATEGIC ALLIANCE AGREEMENT,cuad_386_0_15_0,Termination For Convenience,Terminations,218,39
the ____ day of _______________2000,Terms,9,General,16,-0.17916008035062658,False,CUAD_external,linear_svm,CUAD,"XACCT Technologies, Inc.SUPPORT AND MAINTENANCE AGREEMENT",cuad_222_0_3_0,Effective Date,Terms,35,5
"1st day of January, 1998",Terms,9,General,16,-0.18156354975405742,False,CUAD_external,linear_svm,CUAD,NYLIACVARIABLEANNUITYSEPARATEACCOUNTIII_04_10_2020-EX-99.8.KK-SERVICE AGREEMENT,cuad_122_0_3_0,Effective Date,Terms,24,5
"1st day of January, 1997",Terms,9,General,16,-0.18156354975405742,False,CUAD_external,linear_svm,CUAD,HYDRONTECHNOLOGIESINC_03_31_1997-EX-10.47-SPONSORSHIP AGREEMENT,cuad_502_0_3_0,Effective Date,Terms,24,5
This Agreement will automatically renew for successive one-year terms unless terminated by either party by providing the other with 30 days written notice that this Agreement will not be renewed or Affiliate enters into a Processing agreement with Network 1 and an ISO Sponsorship agreement with Harris Bank in which case this Agreement will automatically terminate concurrent with the execution of such agreements.,Notices,1,Terms,9,-0.18383504217996616,False,CUAD_external,linear_svm,CUAD,UsioInc_20040428_SB-2_EX-10.11_1723988_EX-10.11_Affiliate Agreement 2,cuad_165_0_6_0,Notice Period To Terminate Renewal,Notices,415,63
"Either party may cancel this Agreement at any time, with or without supplying a reason, through written notification or by making suitable settings in the respective Control Panel.",Terminations,10,General,16,-0.1919987657767993,False,CUAD_external,linear_svm,CUAD,SouthernStarEnergyInc_20051202_SB-2A_EX-9_801890_EX-9_Affiliate Agreement,cuad_49_0_15_0,Termination For Convenience,Terminations,180,28
"26 day of January, 2007",Terms,9,General,16,-0.1949202795728181,False,CUAD_external,linear_svm,CUAD,OFGBANCORP_03_28_2007-EX-10.23-OUTSOURCING AGREEMENT,cuad_348_0_3_0,Effective Date,Terms,23,5
"The Parties agree that ECOPETROL may declare the termination in advance of the Contract at any time, without any indemnity in favor of the SENDER in the following events:",Assignments,7,Terminations,10,-0.19830757734936022,False,CUAD_external,linear_svm,CUAD,GRANTIERRAENERGYINC_05_07_2012-EX-10.6-TRANSPORTATION CONTRACT,cuad_141_0_18_1,Anti-Assignment,Assignments,170,29
receipt of such notice to receive Technical Support at Manufacturer's sole cost to enable Customer to orderly transfer production of affected Product or Products to a Customer facility or an alternative facility as designated by Customer; provided that Manufacturer shall notify Customer of any proposed or planned Facility Disposition by Manufacturer or any of its Affiliates as soon as reasonably practicable and in any event no later than the date that is three (3) months prior to the effective date of such Facility Disposition.,Assignments,7,Notices,1,-0.20440153954318363,False,CUAD_external,linear_svm,CUAD,UpjohnInc_20200121_10-12G_EX-2.6_11948692_EX-2.6_Manufacturing Agreement_ Supply Agreement,cuad_71_0_18_1,Anti-Assignment,Assignments,533,84
All policies shall be endorsed to provide a Waiver of Subrogation in favor of SDBF.,Insurances,11,Waivers,19,-0.20607514518525305,False,CUAD_external,linear_svm,CUAD,RUBIOSRESTAURANTSINC_03_31_2008-EX-10.75-SPONSORSHIP AGREEMENT,cuad_117_0_38_3,Insurance,Insurances,83,15
"The cost of storage, monitoring (including any on-going analytical analysis), and insurance before shipment shall be borne by [* * *].",Insurances,11,Expenses,8,-0.20803984322564772,False,CUAD_external,linear_svm,CUAD,ParatekPharmaceuticalsInc_20170505_10-KA_EX-10.29_10323872_EX-10.29_Outsourcing Agreement,cuad_478_0_38_3,Insurance,Insurances,134,21
"The Term will automatically renew for successive additional periods of one (1) year each, provided that: (a) Distributor has made all Guaranteed Minimum Purchases and has complied with the marketing requirements under paragraph 4.1(b); (b) the parties have agreed in writing upon the Guaranteed Minimum Purchase amounts and Product price discounts for the next subsequent one (1) year renewal period; (c) neither party provided the other party with notice of such party's intention not to renew this Agreement at least thirty (30) days prior to any year's Expiration Date; and (d) neither party provided the other party with such notice as may be required pursuant to paragraphs 5.2, 5.3 or 5.4.",Notices,1,Terms,9,-0.2107124519051765,False,CUAD_external,linear_svm,CUAD,EUROPEANMICROHOLDINGSINC_03_06_1998-EX-10.6-DISTRIBUTOR AGREEMENT,cuad_379_0_6_0,Notice Period To Terminate Renewal,Notices,695,111
"Any purported assignment or transfer shall be null and void and shall constitute a material breach of this Agreement, for which we may immediately terminate without opportunity to cure pursuant to Section 10.2.3 of this Agreement.",Assignments,7,Terminations,10,-0.21157406284125324,False,CUAD_external,linear_svm,CUAD,SoupmanInc_20150814_8-K_EX-10.1_9230148_EX-10.1_Franchise Agreement1,cuad_335_0_18_6,Anti-Assignment,Assignments,230,36
by providing written notice to the other Party at least sixty (60) calendar days prior to the effective date of such termination,Terminations,10,Notices,1,-0.21192695593381916,False,CUAD_external,linear_svm,CUAD,AlliedEsportsEntertainmentInc_20190815_8-K_EX-10.34_11788308_EX-10.34_Sponsorship Agreement,cuad_124_0_15_1,Termination For Convenience,Terminations,128,22
This Agreement will renew automatically thereafter for successive one-year terms unless and until one Party gives notification of termination with at least sixty (60) days written notice.,Notices,1,Terms,9,-0.21415993882510165,False,CUAD_external,linear_svm,CUAD,"Zounds Hearing, Inc. - MANUFACTURING DESIGN MARKETING AGREEMENT",cuad_47_0_6_0,Notice Period To Terminate Renewal,Notices,187,27
the receipt of such Notice by the Repairer or any other lesser period to be granted by the Repairer.,Terminations,10,Notices,1,-0.21469149144148747,False,CUAD_external,linear_svm,CUAD,AzulSa_20170303_F-1A_EX-10.3_9943903_EX-10.3_Maintenance Agreement1,cuad_86_0_15_0,Termination For Convenience,Terminations,100,19
"This Amendment shall only become effective upon the VNBJ Closing with respect to Article 1.1 and the VNBZ Closing with respect to Article 1.2, and shall terminate without any force or effect in the event that the VNBJ SPA and the VNBZ SPA are terminated in accordance with the terms thereof.",Terms,9,Terminations,10,-0.21697473565261005,False,CUAD_external,linear_svm,CUAD,"VEONEER,INC_02_21_2020-EX-10.11-JOINT VENTURE AGREEMENT",cuad_7_0_3_0,Effective Date,Terms,291,51
"This Amendment shall only become effective upon the VNBJ Closing with respect to Article 1.1 and the VNBZ Closing with respect to Article 1.2, and shall terminate without any force or effect in the event that the VNBJ SPA and the VNBZ SPA are terminated in accordance with the terms thereof.",Terms,9,Terminations,10,-0.21697473565261005,False,CUAD_external,linear_svm,CUAD,"VEONEER,INC_02_21_2020-EX-10.11-JOINT VENTURE AGREEMENT",cuad_7_0_4_0,Expiration Date,Terms,291,51
"Such reasonable additional action includes, but is not limited to, cooperating with Company in verification of Contractor's compliance, such as by providing copies of certificates of insurance and of other books and records of Contractor, and by permitting inspection of the premises, books and records of Contractor.",Insurances,11,General,16,-0.21797783765109613,False,CUAD_external,linear_svm,CUAD,ASPIRITYHOLDINGSLLC_05_07_2012-EX-10.6-OUTSOURCING AGREEMENT,cuad_68_0_38_1,Insurance,Insurances,317,47
"_____ day of _______________, 20__",Terms,9,General,16,-0.21859715511905453,False,CUAD_external,linear_svm,CUAD,JOINTCORP_09_19_2014-EX-10.15-FRANCHISE AGREEMENT,cuad_479_0_3_1,Effective Date,Terms,34,5
"this day of ___________________, 19__",Terms,9,General,16,-0.2214242739613168,False,CUAD_external,linear_svm,CUAD,SPORTHALEYINC_09_29_1997-EX-10.2-10-ENDORSEMENT AGREEMENT,cuad_274_0_3_0,Effective Date,Terms,37,5
"One month prior to the expiry of the Cooperation Term, the parties may further negotiate the cooperation forms, if fails, this Agreement will be terminated upon expiry.",Terms,9,Terminations,10,-0.2281672226760646,False,CUAD_external,linear_svm,CUAD,CHEETAHMOBILEINC_04_22_2014-EX-10.43-Cooperation Agreement,cuad_364_0_5_0,Renewal Term,Terms,168,27
"To the fullest extent allowable by Law, the policy must include a waiver of subrogation in favor of AT&T, its Affiliates, and their directors, officers and employees. I",Insurances,11,Waivers,19,-0.23221015359386388,False,CUAD_external,linear_svm,CUAD,AtnInternationalInc_20191108_10-Q_EX-10.1_11878541_EX-10.1_Maintenance Agreement,cuad_138_0_38_8,Insurance,Insurances,168,28
"Such analysis will include, among other considerations, product risk characteristics, product litigation history,",Insurances,11,General,16,-0.23457642960923153,False,CUAD_external,linear_svm,CUAD,KINGPHARMACEUTICALSINC_08_09_2006-EX-10.1-PROMOTION AGREEMENT,cuad_508_0_38_0,Insurance,Insurances,113,13
"During the Lease Term, PPI shall:",Insurances,11,Terms,9,-0.24106548690150598,False,CUAD_external,linear_svm,CUAD,"PACIRA PHARMACEUTICALS, INC. - A_R STRATEGIC LICENSING, DISTRIBUTION AND MARKETING AGREEMENT",cuad_9_0_38_3,Insurance,Insurances,33,6
"To the extent working with Agents or other Third Parties is permitted under the R&D Work Plan, should a Party wish to engage an Agent or any other Third Party in connection with the R&D Work Plan or any other work under this Agreement, such Party must obtain in advance a written agreement by such Agent or other Third Party (i) to assign to the Party all Inventions conceived, created or generated by the Agent or other Third Party, and (ii) to maintain all Confidential Information in confidence as set forth in Section 5.2.",Assignments,7,Confidentiality,15,-0.2485648689418729,False,CUAD_external,linear_svm,CUAD,ConformisInc_20191101_10-Q_EX-10.6_11861402_EX-10.6_Development Agreement,cuad_50_0_18_2,Anti-Assignment,Assignments,526,94
"Thereafter this Agreement will automatically be renewed for successive additional periods of one year, unless either party gives notice of cancellation on or before October 1 of any such year.",Notices,1,Terms,9,-0.24950410951480217,False,CUAD_external,linear_svm,CUAD,SYKESHEALTHPLANSERVICESINC_04_24_1998-EX-10.14-OUTSOURCING AGREEMENT,cuad_391_0_6_0,Notice Period To Terminate Renewal,Notices,192,30
"Roche shall have the right to extend the Immunotherapy Testing Platform Development Program, upon [...***...] written notice to FMI as specified in Section 19.13, for up to six (6)",Terms,9,Notices,1,-0.25170746601424565,False,CUAD_external,linear_svm,CUAD,"FOUNDATIONMEDICINE,INC_02_02_2015-EX-10.2-Collaboration Agreement",cuad_257_0_5_0,Renewal Term,Terms,180,29
"17t h day of October, 2007",Terms,9,General,16,-0.2534361201119908,False,CUAD_external,linear_svm,CUAD,REGANHOLDINGCORP_03_31_2008-EX-10-LICENSE AND HOSTING AGREEMENT,cuad_498_0_3_0,Effective Date,Terms,26,6
This Agreement will remain in force for perpetuity or until and unless otherwise mutually agreed or amended in writing by both parties.,Terms,9,Amendments,5,-0.25398874166662233,False,CUAD_external,linear_svm,CUAD,LinkPlusCorp_20050802_8-K_EX-10_3240252_EX-10_Affiliate Agreement,cuad_206_0_4_0,Expiration Date,Terms,135,22
"_____ day of __________________, 2015",Terms,9,Waivers,19,-0.2567569863250849,False,CUAD_external,linear_svm,CUAD,SoupmanInc_20150814_8-K_EX-10.1_9230148_EX-10.1_Franchise Agreement1,cuad_335_0_3_0,Effective Date,Terms,37,5
Title to all Joint Venture Property will remain in the name of the Joint Venture.,Assignments,7,Terms,9,-0.26085061193691506,False,CUAD_external,linear_svm,CUAD,"MJBIOTECH,INC_12_06_2018-EX-99.01-JOINT VENTURE AGREEMENT",cuad_225_0_18_0,Anti-Assignment,Assignments,81,15
"Except as may be provided in any Schedule, Metavante may, at any time, withdraw any of the Services upon providing ninety (90) days' prior written notice to Customer, provided that Metavante is withdrawing the Service(s) from its entire client base.",Terminations,10,General,16,-0.2664606144587355,False,CUAD_external,linear_svm,CUAD,OFGBANCORP_03_28_2007-EX-10.23-OUTSOURCING AGREEMENT,cuad_348_0_15_0,Termination For Convenience,Terminations,249,40
(d) By either party hereto upon sixty (60) days prior written notice to the other party hereto;,Terminations,10,Notices,1,-0.2668744298815051,False,CUAD_external,linear_svm,CUAD,AURASYSTEMSINC_06_16_2010-EX-10.25-STRATEGIC ALLIANCE AGREEMENT,cuad_298_0_15_1,Termination For Convenience,Terminations,95,17
by either party with one (1) year written notice prior to the expiration of the initial period or any extension period thereof.,Notices,1,Terms,9,-0.2671020802710623,False,CUAD_external,linear_svm,CUAD,Apollo Endosurgery - Manufacturing and Supply Agreement,cuad_224_0_6_0,Notice Period To Terminate Renewal,Notices,127,22
"If the Publishers exercise their right of renewal under Clause 17.1, then the Publishers shall have a further right of renewal for each of the subsequent three years, provided that the right to renew shall be conditional upon the Publishers having exercised their right in the previous year, and giving notice on or before the 30 September before the renewal is to take effect.",Terms,9,Waivers,19,-0.272385570391379,False,CUAD_external,linear_svm,CUAD,HEALTHGATEDATACORP_11_24_1999-EX-10.1-HOSTING AND MANAGEMENT AGREEMENT (1),cuad_109_0_5_1,Renewal Term,Terms,377,64
"Technology Errors and Omissions Insurance with minimum limits of not less than $5,000,000, covering liabilities arising from errors, omission, etc., in rendering computer or information technology services including but not limited to (1) systems analysis (2) systems programming (3) data processing (4) systems integration (5) outsourcing including outsourcing development and design (6) systems design, consulting, development and modification (7) training services relating to computer software or hardware (8) management, repair and maintenance of computer products, networks and systems (9) marketing, selling, servicing, distributing, installing and maintaining computer hardware or software (10) data entry, modification, verification, maintenance, storage, retrieval or preparation of data output.",Insurances,11,General,16,-0.2733398478764274,False,CUAD_external,linear_svm,CUAD,CardlyticsInc_20180112_S-1_EX-10.16_11002987_EX-10.16_Maintenance Agreement1,cuad_154_0_38_0,Insurance,Insurances,805,103
"31st day of March, 1998",Terms,9,General,16,-0.2735069210986044,False,CUAD_external,linear_svm,CUAD,GSVINC_05_15_1998-EX-10-SPONSORSHIP AGREEMENT,cuad_173_0_3_0,Effective Date,Terms,23,5
"6t h day of March, 2006",Terms,9,General,16,-0.2735069210986044,False,CUAD_external,linear_svm,CUAD,TubeMediaCorp_20060310_8-K_EX-10.1_513921_EX-10.1_Affiliate Agreement,cuad_490_0_3_0,Effective Date,Terms,23,6
"controlled by, under common control with, or controls a party.",Assignments,7,General,16,-0.2901307067437139,False,CUAD_external,linear_svm,CUAD,EdietsComInc_20001030_10QSB_EX-10.4_2606646_EX-10.4_Co-Branding Agreement,cuad_180_0_18_0,Anti-Assignment,Assignments,62,10
"The remaining provisions of this Agreement shall be effective only upon Completion 1 (the ""Effective Time"").",Terms,9,Severability,4,-0.29518384370031847,False,CUAD_external,linear_svm,CUAD,QIWI_06_16_2017-EX-99.(D)(2)-COOPERATION AGREEMENT,cuad_395_0_3_1,Effective Date,Terms,108,16
"this ______ day of ________________, 2013",Terms,9,General,16,-0.2991194751121947,False,CUAD_external,linear_svm,CUAD,Principal Life Insurance Company - Broker Dealer Marketing and Servicing Agreement,cuad_51_0_3_0,Effective Date,Terms,41,6
"Effective Date"" shall mean December 5, 2014.",Terms,9,Amendments,5,-0.2992416611714609,False,CUAD_external,linear_svm,CUAD,Apollo Endosurgery - Manufacturing and Supply Agreement,cuad_224_0_3_0,Effective Date,Terms,44,7
Neither TPC nor Consolidated Artists shall have any right to grant sublicenses hereunder or to otherwise,Assignments,7,General,16,-0.3018932781314594,False,CUAD_external,linear_svm,CUAD,TEARDROPGOLFCO_10_23_1996-EX-10.12-ENDORSEMENT AGREEMENT,cuad_438_0_18_0,Anti-Assignment,Assignments,104,16
"For purposes of this Agreement, any merger, consolidation, or change of corporate structure following which there is a Change of Control of Kitov shall be considered as an assignment by Kitov, allowing Dexcel to terminate the Agreement as heretofore provided.",Assignments,7,Terminations,10,-0.30446544514317364,False,CUAD_external,linear_svm,CUAD,KitovPharmaLtd_20190326_20-F_EX-4.15_11584449_EX-4.15_Manufacturing Agreement,cuad_381_0_18_1,Anti-Assignment,Assignments,259,40
"Notwithstanding the aforesaid in Section 16.1. and any possible implication to the contrary herein or as a result of the course of conduct of the parties, Contractor shall be entitled, at its sole discretion, to terminate this Agreement only during the Extended Term, with or without cause, upon a prior written notice of termination to NICE of not less than six (6) months.",Notices,1,Terms,9,-0.3177832533475353,False,CUAD_external,linear_svm,CUAD,NICELTD_06_26_2003-EX-4.5-OUTSOURCING AGREEMENT,cuad_41_0_6_0,Notice Period To Terminate Renewal,Notices,374,63
"Notwithstanding the aforesaid in Section 16.1. and any possible implication to the contrary herein or as a result of the course of conduct of the parties, Contractor shall be entitled, at its sole discretion, to terminate this Agreement only during the Extended Term, with or without cause, upon a prior written notice of termination to NICE of not less than six (6) months.",Terminations,10,Terms,9,-0.3177832533475353,False,CUAD_external,linear_svm,CUAD,NICELTD_06_26_2003-EX-4.5-OUTSOURCING AGREEMENT,cuad_41_0_15_0,Termination For Convenience,Terminations,374,63
"12th day of November, 2018",Terms,9,General,16,-0.3204447394876292,False,CUAD_external,linear_svm,CUAD,XpresspaGroupInc_20190401_10-K_EX-10.28_11599457_EX-10.28_Marketing Agreement,cuad_410_0_3_0,Effective Date,Terms,26,5
"20t h day of November, 2018",Terms,9,General,16,-0.3204447394876292,False,CUAD_external,linear_svm,CUAD,SimplicityEsportsGamingCompany_20181130_8-K_EX-10.1_11444071_EX-10.1_Franchise Agreement,cuad_394_0_3_0,Effective Date,Terms,27,6
"Bank of America shall be named as an ''Additional Insured"" to the coverages described in Sections 26.2.3, 26.2.4, and 26.2.5 below for the purpose of protecting Bank of America from any expense and/or liability arising out of, alleged to arise out of, related to or connected with the Products provided by Supplier and/or its Subcontractors.",Insurances,11,General,16,-0.32064648512956206,False,CUAD_external,linear_svm,CUAD,CardlyticsInc_20180112_S-1_EX-10.16_11002987_EX-10.16_Maintenance Agreement1,cuad_154_0_38_11,Insurance,Insurances,341,55
"subsidiary or otherwise, or to any person, firm or corporation into which or with it might merge or consolidate.",Assignments,7,Litigations,13,-0.3221143159462737,False,CUAD_external,linear_svm,CUAD,IntegrityMediaInc_20010329_10-K405_EX-10.17_2373875_EX-10.17_Co-Branding Agreement,cuad_338_0_18_3,Anti-Assignment,Assignments,112,19
"You (and your shareholders, partners and members) will not directly or indirectly make a Transfer without our prior written consent.",Assignments,7,Confidentiality,15,-0.32233955121125757,False,CUAD_external,linear_svm,CUAD,BUFFALOWILDWINGSINC_06_05_1998-EX-10.3-FRANCHISE AGREEMENT,cuad_199_0_18_1,Anti-Assignment,Assignments,132,20
10 day of January 2019,Terms,9,General,16,-0.3223575354142646,False,CUAD_external,linear_svm,CUAD,EMERALDHEALTHTHERAPEUTICSINC_06_10_2020-EX-4.5-CONSULTING AGREEMENT - DR. GAETANO MORELLO N.D. INC.,cuad_488_0_3_0,Effective Date,Terms,22,5
This Agreement shall automatically be renewed for one (1) or more one (1) month periods unless either the Customer or i-on gives notice to the other party of its intention not to renew the,Notices,1,Terms,9,-0.32352832359970696,False,CUAD_external,linear_svm,CUAD,CENTRACKINTERNATIONALINC_10_29_1999-EX-10.3-WEB SITE HOSTING AGREEMENT,cuad_3_0_6_0,Notice Period To Terminate Renewal,Notices,188,34
"Within ninety (90) days of our receipt of your notice to renew, we will furnish you with written notice of: (i) reasons which could cause us not to grant a renewal to you including but not limited to any deficiencies which require correction and a schedule for correction by you; and (ii) our then-current requirements relating to the image, appearance, decoration, furnishing, equipping and stocking of Buffalo Wild Wings businesses, and a schedule for effecting upgrading or modifications in order to bring the Franchised Restaurant in compliance, as a condition of renewal. Renewal of the franchise shall be conditioned upon your compliance with such requirements and continued compliance with all the terms and conditions of this Agreement up to the date of termination of the initial term.",Terms,9,Compliance With Laws,17,-0.32756064669785245,False,CUAD_external,linear_svm,CUAD,BUFFALOWILDWINGSINC_06_05_1998-EX-10.3-FRANCHISE AGREEMENT,cuad_199_0_5_1,Renewal Term,Terms,794,127
This Agreement shall be automatically renewed for successive one year periods unless either party gives written notice of termination to the other party at least thirty (30) days prior to the date of expiration.,Notices,1,Terms,9,-0.3307907672340832,False,CUAD_external,linear_svm,CUAD,"COOLTECHNOLOGIES,INC_10_25_2017-EX-10.71-Strategic Alliance Agreement",cuad_407_0_6_0,Notice Period To Terminate Renewal,Notices,211,34
"1st day of April, 2007 (",Terms,9,General,16,-0.3313321280585557,False,CUAD_external,linear_svm,CUAD,"CERES,INC_01_25_2012-EX-10.20-Collaboration Agreement",cuad_187_0_3_0,Effective Date,Terms,24,6
You agree at your own expense to do the following by the Opening Deadline defined in Exhibit 1:,Insurances,11,General,16,-0.34031389371711274,False,CUAD_external,linear_svm,CUAD,JOINTCORP_09_19_2014-EX-10.15-FRANCHISE AGREEMENT,cuad_479_0_38_10,Insurance,Insurances,95,18
"Prior to the Delivery Date and upon each renewal of any policy, the Company shall supply the Repairer with certificates of insurancecompliant with the terms and conditions set out in Clause 8 of this Agreement.",Insurances,11,Terms,9,-0.3486676169388403,False,CUAD_external,linear_svm,CUAD,AzulSa_20170303_F-1A_EX-10.3_9943903_EX-10.3_Maintenance Agreement1,cuad_86_0_38_5,Insurance,Insurances,210,35
This Agreement will automatically be renewed for periods of twelve (12) months unless either Party gives six (6) months written notice of its intent to terminate this Agreement.,Notices,1,Terms,9,-0.35162220729581894,False,CUAD_external,linear_svm,CUAD,MANUFACTURERSSERVICESLTD_06_05_2000-EX-10.14-OUTSOURCING AGREEMENT,cuad_443_0_6_0,Notice Period To Terminate Renewal,Notices,177,28
This Agreement shall be terminable,Terminations,10,Terms,9,-0.3530870860681343,False,CUAD_external,linear_svm,CUAD,PalmerSquareCapitalBdcInc_20200116_10-12GA_EX-10.6_11949289_EX-10.6_Trademark License Agreement,cuad_163_0_15_1,Termination For Convenience,Terminations,34,5
This Agreement shall be terminable,Assignments,7,Terms,9,-0.3530870860681343,False,CUAD_external,linear_svm,CUAD,NmfSlfIInc_20200115_10-12GA_EX-10.5_11946987_EX-10.5_Trademark License Agreement,cuad_280_0_18_2,Anti-Assignment,Assignments,34,5
"In the event that Manufacturer or any of its Affiliates, directly or indirectly, sells, assigns, leases, conveys, transfers or otherwise disposes of any Facility (a ""Facility Disposition""), then Manufacturer shall immediately notify Customer of such event and Customer shall be entitled for a period of six (6) months after the receipt of such notice to terminate any Facility Addendum with respect to such Facility for cause immediately upon written notice to Manufacturer and, in the event Customer decides not to terminate the Facility Addendum for cause, Customer shall be entitled for a period of two (2) years (or such longer period in order to obtain approval for manufacture from all applicable Governmental Authorities) after",Assignments,7,Terminations,10,-0.3561306547169778,False,CUAD_external,linear_svm,CUAD,UpjohnInc_20200121_10-12G_EX-2.6_11948692_EX-2.6_Manufacturing Agreement_ Supply Agreement,cuad_71_0_18_5,Anti-Assignment,Assignments,734,114
"this ___ day of _________, 2004",Terms,9,General,16,-0.3588696475623613,False,CUAD_external,linear_svm,CUAD,"ADIANUTRITION,INC_04_01_2005-EX-10.D2-RESELLER AGREEMENT",cuad_352_0_3_0,Effective Date,Terms,31,6
This Agreement will extend automatically for monthly periods unless either party to this Agreement notifies the other party in writing at least thirty (30) days before the expiration of the then current term.,Notices,1,Terms,9,-0.3602071333035983,False,CUAD_external,linear_svm,CUAD,UAGHINC_04_14_2004-EX-10.18-MAINTENANCE AGREEMENT,cuad_331_0_6_0,Notice Period To Terminate Renewal,Notices,208,33
"19th day of January, 2001",Terms,9,General,16,-0.36039486490238226,False,CUAD_external,linear_svm,CUAD,EbixInc_20010515_10-Q_EX-10.3_4049767_EX-10.3_Co-Branding Agreement,cuad_464_0_3_0,Effective Date,Terms,25,5
"12th day of November, 2019",Terms,9,General,16,-0.3625295154092827,False,CUAD_external,linear_svm,CUAD,WaterNowInc_20191120_10-Q_EX-10.12_11900227_EX-10.12_Distributor Agreement,cuad_458_0_3_0,Effective Date,Terms,26,5
14th day of November 2017,Terms,9,General,16,-0.3635306037920383,False,CUAD_external,linear_svm,CUAD,EcoScienceSolutionsInc_20171117_8-K_EX-10.1_10956472_EX-10.1_Endorsement Agreement,cuad_156_0_3_0,Effective Date,Terms,25,5
"20t h day of January, 2020",Terms,9,General,16,-0.3650600681735544,False,CUAD_external,linear_svm,CUAD,"INTERSECTENT,INC_05_11_2020-EX-10.1-SUPPLY AGREEMENT",cuad_188_0_3_0,Effective Date,Terms,26,6
"M&I may, at any time, withdraw any of the Services (other than the Core Services) upon providing ninety (90) days' prior written notice to Customer.",Terminations,10,General,16,-0.36508266112510623,False,CUAD_external,linear_svm,CUAD,TRICITYBANKSHARESCORP_05_15_1998-EX-10-OUTSOURCING AGREEMENT,cuad_400_0_15_0,Termination For Convenience,Terminations,148,25
"In the event that the Company engages a third party to perform any of the obligations of the Contractor under this Agreement, the Company 19 shall provide written notice to the Contractor of such engagement, the Contractor shall thereafter be relieved of any such obligations for which the third party was engaged.",Assignments,7,Notices,1,-0.3653052170007125,False,CUAD_external,linear_svm,CUAD,ASPIRITYHOLDINGSLLC_05_07_2012-EX-10.6-OUTSOURCING AGREEMENT,cuad_68_0_18_1,Anti-Assignment,Assignments,314,52
"1st day of August, 2013",Terms,9,Amendments,5,-0.3662553546043701,False,CUAD_external,linear_svm,CUAD,BLACKBOXSTOCKSINC_08_05_2014-EX-10.1-DISTRIBUTOR AGREEMENT,cuad_493_0_3_0,Effective Date,Terms,23,5
"14t h day of April, 2015",Terms,9,Waivers,19,-0.36688689714799666,False,CUAD_external,linear_svm,CUAD,PenntexMidstreamPartnersLp_20150416_S-1A_EX-10.4_9042833_EX-10.4_Transportation Agreement,cuad_98_0_3_0,Effective Date,Terms,24,6
"You acknowledge and agree that the franchise granted to you hereunder is non-exclusive and is only for one (1) Master Territory; that you are not granted any area, market, or protected territorial rights other than as expressly provided in Section 1.1 of this Agreement; and that you shall not have the right to sublicense, sublease, subcontract or enter into any management agreement providing for the right to operate the Franchised Business or to use the System granted pursuant to this Agreement, except in the manner expressly provided for in Section 5.1 of this Agreement.",Assignments,7,Waivers,19,-0.3676249876142367,False,CUAD_external,linear_svm,CUAD,SoupmanInc_20150814_8-K_EX-10.1_9230148_EX-10.1_Franchise Agreement1,cuad_335_0_18_2,Anti-Assignment,Assignments,578,94
"Except otherwise expressly agreed between the parties or agreed by Party A beforehand, Party B shall not transfer any cooperation business to a third party in any form whatsoever.",Assignments,7,General,16,-0.3724254317378163,False,CUAD_external,linear_svm,CUAD,IDREAMSKYTECHNOLOGYLTD_07_03_2014-EX-10.39-Cooperation Agreement on Mobile Game Business,cuad_226_0_18_1,Anti-Assignment,Assignments,179,29
This Attachment will automatically be renewed for periods of six (6) months unless either party gives twelve (12) months written notice of its intent to terminate this Agreement.,Notices,1,Terms,9,-0.3755176002398094,False,CUAD_external,linear_svm,CUAD,MANUFACTURERSSERVICESLTD_06_05_2000-EX-10.14-OUTSOURCING AGREEMENT,cuad_443_0_6_1,Notice Period To Terminate Renewal,Notices,178,28
"You further covenant and agree that, for a continuous period of two (2) years after (1) the expiration of this Agreement, (2) the non-renewal of this Agreement, (3) the termination of this Agreement, and/or (4) a transfer as contemplated in Section 16 above: 19.5.1 you will not directly or indirectly, for yourself, or through, on behalf of, or in conjunction with any person, firm, partnership, corporation, or other entity, sell, assign, lease, and/or transfer the Approved Location to any person, firm, partnership, corporation, or other entity that you know, or have reason to know, intends to operate a Competitive Business at the Approved Location; and 19.5.2 you will not solicit, divert, or attempt to solicit or divert any actual or potential business or customer of the Franchised Business to any Competitive Business. 19.5.3 You agree that, by the terms of any conveyance, selling, assigning, leasing or transferring your interest in the Approved Location, you shall include these restrictive covenants as necessary to ensure that a Competitive Business that would violate this Section is not operated at the Approved Location for this two-year period, and you will take all steps necessary to ensure that these restrictive covenants become a matter of public record.",Assignments,7,Confidentiality,15,-0.37592612079063625,False,CUAD_external,linear_svm,CUAD,"GOOSEHEADINSURANCE,INC_04_02_2018-EX-10.6-Franchise Agreement",cuad_470_0_18_0,Anti-Assignment,Assignments,1279,202
"You may not grant any such right to a Unit Franchisee, and Unit Franchisees shall not have the right to sub-franchise or sell Unit Franchises.",Assignments,7,General,16,-0.3781980511752375,False,CUAD_external,linear_svm,CUAD,SoupmanInc_20150814_8-K_EX-10.1_9230148_EX-10.1_Franchise Agreement1,cuad_335_0_18_3,Anti-Assignment,Assignments,142,25
"5th day of January, 2015",Terms,9,General,16,-0.378848414672296,False,CUAD_external,linear_svm,CUAD,HPILHOLDING_01_07_2015-EX-99.1-COOPERATION AGREEMENT,cuad_272_0_3_0,Effective Date,Terms,24,5
"15th day of June, 2015",Terms,9,Waivers,19,-0.380120476871088,False,CUAD_external,linear_svm,CUAD,NakedBrandGroupInc_20150731_POS AM (on S-1)_EX-10.75_9196027_EX-10.75_Endorsement Agreement,cuad_473_0_3_0,Effective Date,Terms,22,5
"Notwithstanding the foregoing, if, at the expiry of this Agreement following the Initial Term or the Renewal Term (if any), as applicable, Licensor and Rogers have not executed a new agreement governing the VOD distribution and exhibition of Licensed Programs and Rogers (or its permitted assigns) continues to distribute and exhibit Licensed Programs on the ROD Service following such expiry, such continued distribution and exhibition shall be governed by the terms of this Agreement in effect at the time of expiry, except that each of Licensor and Rogers shall have the right, on sixty (60) days' prior written notice, to terminate this Agreement, as so extended.",Notices,1,Terms,9,-0.38625083648878344,False,CUAD_external,linear_svm,CUAD,EuromediaHoldingsCorp_20070215_10SB12G_EX-10.B(01)_525118_EX-10.B(01)_Content License Agreement,cuad_191_0_6_0,Notice Period To Terminate Renewal,Notices,667,106
22nd day of August 2005,Terms,9,Amendments,5,-0.3869023324853772,False,CUAD_external,linear_svm,CUAD,TomOnlineInc_20060501_20-F_EX-4.46_749700_EX-4.46_Co-Branding Agreement,cuad_185_0_3_0,Effective Date,Terms,23,5
Client has the unilateral right to cancel this agreement at any time within a 7-day notice period.,Terminations,10,General,16,-0.3952696442824246,False,CUAD_external,linear_svm,CUAD,ClickstreamCorp_20200330_1-A_EX1A-6 MAT CTRCT_12089935_EX1A-6 MAT CTRCT_Development Agreement,cuad_365_0_15_0,Termination For Convenience,Terminations,98,17
This Agreement and any action,Governing Laws,0,Entire Agreements,3,-0.3957327186022217,False,CUAD_external,linear_svm,CUAD,RaeSystemsInc_20001114_10-Q_EX-10.57_2631790_EX-10.57_Co-Branding Agreement,cuad_214_0_7_0,Governing Law,Governing Laws,29,5
"This Agreement may be terminated by either party for any reason or no reason, whether or not extended beyond the initial term, by giving the other party written notice ninety (90) days in advance.",Terminations,10,Terms,9,-0.40185987367309706,False,CUAD_external,linear_svm,CUAD,ImineCorp_20180725_S-1_EX-10.5_11275970_EX-10.5_Distributor Agreement,cuad_265_0_15_0,Termination For Convenience,Terminations,196,34
"[·] day of [·], 2019",Terms,9,General,16,-0.40257353294722453,False,CUAD_external,linear_svm,CUAD,MorganStanleyDirectLendingFund_20191119_10-12GA_EX-10.5_11898508_EX-10.5_Trademark License Agreement,cuad_174_0_3_0,Effective Date,Terms,20,5
"Notwithstanding the foregoing, to the extent that the Services to be provided with respect to any Account which is registered as an investment company under the 1940 Act (herein referred to as a ""registered investment company"") are services referred to in the definition of ""investment advisor"" under Section 202(a)(11) of the Investment Company Act of 1940 (herein referred to as ""investment advisory services""), then with respect to such Account, this Agreement: (i) shall not commence until the effective date of its approval by the board of directors or trustees (""Board"") of such Account; (ii) shall continue from year to year thereafter, subject to the provisions for termination and all other terms and conditions hereof, only if such continuation shall be specifically approved at least annually by a majority of the Board, including a majority of the members of the Board who are not parties to this Agreement or interested persons of any such party (other than as members of the Board) cast in person at a meeting called for that purpose; (iii) may be terminated at any time without the payment of any penalty by the Board or by a vote of a majority of the outstanding voting securities (as defined in Section 2(a)(42) of the 1940 Act) of the Account on 60 days' written notice to the Adviser; (iv) shall automatically terminate in the event of (A) its assignment (as defined in the 1940 Act) or (B) termination of the Advisory Agreement for any reason whatsoever.",Terms,9,Terminations,10,-0.4031468332184951,False,CUAD_external,linear_svm,CUAD,FEDERATEDGOVERNMENTINCOMESECURITIESINC_04_28_2020-EX-99.SERV AGREE-SERVICES AGREEMENT,cuad_160_0_4_0,Expiration Date,Terms,1474,247
"Notwithstanding the foregoing, to the extent that the Services to be provided with respect to any Account which is registered as an investment company under the 1940 Act (herein referred to as a ""registered investment company"") are services referred to in the definition of ""investment advisor"" under Section 202(a)(11) of the Investment Company Act of 1940 (herein referred to as ""investment advisory services""), then with respect to such Account, this Agreement: (i) shall not commence until the effective date of its approval by the board of directors or trustees (""Board"") of such Account; (ii) shall continue from year to year thereafter, subject to the provisions for termination and all other terms and conditions hereof, only if such continuation shall be specifically approved at least annually by a majority of the Board, including a majority of the members of the Board who are not parties to this Agreement or interested persons of any such party (other than as members of the Board) cast in person at a meeting called for that purpose; (iii) may be terminated at any time without the payment of any penalty by the Board or by a vote of a majority of the outstanding voting securities (as defined in Section 2(a)(42) of the 1940 Act) of the Account on 60 days' written notice to the Adviser; (iv) shall automatically terminate in the event of (A) its assignment (as defined in the 1940 Act) or (B) termination of the Advisory Agreement for any reason whatsoever.",Assignments,7,Terminations,10,-0.4031468332184951,False,CUAD_external,linear_svm,CUAD,FEDERATEDGOVERNMENTINCOMESECURITIESINC_04_28_2020-EX-99.SERV AGREE-SERVICES AGREEMENT,cuad_160_0_18_0,Anti-Assignment,Assignments,1474,247
This agreement shall automatically renew for successive six (6) month periods unless written notice is provided of either party's intent not to renew at least six (6) months before the end of the then-current term.,Notices,1,Terms,9,-0.40408577361928977,False,CUAD_external,linear_svm,CUAD,CCAINDUSTRIESINC_04_14_2014-EX-10.1-OUTSOURCING AGREEMENT,cuad_266_0_6_0,Notice Period To Terminate Renewal,Notices,214,35
for any reason on at least ninety (90) days written notice to the other party.,Terminations,10,Notices,1,-0.4067208676022544,False,CUAD_external,linear_svm,CUAD,AULAMERICANUNITTRUST_04_24_2020-EX-99.8.77-SERVICING AGREEMENT,cuad_212_0_15_0,Termination For Convenience,Terminations,78,15
"By either Vendor or Distributor, upon written notice of termination of this Agreement no later than ninety (90) calendar days prior to the expiration of the relevant Term, then in effect;",Notices,1,Terms,9,-0.41058859652832147,False,CUAD_external,linear_svm,CUAD,ENTERTAINMENTGAMINGASIAINC_02_15_2005-EX-10.5-DISTRIBUTOR AGREEMENT,cuad_167_0_6_0,Notice Period To Terminate Renewal,Notices,187,31
"Such policy shall provide, in addition to other protection, protection against any and all claims, demands, and causes of action arising out of any act, omission, negligence or otherwise giving rise to a third party claim.",Insurances,11,Indemnifications,18,-0.4130005389098941,False,CUAD_external,linear_svm,CUAD,"HERTZGLOBALHOLDINGS,INC_07_07_2016-EX-10.4-INTELLECTUAL PROPERTY AGREEMENT",cuad_28_0_38_2,Insurance,Insurances,222,36
16 day of August. 2012,Terms,9,Amendments,5,-0.4157164613858457,False,CUAD_external,linear_svm,CUAD,LIGHTBRIDGECORP_11_23_2015-EX-10.26-STRATEGIC ALLIANCE AGREEMENT,cuad_196_0_3_0,Effective Date,Terms,22,5
The Parties may negotiate for an extension of this Agreement six (6) months before the expiration of the Cooperation Period.,Terms,9,Survival,6,-0.41593809256910963,False,CUAD_external,linear_svm,CUAD,CHIPMOSTECHNOLOGIESBERMUDALTD_04_18_2016-EX-4.72-Strategic Alliance Agreement,cuad_144_0_5_0,Renewal Term,Terms,124,20
"The Agreement rests, for all that, cancellable at any time by any of the parties before the expiry date of the Agreement or any of itsrenewals, upon three months prior written notice.",Notices,1,Terminations,10,-0.41769245764227836,False,CUAD_external,linear_svm,CUAD,FerroglobePlc_20150624_F-4A_EX-10.20_9154746_EX-10.20_Outsourcing Agreement,cuad_99_0_6_0,Notice Period To Terminate Renewal,Notices,183,32
"its convenience, for no reason or for any reason, upon sixty (60) days prior written notice to SpinRecords.com.",Terminations,10,Notices,1,-0.42488197496355085,False,CUAD_external,linear_svm,CUAD,RaeSystemsInc_20001114_10-Q_EX-10.57_2631790_EX-10.57_Co-Branding Agreement,cuad_214_0_15_2,Termination For Convenience,Terminations,111,18
"1st day of October, 2008",Terms,9,General,16,-0.4290819650328145,False,CUAD_external,linear_svm,CUAD,INTRICONCORP_03_10_2009-EX-10.22-Strategic Alliance Agreement,cuad_20_0_3_0,Effective Date,Terms,24,5
1s t day of October 2008,Terms,9,General,16,-0.4290819650328145,False,CUAD_external,linear_svm,CUAD,SteelVaultCorp_20081224_10-K_EX-10.16_3074935_EX-10.16_Affiliate Agreement,cuad_484_0_3_0,Effective Date,Terms,24,6
the date of the Closing,Terms,9,Survival,6,-0.4305743371756796,False,CUAD_external,linear_svm,CUAD,GpaqAcquisitionHoldingsInc_20200123_S-4A_EX-10.6_11951677_EX-10.6_License Agreement,cuad_146_0_3_0,Effective Date,Terms,23,5
of such subcontracting Party (e.g. [***]) or (b) [***] (e.g. [***]) in order for a Party to [***].,Assignments,7,Litigations,13,-0.43189420651900423,False,CUAD_external,linear_svm,CUAD,"BERKELEYLIGHTS,INC_06_26_2020-EX-10.12-COLLABORATION AGREEMENT",cuad_418_0_18_4,Anti-Assignment,Assignments,98,18
An Event of Default shall mean any of the following occurrences:,Assignments,7,General,16,-0.4327775250749417,False,CUAD_external,linear_svm,CUAD,Monsanto Company - SECOND A_R EXCLUSIVE AGENCY AND MARKETING AGREEMENT,cuad_408_0_18_7,Anti-Assignment,Assignments,64,11
"The Executive is entitled to membership of a Group income protection plan and life assurance cover, which will be paid for by the Company.",Insurances,11,Expenses,8,-0.4342674723267679,False,CUAD_external,linear_svm,CUAD,WPPPLC_04_30_2020-EX-4.28-SERVICE AGREEMENT,cuad_55_0_38_2,Insurance,Insurances,138,24
2nd day of January 2020,Terms,9,General,16,-0.4357000767264173,False,CUAD_external,linear_svm,CUAD,GLOBALTECHNOLOGIESLTD_06_08_2020-EX-10.16-CONSULTING AGREEMENT,cuad_29_0_3_0,Effective Date,Terms,23,5
This Agreement shall be terminable by,Assignments,7,Terms,9,-0.4357062014820936,False,CUAD_external,linear_svm,CUAD,PalmerSquareCapitalBdcInc_20200116_10-12GA_EX-10.6_11949289_EX-10.6_Trademark License Agreement,cuad_163_0_18_2,Anti-Assignment,Assignments,37,6
"Except to Affiliates of Valeant, Valeant shall not subcontract the Valeant Activities with any Third Party (including any contract sales force).",Assignments,7,Confidentiality,15,-0.43650815997017967,False,CUAD_external,linear_svm,CUAD,DovaPharmaceuticalsInc_20181108_10-Q_EX-10.2_11414857_EX-10.2_Promotion Agreement,cuad_8_0_18_2,Anti-Assignment,Assignments,144,21
"T&B shall not, during the Term, grant any third party a license to use the Licensed Intellectual Property within the Exclusive Field of Use.",Assignments,7,Terms,9,-0.4379762296345543,False,CUAD_external,linear_svm,CUAD,LegacyEducationAllianceInc_20200330_10-K_EX-10.18_12090678_EX-10.18_Development Agreement,cuad_52_0_18_2,Anti-Assignment,Assignments,140,24
"Signed and effective this 25th day of May, 1999.",Terms,9,Amendments,5,-0.4399044551490081,False,CUAD_external,linear_svm,CUAD,AMERICANPHYSICIANSCAPITALINC_03_31_2003-EX-10.26-AGENCY AGREEMENT,cuad_105_0_3_0,Effective Date,Terms,48,9
"15th day of May, 2013",Terms,9,General,16,-0.44099426600205555,False,CUAD_external,linear_svm,CUAD,SEASPINEHOLDINGSCORP_10_10_2018-EX-10.1-SUPPLY AGREEMENT,cuad_417_0_3_0,Effective Date,Terms,21,5
"""Effective Date"" has the meaning of the ""Closing Date"" set forth in the Investment Agreement.",Terms,9,Notices,1,-0.4430654638175089,False,CUAD_external,linear_svm,CUAD,RareElementResourcesLtd_20171019_SC 13D_EX-99.4_10897534_EX-99.4_Intellectual Property Agreement,cuad_73_0_3_0,Effective Date,Terms,93,15
"Before engaging any IAC Subcontractor, IAC shall first notify and get written approval from Sonos for the use of such IAC Subcontractor.",Assignments,7,Notices,1,-0.4454205444899616,False,CUAD_external,linear_svm,CUAD,"Sonos, Inc. - Manufacturing Agreement",cuad_192_0_18_1,Anti-Assignment,Assignments,136,22
"3rd day of November, 2010",Terms,9,General,16,-0.4457747676074653,False,CUAD_external,linear_svm,CUAD,VERTEXENERGYINC_08_14_2014-EX-10.24-OPERATION AND MAINTENANCE AGREEMENT,cuad_121_0_3_0,Effective Date,Terms,25,5
"20 day of November, 1995.",Terms,9,General,16,-0.4488713414026247,False,CUAD_external,linear_svm,CUAD,DYNAMEXINC_06_06_1996-EX-10.4-TRANSPORTATION SERVICES AGREEMENT,cuad_237_0_3_0,Effective Date,Terms,25,5
Charterer shall not be permitted to sublet the use of any vessels to any third party.,Assignments,7,Notices,1,-0.44956803495624004,False,CUAD_external,linear_svm,CUAD,MARTINMIDSTREAMPARTNERSLP_01_23_2004-EX-10.3-TRANSPORTATION SERVICES AGREEMENT,cuad_116_0_18_1,Anti-Assignment,Assignments,85,16
To ensure that a backup facility will be available in,Insurances,11,Notices,1,-0.45200833878053065,False,CUAD_external,linear_svm,CUAD,BNLFINANCIALCORP_03_30_2007-EX-10.8-OUTSOURCING AGREEMENT,cuad_337_0_38_0,Insurance,Insurances,53,10
"14th day of May, 1999",Terms,9,General,16,-0.4588636975624105,False,CUAD_external,linear_svm,CUAD,STAMPSCOMINC_06_24_1999-EX-10.18-SPONSORSHIP AGREEMENT,cuad_362_0_3_0,Effective Date,Terms,21,5
"""Effective Date"" shall mean the date of signature of the last Party to execute this Agreement.",Terms,9,Further Assurances,14,-0.45929539283356513,False,CUAD_external,linear_svm,CUAD,KitovPharmaLtd_20190326_20-F_EX-4.15_11584449_EX-4.15_Manufacturing Agreement,cuad_381_0_3_0,Effective Date,Terms,94,16
other Party pursuant to Section 8.1.,Assignments,7,General,16,-0.4615858988557213,False,CUAD_external,linear_svm,CUAD,MPLXLP_06_17_2015-EX-10.1-TRANSPORTATION SERVICES AGREEMENT,cuad_232_0_18_2,Anti-Assignment,Assignments,36,6
Any purported transaction not specifically permitted under this Section 14.3 shall be null and void ab initio.,Assignments,7,Terminations,10,-0.467140679291998,False,CUAD_external,linear_svm,CUAD,PlayboyEnterprisesInc_20090220_10-QA_EX-10.2_4091580_EX-10.2_Content License Agreement_ Marketing Agreement_ Sales-Purchase Agreement1,cuad_489_0_18_3,Anti-Assignment,Assignments,110,17
"""Effective Date"" means the date as of which the last signature of a Party is affixed hereto.",Terms,9,Counterparts,2,-0.46878860888640794,False,CUAD_external,linear_svm,CUAD,VertexEnergyInc_20200113_8-K_EX-10.1_11943624_EX-10.1_Marketing Agreement,cuad_496_0_3_1,Effective Date,Terms,92,17
effective as of the last date of signature on the signature pages below,Terms,9,Counterparts,2,-0.4699824673265599,False,CUAD_external,linear_svm,CUAD,STWRESOURCESHOLDINGCORP_08_06_2014-EX-10.1-COOPERATION AGREEMENT,cuad_123_0_3_0,Effective Date,Terms,71,13
Any assignment or agreement or other transaction by Company that fails to be in complete compliance with this Article 3.07 or any other provision of this IP Agreement shall be null and void.,Assignments,7,Severability,4,-0.47548232447091143,False,CUAD_external,linear_svm,CUAD,RareElementResourcesLtd_20171019_SC 13D_EX-99.4_10897534_EX-99.4_Intellectual Property Agreement,cuad_73_0_18_0,Anti-Assignment,Assignments,190,33
"This Agreement is effective from the date of its date of signature and chop, and any other agreement between the parties regarding to matters which are similar to the cooperation contents hereunder shall be terminated automatically.",Terms,9,Entire Agreements,3,-0.47653139673426115,False,CUAD_external,linear_svm,CUAD,CHEETAHMOBILEINC_04_22_2014-EX-10.43-Cooperation Agreement,cuad_364_0_3_1,Effective Date,Terms,232,36
"The Agency shall provide MICOA a copy of each policy; doing so on a regular and current basis shall be a precondition to all of Agency's rights under this Agreement, including but not limited to the payment of all earned commissions.",Insurances,11,Terms,9,-0.5098302567308571,False,CUAD_external,linear_svm,CUAD,AMERICANPHYSICIANSCAPITALINC_03_31_2003-EX-10.26-AGENCY AGREEMENT,cuad_105_0_38_1,Insurance,Insurances,233,41
"This Agreement shall continue in effect for two years from the date hereof, and thereafter shall continue automatically for successive annual periods, provided that such continuance is specifically approved at least annually by (A) the vote of the Board, or by the vote of a majority of the outstanding voting securities of the Fund and (B) the vote of a majority of the Fund's directors who are not parties to this Agreement or ""interested persons"" (as such term is defined in Section 2(a)(19) of the Investment Fund Act) of any such party, in accordance with the requirements of the Investment Fund Act.",Terms,9,General,16,-0.5105881563136563,False,CUAD_external,linear_svm,CUAD,ArcaUsTreasuryFund_20200207_N-2_EX-99.K5_11971930_EX-99.K5_Development Agreement,cuad_220_0_4_0,Expiration Date,Terms,605,102
"This Agreement shall continue in effect for two years from the date hereof, and thereafter shall continue automatically for successive annual periods, provided that such continuance is specifically approved at least annually by (A) the vote of the Board, or by the vote of a majority of the outstanding voting securities of the Fund and (B) the vote of a majority of the Fund's directors who are not parties to this Agreement or ""interested persons"" (as such term is defined in Section 2(a)(19) of the Investment Fund Act) of any such party, in accordance with the requirements of the Investment Fund Act.",Terms,9,General,16,-0.5105881563136563,False,CUAD_external,linear_svm,CUAD,ArcaUsTreasuryFund_20200207_N-2_EX-99.K5_11971930_EX-99.K5_Development Agreement,cuad_220_0_5_0,Renewal Term,Terms,605,102
"for convenience whether or not extended beyond the Initial Term, provided Distributor gives WGT thirty (30) days' advance written notice and, within such thirty (30) day period, Distributor pays to WGT a lump-sum payment equal to fifty (50%) of the unpaid balance of cumulative Guaranteed Minimum Purchase amounts.",Terminations,10,Terms,9,-0.5125565228820358,False,CUAD_external,linear_svm,CUAD,EUROPEANMICROHOLDINGSINC_03_06_1998-EX-10.6-DISTRIBUTOR AGREEMENT,cuad_379_0_15_2,Termination For Convenience,Terminations,314,48
This Agreement will be effective when signed by both Parties provided that the Co-promotion Agreement and the Option Agreement have been signed and have come into force and provided also that said agreements do not prohibit GALEN from entering into the Dovonex(R) Agreement and the Dovobet(R) Agreement.,Terms,9,Amendments,5,-0.5138668844678786,False,CUAD_external,linear_svm,CUAD,WARNERCHILCOTTPLC_12_31_2003-EX-4.36-DEVELOPMENT AGREEMENT,cuad_495_0_3_0,Effective Date,Terms,303,47
20th day of March 2002,Terms,9,General,16,-0.5149190349745303,False,CUAD_external,linear_svm,CUAD,HOLIDAYRVSUPERSTORESINC_04_15_2002-EX-10.13-ENDORSEMENT AGREEMENT,cuad_291_0_3_1,Effective Date,Terms,22,5
"Terms of the project: 12 weeks from February 8, 2018 to May 3, 2018",Terms,9,Waivers,19,-0.5216916322428286,False,CUAD_external,linear_svm,CUAD,Freecook_20180605_S-1_EX-10.3_11233807_EX-10.3_Hosting Agreement,cuad_23_0_4_0,Expiration Date,Terms,67,14
"Without limiting the generality of the foregoing, such policy shall provide protection against any and all claims, demands, and causes of action arising out of any defects or failure to perform, alleged or otherwise, of the Products and Licensed Products or any material used in connection therewith or any use thereof.",Insurances,11,Indemnifications,18,-0.5244123051001187,False,CUAD_external,linear_svm,CUAD,MusclepharmCorp_20170208_10-KA_EX-10.38_9893581_EX-10.38_Co-Branding Agreement,cuad_355_0_38_1,Insurance,Insurances,319,51
"mPhase shall have the right to annually renew this agreement for a period of one year upon each annual expiration with the written consent of Lucent, which written consent shall not be unreasonably withheld.",Terms,9,Assignments,7,-0.5268926042141935,False,CUAD_external,linear_svm,CUAD,MphaseTechnologiesInc_20030911_10-K_EX-10.15_1560667_EX-10.15_Co-Branding Agreement,cuad_186_0_5_0,Renewal Term,Terms,207,34
In the case that the company would not like to extend the terms of agreement for an additional month. The company must notify the consultant within 5 days of the conclusion of the 12 month term.,Notices,1,Terms,9,-0.5273528174998798,False,CUAD_external,linear_svm,CUAD,SPHERE3DCORP_06_24_2020-EX-10.12-CONSULTING AGREEMENT,cuad_421_0_6_0,Notice Period To Terminate Renewal,Notices,194,36
"23rd day of February, 1998",Terms,9,General,16,-0.529617454233869,False,CUAD_external,linear_svm,CUAD,PcquoteComInc_19990721_S-1A_EX-10.11_6377149_EX-10.11_Co-Branding Agreement3,cuad_468_0_3_0,Effective Date,Terms,26,5
"reputation reasonably acceptable to the Repairer, insurances in accordance with industry standards with respect to the undertakings of the Company in Clause 15 (""Liability and Indemnity"") of this Agreement including",Insurances,11,General,16,-0.5338463739939875,False,CUAD_external,linear_svm,CUAD,AzulSa_20170303_F-1A_EX-10.3_9943903_EX-10.3_Maintenance Agreement1,cuad_86_0_38_2,Insurance,Insurances,215,30
"Within thirty (30) days from the date hereof, Company will submit to Licensor evidence of such policy, requiring that the insurer shall not terminate or materially modify such without written notice to Licensor at least twenty (20) days in advance thereof.",Insurances,11,Terminations,10,-0.5383016268903484,False,CUAD_external,linear_svm,CUAD,MOSSIMOINC_04_14_2000-EX-10.14-ENDORSEMENT AGREEMENT,cuad_284_0_38_4,Insurance,Insurances,256,41
"[ ] day of [ ], 2020",Terms,9,General,16,-0.5405188232205258,False,CUAD_external,linear_svm,CUAD,ArconicRolledProductsCorp_20191217_10-12B_EX-2.7_11923804_EX-2.7_Trademark License Agreement,cuad_94_0_3_0,Effective Date,Terms,20,7
17t h day of February 2016,Terms,9,Waivers,19,-0.5422633519048907,False,CUAD_external,linear_svm,CUAD,"FTENETWORKS,INC_02_18_2016-EX-99.4-STRATEGIC ALLIANCE AGREEMENT",cuad_11_0_3_0,Effective Date,Terms,26,6
24t h day of August 2018,Terms,9,Amendments,5,-0.5478196382698266,False,CUAD_external,linear_svm,CUAD,CcRealEstateIncomeFundadv_20181205_POS 8C_EX-99.(H)(3)_11447739_EX-99.(H)(3)_Marketing Agreement,cuad_503_0_3_0,Effective Date,Terms,24,6
"In addition to the rights of Bank of America set forth in this Section, (a) If Bank of America terminates any Product License Schedule for material default by Supplier prior to the Acceptance Date of the Software, Bank of America shall be entitled to a full refund, within thirty (30) calendar days after notice of termination, of all license fees, Maintenance Fees and other fees paid",Terminations,10,General,16,-0.5517069445960736,False,CUAD_external,linear_svm,CUAD,CardlyticsInc_20180112_S-1_EX-10.16_11002987_EX-10.16_Maintenance Agreement1,cuad_154_0_15_1,Termination For Convenience,Terminations,385,66
"This Agreement is dated April 29, 2010.",Terms,9,Amendments,5,-0.5591357345954825,False,CUAD_external,linear_svm,CUAD,LEJUHOLDINGSLTD_03_12_2014-EX-10.34-INTERNET CHANNEL COOPERATION AGREEMENT,cuad_384_0_3_0,Effective Date,Terms,39,7
"Effective Date means May 3, 200ri or such later date as determined under the Arrangement Agreement,",Terms,9,General,16,-0.560525144182316,False,CUAD_external,linear_svm,CUAD,WESTERN COPPER - NON-COMPETITION AGREEMENT,cuad_181_0_3_0,Effective Date,Terms,99,16
If you have transferred your Interests in violation of this Agreement you shall be considered in breach of this Agreement.,Assignments,7,Compliance With Laws,17,-0.5619942824357853,False,CUAD_external,linear_svm,CUAD,JOINTCORP_09_19_2014-EX-10.15-FRANCHISE AGREEMENT,cuad_479_0_18_1,Anti-Assignment,Assignments,122,20
"19 DAY OF MAY , 2010",Terms,9,Amendments,5,-0.5674278995189136,False,CUAD_external,linear_svm,CUAD,"WASTE2ENERGYHOLDINGS,INC_06_03_2010-EX-10.2-STRATEGIC ALLIANCE AGREEMENT",cuad_56_0_3_1,Effective Date,Terms,20,6
13.1.3 By either party for any reason by providing six (6) months prior written notice expressly terminating this Agreement.,Terminations,10,Waivers,19,-0.5674884872563177,False,CUAD_external,linear_svm,CUAD,NANOPHASETECHNOLOGIESCORP_11_01_2005-EX-99.1-DISTRIBUTOR AGREEMENT,cuad_85_0_15_0,Termination For Convenience,Terminations,124,19
"23rd day of December, 2003",Terms,9,Amendments,5,-0.5676324104618895,False,CUAD_external,linear_svm,CUAD,MARTINMIDSTREAMPARTNERSLP_01_23_2004-EX-10.3-TRANSPORTATION SERVICES AGREEMENT,cuad_116_0_3_0,Effective Date,Terms,26,5
"15th day of December, 1997",Terms,9,Amendments,5,-0.5676324104618895,False,CUAD_external,linear_svm,CUAD,NETGROCERINC_07_31_1998-EX-10.15-SPONSORSHIP AGREEMENT,cuad_276_0_3_0,Effective Date,Terms,26,5
"OntoChem may engage one or more subcontractors to perform its activities under the Research Plan with the prior written approval of Anixa and provided that, with respect to any such subcontractor, OntoChem will (a) be responsible and liable for the performance of such subcontractor and (b) enter into a written agreement (i) consistent with terms and conditions of this Agreement, including with respect to confidentiality and intellectual property, and (ii) prohibiting such subcontractor from further subcontracting. For clarity, vendors where commercial building blocks or compounds will be purchased are nor regarded as subcontractors.",Assignments,7,General,16,-0.567696482078746,False,CUAD_external,linear_svm,CUAD,ANIXABIOSCIENCESINC_06_09_2020-EX-10.1-COLLABORATION AGREEMENT,cuad_126_0_18_0,Anti-Assignment,Assignments,640,93
4th day of February 2019,Terms,9,General,16,-0.5700374971546676,False,CUAD_external,linear_svm,CUAD,ScansourceInc_20190509_10-Q_EX-10.2_11661422_EX-10.2_Distributor Agreement,cuad_297_0_3_0,Effective Date,Terms,24,5
This Agreement shall be terminable (a) by the Licensor,Terminations,10,Terms,9,-0.570736972892534,False,CUAD_external,linear_svm,CUAD,NmfSlfIInc_20200115_10-12GA_EX-10.5_11946987_EX-10.5_Trademark License Agreement,cuad_280_0_15_0,Termination For Convenience,Terminations,54,9
"No transfer, amendment, waiver, supplement, assignment or other modification of this Transaction (other than the pledge of this Transaction to the Master Servicer pursuant to the Pooling and Servicing Agreement) shall be permitted by either party unless Moody's and Fitch have been provided notice of the same and confirm in writing (including by facsimile transmission) that they will not downgrade, qualify, withdraw or otherwise modify its then-current rating of the Certificates; provided however that except with respect to a transfer at the direction of UBS, nothing in this provision shall impose any obligation on UBS to give notice to any rating agency.",Assignments,7,Amendments,5,-0.5709474574772657,False,CUAD_external,linear_svm,CUAD,WELLSFARGOMORTGAGEBACKEDSECURITIES2006-6TRUST_05_11_2006-EX-10.3-Yield Maintenance Agreement,cuad_96_0_18_0,Anti-Assignment,Assignments,662,102
This agreement commences upon execution of this document.,Terms,9,Expenses,8,-0.5722353929732139,False,CUAD_external,linear_svm,CUAD,AgapeAtpCorp_20191202_10-KA_EX-10.1_11911128_EX-10.1_Supply Agreement,cuad_219_0_3_0,Effective Date,Terms,57,8
Customer agrees that it will not transfer or (unless expressly and specifically approved by Kubient in advance and in writing) allow third-party access to the Service,Assignments,7,General,16,-0.5764964557725283,False,CUAD_external,linear_svm,CUAD,"KUBIENT,INC_07_02_2020-EX-10.14-MASTER SERVICES AGREEMENT_Part1",cuad_210_0_18_2,Anti-Assignment,Assignments,166,26
"7th day of April, 2017",Terms,9,General,16,-0.5779952693657091,False,CUAD_external,linear_svm,CUAD,BravatekSolutionsInc_20170418_8-K_EX-10.1_10205739_EX-10.1_Reseller Agreement,cuad_273_0_3_0,Effective Date,Terms,22,5
"If applicable, Vendor will maintain Products/Completed Operations for at least two (2) years following completion of the Work.",Insurances,11,Survival,6,-0.5795014576404446,False,CUAD_external,linear_svm,CUAD,AtnInternationalInc_20191108_10-Q_EX-10.1_11878541_EX-10.1_Maintenance Agreement,cuad_138_0_38_15,Insurance,Insurances,126,18
This Agreement takes effect upon the signatures and seals of both Parties in triplicate.,Terms,9,Counterparts,2,-0.594626634134149,False,CUAD_external,linear_svm,CUAD,ZtoExpressCaymanInc_20160930_F-1_EX-10.10_9752871_EX-10.10_Transportation Agreement,cuad_446_0_3_0,Effective Date,Terms,88,14
The COMPANY agrees to a one year engagement to contract the CELEBRITY to speak at the company meetings and seminars along with endorsement of the Company products.,Terms,9,General,16,-0.5964315017529401,False,CUAD_external,linear_svm,CUAD,"MARSHALLHOLDINGSINTERNATIONAL,INC_04_14_2004-EX-10.15-ENDORSEMENT AGREEMENT",cuad_491_0_4_0,Expiration Date,Terms,163,27
"7th day of April, 2003",Terms,9,General,16,-0.599481776940646,False,CUAD_external,linear_svm,CUAD,"VISIUMTECHNOLOGIES,INC_10_20_2004-EX-10.20-DISTRIBUTOR AGREEMENT",cuad_369_0_3_0,Effective Date,Terms,22,5
"Such certificate will provide that there shall be no cancellation, non-renewal, or modification of such coverage without thirty days' prior written notice to the Company.",Insurances,11,Terminations,10,-0.6043786804442439,False,CUAD_external,linear_svm,CUAD,UAGHINC_04_14_2004-EX-10.18-MAINTENANCE AGREEMENT,cuad_331_0_38_0,Insurance,Insurances,170,25
In the event of such an,Assignments,7,Insurances,11,-0.6060595087197196,False,CUAD_external,linear_svm,CUAD,IntegrityMediaInc_20010329_10-K405_EX-10.17_2373875_EX-10.17_Co-Branding Agreement,cuad_338_0_18_2,Anti-Assignment,Assignments,23,6
This Agreement shall take effect as of the date when the authorized representatives of the Parties sign hereon.,Terms,9,Terminations,10,-0.6158653682464967,False,CUAD_external,linear_svm,CUAD,TUNIUCORP_03_06_2014-EX-10-COOPERATION AGREEMENT,cuad_32_0_3_0,Effective Date,Terms,111,18
In no event shall Green Cross grant any sublicense to any of the rights granted to it pursuant to Section 10.1(a) for any other purpose without MacroGenics' prior written consent.,Assignments,7,Waivers,19,-0.6167010627472506,False,CUAD_external,linear_svm,CUAD,MACROGENICSINC_08_02_2013-EX-10-COLLABORATION AGREEMENT,cuad_172_0_18_1,Anti-Assignment,Assignments,179,30
Coverage must be maintained for as long as required by Applicable Law in each country after release of the last Subject from the Clinical Trials or where there is no legal requirement at least [***] after the termination of this Agreement.,Insurances,11,Confidentiality,15,-0.6213009969797922,False,CUAD_external,linear_svm,CUAD,PhasebioPharmaceuticalsInc_20200330_10-K_EX-10.21_12086810_EX-10.21_Development Agreement,cuad_177_0_38_8,Insurance,Insurances,239,41
"an affiliated, parent, subsidiary, related company (or in the case of the production of Advertising Materials to an advertising agency representing TDA) so as to effectuate the intent of this Agreement and the subject matter hereof, although TDA will continue to be liable for all financial obligations hereunder.",Assignments,7,Further Assurances,14,-0.6260945597275908,False,CUAD_external,linear_svm,CUAD,"HALITRON,INC_03_01_2005-EX-10.15-SPONSORSHIP AND DEVELOPMENT AGREEMENT",cuad_370_0_18_1,Anti-Assignment,Assignments,313,48
"""Effective Date"" shall mean February 16, 1998",Terms,9,Expenses,8,-0.6289581494209407,False,CUAD_external,linear_svm,CUAD,TRICITYBANKSHARESCORP_05_15_1998-EX-10-OUTSOURCING AGREEMENT,cuad_400_0_3_0,Effective Date,Terms,45,7
You agree not to open the Franchise for business until:,Insurances,11,General,16,-0.6329895907187273,False,CUAD_external,linear_svm,CUAD,JOINTCORP_09_19_2014-EX-10.15-FRANCHISE AGREEMENT,cuad_479_0_38_2,Insurance,Insurances,55,10
IBM agrees to insure tooling it owns.,Insurances,11,Confidentiality,15,-0.6335068577901308,False,CUAD_external,linear_svm,CUAD,MANUFACTURERSSERVICESLTD_06_05_2000-EX-10.14-OUTSOURCING AGREEMENT,cuad_443_0_38_0,Insurance,Insurances,37,7
"This Agreement is executed in duplicate on the 5th day of December, 2007, in Fort Worth, Tarrant County, Texas, to be effective January 1, 2008.",Terms,9,Amendments,5,-0.6360227955634079,False,CUAD_external,linear_svm,CUAD,"CANOPETROLEUM,INC_12_13_2007-EX-10.1-Sponsorship Agreement",cuad_227_0_3_0,Effective Date,Terms,144,25
"""Offtake Agreement"" means that certain Crude Oil Sale and Purchase Agreement between the Principal and STASCO dated 1 November 1999.",Terms,9,Confidentiality,15,-0.6470893142273113,False,CUAD_external,linear_svm,CUAD,CHAPARRALRESOURCESINC_03_30_2000-EX-10.66-TRANSPORTATION CONTRACT,cuad_296_0_4_0,Expiration Date,Terms,132,20
"The Parties have agreed that they will mutually approve the design of the Co-Branded Site and that the launch date of the Co-Branded Site shall be September 1st, 1999 unless mutually extended by the Parties as agreed to in writing.",Terms,9,Terminations,10,-0.6517088539176542,False,CUAD_external,linear_svm,CUAD,HealthcentralCom_19991108_S-1A_EX-10.27_6623292_EX-10.27_Co-Branding Agreement,cuad_318_0_3_1,Effective Date,Terms,231,40
"the 5th day of February, 2020",Terms,9,General,16,-0.6664294174376182,False,CUAD_external,linear_svm,CUAD,"KUBIENT,INC_07_02_2020-EX-10.14-MASTER SERVICES AGREEMENT_Part1",cuad_210_0_3_0,Effective Date,Terms,29,6
"1st day of June, 1999",Terms,9,Expenses,8,-0.6812353985614195,False,CUAD_external,linear_svm,CUAD,DYNTEKINC_07_30_1999-EX-10-ONLINE HOSTING AGREEMENT,cuad_425_0_3_0,Effective Date,Terms,21,5
"1s t day of June, 2004",Terms,9,Expenses,8,-0.6812353985614195,False,CUAD_external,linear_svm,CUAD,ASIANDRAGONGROUPINC_08_11_2005-EX-10.5-Reseller Agreement,cuad_442_0_3_0,Effective Date,Terms,22,6
This Agreement was negotiated and is being contracted,Governing Laws,0,Taxes,12,-0.6844804900890228,False,CUAD_external,linear_svm,CUAD,"MARSHALLHOLDINGSINTERNATIONAL,INC_04_14_2004-EX-10.15-ENDORSEMENT AGREEMENT",cuad_491_0_7_0,Governing Law,Governing Laws,53,8
"By any of the PHL Parties, on the one hand, or ICC, on the other, providing one hundred and twenty (120) days prior written notice to the other Parties.",Terminations,10,Terms,9,-0.6857864189722687,False,CUAD_external,linear_svm,CUAD,PHLVARIABLEINSURANCECOCT_08_17_2009-EX-10.1-STRATEGIC ALLIANCE AGREEMENT,cuad_386_0_15_1,Termination For Convenience,Terminations,152,29
You agree that you will do all of the following things:,Insurances,11,General,16,-0.689552664267966,False,CUAD_external,linear_svm,CUAD,PfHospitalityGroupInc_20150923_10-12G_EX-10.1_9266710_EX-10.1_Franchise Agreement1,cuad_30_0_38_12,Insurance,Insurances,55,11
"corporate structure or ownership of the Company, or (b) AIG sells the Company to an acquirer, in each case, (i) having a rating from at least one of S&P, Moody's, A.M. Best or a substitute agency, which is a nationally recognized statistical rating organization, that is at least equal to the lower of (x) AIG's then-current rating from such agency or (y) the Company's then-current rating as supported by this Agreement from such agency; or (ii) such that, immediately on the effective date of the modification of corporate structure or sale by AIG of the Company, the Company's capitalization is consistent with the minimum capital adequacy standards and criteria of at least one of S&P, Moody's, A.M. Best or a substitute agency, which is a nationally recognized statistical rating organization, for a rating that is equal to or better than the Company's then-current rating on the date immediately preceding such modification of corporate structure or sale.",Notices,1,Confidentiality,15,-0.6925897421532357,False,CUAD_external,linear_svm,CUAD,VARIABLESEPARATEACCOUNT_04_30_2014-EX-13.C-UNCONDITIONAL CAPITAL MAINTENANCE AGREEMENT,cuad_74_0_6_1,Notice Period To Terminate Renewal,Notices,961,156
"IN WITNESS WHEREOF, each party hereto, being duly authorized, has caused this agreement to be executed and effective as of the date set forth below.",Terms,9,Assignments,7,-0.7019853067188158,False,CUAD_external,linear_svm,CUAD,BLACKROCKMUNIHOLDINGSINVESTMENTQUALITYFUND_04_07_2020-EX-99.01-JOINT FILING AGREEMENT,cuad_202_0_3_1,Effective Date,Terms,148,25
"February ____, 2017 (",Terms,9,Waivers,19,-0.7029462347949649,False,CUAD_external,linear_svm,CUAD,ELECTRAMECCANICA VEHICLES CORP. - Manufacturing Agreement,cuad_76_0_3_0,Effective Date,Terms,21,4
"Customer will not modify, translate, alter, tamper with, repair, or otherwise create derivative works of any software included in any Service; reverse engineer, disassemble, or decompile any software or Service or apply any other process or procedure to derive source code of any software included in any Service; or resell, transfer, assign, or use as a service bureau any Service",Assignments,7,Waivers,19,-0.7081869412528621,False,CUAD_external,linear_svm,CUAD,"KUBIENT,INC_07_02_2020-EX-10.14-MASTER SERVICES AGREEMENT_Part1",cuad_210_0_18_1,Anti-Assignment,Assignments,381,60
"2nd day of June, 2008",Terms,9,Expenses,8,-0.7162920370016248,False,CUAD_external,linear_svm,CUAD,MidwestEnergyEmissionsCorp_20080604_8-K_EX-10.2_3093976_EX-10.2_Content License Agreement,cuad_500_0_3_0,Effective Date,Terms,21,5
"16th day of February, 2000",Terms,9,General,16,-0.7200656441274017,False,CUAD_external,linear_svm,CUAD,InvendaCorp_20000828_S-1A_EX-10.2_2588206_EX-10.2_Co-Branding Agreement,cuad_428_0_3_0,Effective Date,Terms,26,5
This Agreement and the performance of,Governing Laws,0,Compliance With Laws,17,-0.7464580003447987,False,CUAD_external,linear_svm,CUAD,STAMPSCOMINC_06_24_1999-EX-10.18-SPONSORSHIP AGREEMENT,cuad_362_0_7_0,Governing Law,Governing Laws,37,6
"This Clause 6 and Clauses 1, 5, 7 through 9 (inclusive) come into force and effect upon the execution of this Agreement by the Parties.",Terms,9,Counterparts,2,-0.7594921001160564,False,CUAD_external,linear_svm,CUAD,QIWI_06_16_2017-EX-99.(D)(2)-COOPERATION AGREEMENT,cuad_395_0_3_0,Effective Date,Terms,135,25
Any Transfer without such approval shall constitute a breach of this Agreement and shall be void and of no effect.,Assignments,7,Survival,6,-0.7689332241865816,False,CUAD_external,linear_svm,CUAD,MRSFIELDSORIGINALCOOKIESINC_01_29_1998-EX-10-FRANCHISE AGREEMENT,cuad_162_0_18_0,Anti-Assignment,Assignments,114,20
Parties can mutually agree in writing to deviate from an automatic extension of *** by extending this Agreement for a longer period than ***.,Terms,9,Terminations,10,-0.774511109422855,False,CUAD_external,linear_svm,CUAD,PareteumCorp_20081001_8-K_EX-99.1_2654808_EX-99.1_Hosting Agreement,cuad_176_0_5_0,Renewal Term,Terms,141,24
"The channel is expected to be uploaded on August 1, 201",Terms,9,Notices,1,-0.808909483024441,False,CUAD_external,linear_svm,CUAD,LEJUHOLDINGSLTD_03_12_2014-EX-10.34-INTERNET CHANNEL COOPERATION AGREEMENT,cuad_384_0_4_1,Expiration Date,Terms,55,11
"The following events shall constitute a default by Developer, which shall result in El Pollo Loco's right to declare the immediate termination of this Agreement.",Assignments,7,Survival,6,-0.8093390571717729,False,CUAD_external,linear_svm,CUAD,ElPolloLocoHoldingsInc_20200306_10-K_EX-10.16_12041700_EX-10.16_Development Agreement,cuad_411_0_18_1,Anti-Assignment,Assignments,161,25
