text,true_label,true_label_id,predicted_label,predicted_label_id,confidence,is_correct,dataset_name,model_name,source_dataset,contract_id,span_id,label_original,label_mapped,text_length_chars,text_length_words
"This Agreement may be executed in one or more counterparts, all of which counterparts shall be considered one and the same agreement, and shall become effective when one or more counterparts have been signed by each Party and delivered to the other Party.",Terms,9,Counterparts,2,0.9993458390235901,False,CUAD_external,distilbert-base-uncased,CUAD,CerenceInc_20191002_8-K_EX-10.4_11827494_EX-10.4_Intellectual Property Agreement,cuad_14_0_3_0,Effective Date,Terms,255,43
the receipt of such Notice by the Repairer or any other lesser period to be granted by the Repairer.,Terminations,10,Notices,1,0.9988808035850525,False,CUAD_external,distilbert-base-uncased,CUAD,AzulSa_20170303_F-1A_EX-10.3_9943903_EX-10.3_Maintenance Agreement1,cuad_86_0_15_0,Termination For Convenience,Terminations,100,19
by Licensor or Licensee upon sixty (60) days' written notice to the other party;,Terminations,10,Notices,1,0.9988183379173279,False,CUAD_external,distilbert-base-uncased,CUAD,PalmerSquareCapitalBdcInc_20200116_10-12GA_EX-10.6_11949289_EX-10.6_Trademark License Agreement,cuad_163_0_15_0,Termination For Convenience,Terminations,80,14
Written notice of intention to withdraw must be served in writing upon the remaining Participants at least Thirty (30) business days prior to the withdrawal date.,Terminations,10,Notices,1,0.9986698627471924,False,CUAD_external,distilbert-base-uncased,CUAD,"MJBIOTECH,INC_12_06_2018-EX-99.01-JOINT VENTURE AGREEMENT",cuad_225_0_15_0,Termination For Convenience,Terminations,162,26
"Each party agrees to give the other party written notice, promptly, of any material change in or cancellation of coverages or limits.",Insurances,11,Notices,1,0.9986506104469299,False,CUAD_external,distilbert-base-uncased,CUAD,BIOFRONTERAAG_04_29_2019-EX-4.17-SUPPLY AGREEMENT,cuad_313_0_38_4,Insurance,Insurances,133,22
The Company reserves the right in its sole and absolute discretion to give written notice to,Terminations,10,Notices,1,0.9985761642456055,False,CUAD_external,distilbert-base-uncased,CUAD,BICYCLETHERAPEUTICSPLC_03_10_2020-EX-10.11-SERVICE AGREEMENT,cuad_78_0_15_0,Termination For Convenience,Terminations,92,16
receipt of such notice to receive Technical Support at Manufacturer's sole cost to enable Customer to orderly transfer production of affected Product or Products to a Customer facility or an alternative facility as designated by Customer; provided that Manufacturer shall notify Customer of any proposed or planned Facility Disposition by Manufacturer or any of its Affiliates as soon as reasonably practicable and in any event no later than the date that is three (3) months prior to the effective date of such Facility Disposition.,Assignments,7,Notices,1,0.998570442199707,False,CUAD_external,distilbert-base-uncased,CUAD,UpjohnInc_20200121_10-12G_EX-2.6_11948692_EX-2.6_Manufacturing Agreement_ Supply Agreement,cuad_71_0_18_1,Anti-Assignment,Assignments,533,84
(ii) upon sixty (60) days' written notice by the Licensor to the Licensee or (b) by the Licensee,Terminations,10,Notices,1,0.9985270500183105,False,CUAD_external,distilbert-base-uncased,CUAD,NmfSlfIInc_20200115_10-12GA_EX-10.5_11946987_EX-10.5_Trademark License Agreement,cuad_280_0_15_2,Termination For Convenience,Terminations,96,18
for any reason on at least ninety (90) days written notice to the other party.,Terminations,10,Notices,1,0.9984651803970337,False,CUAD_external,distilbert-base-uncased,CUAD,AULAMERICANUNITTRUST_04_24_2020-EX-99.8.77-SERVICING AGREEMENT,cuad_212_0_15_0,Termination For Convenience,Terminations,78,15
(ii) upon sixty (60) days' written notice by the Licensee to the Licensor.,Terminations,10,Notices,1,0.9983096122741699,False,CUAD_external,distilbert-base-uncased,CUAD,NmfSlfIInc_20200115_10-12GA_EX-10.5_11946987_EX-10.5_Trademark License Agreement,cuad_280_0_15_1,Termination For Convenience,Terminations,74,13
"The policy shall provide for ten (10) days notice to the AS Parties from the insurer by Registered or Certified Mail, return receipt requested, in the event of any modification, cancellation, or termination thereof.",Insurances,11,Notices,1,0.9982470273971558,False,CUAD_external,distilbert-base-uncased,CUAD,MusclepharmCorp_20170208_10-KA_EX-10.38_9893581_EX-10.38_Co-Branding Agreement,cuad_355_0_38_2,Insurance,Insurances,215,34
"In the event that either Wade or Naked wishes to extend the Term of the Agreement as contemplated above, it shall provide the other Party with written notice at least ninety (90) days prior to the expiration of the Term.",Terms,9,Notices,1,0.9980169534683228,False,CUAD_external,distilbert-base-uncased,CUAD,NakedBrandGroupInc_20150731_POS AM (on S-1)_EX-10.75_9196027_EX-10.75_Endorsement Agreement,cuad_473_0_5_2,Renewal Term,Terms,220,40
"HERC shall provide for ten (10) days notice to THC and HSI in the event of any modification, cancellation or termination.",Insurances,11,Notices,1,0.9978772401809692,False,CUAD_external,distilbert-base-uncased,CUAD,"HERTZGLOBALHOLDINGS,INC_07_07_2016-EX-10.4-INTELLECTUAL PROPERTY AGREEMENT",cuad_28_0_38_0,Insurance,Insurances,121,21
The Term will be 3 years from Effective Date with an automatic 2 year term extensions unless otherwise advised by one of the Parties.,Notices,1,Terms,9,0.9972665309906006,False,CUAD_external,distilbert-base-uncased,CUAD,"HEMISPHERX - Sales, Marketing, Distribution, and Supply Agreement",cuad_183_0_6_0,Notice Period To Terminate Renewal,Notices,133,24
"In the event that the Company engages a third party to perform any of the obligations of the Contractor under this Agreement, the Company 19 shall provide written notice to the Contractor of such engagement, the Contractor shall thereafter be relieved of any such obligations for which the third party was engaged.",Assignments,7,Notices,1,0.9971906542778015,False,CUAD_external,distilbert-base-uncased,CUAD,ASPIRITYHOLDINGSLLC_05_07_2012-EX-10.6-OUTSOURCING AGREEMENT,cuad_68_0_18_1,Anti-Assignment,Assignments,314,52
"If the Farids Group determines for any reason not to proceed with any proposed registration requested pursuant to Section 6.1, the Farids Group shall promptly notify the Company in writing.",Terminations,10,Notices,1,0.9971753358840942,False,CUAD_external,distilbert-base-uncased,CUAD,"ROCKYMOUNTAINCHOCOLATEFACTORY,INC_12_23_2019-EX-10.2-STRATEGIC ALLIANCE AGREEMENT",cuad_307_0_15_0,Termination For Convenience,Terminations,189,30
"No transfer, amendment, waiver, supplement, assignment or other modification of this Transaction (other than the pledge of this Transaction to the Master Servicer pursuant to the Pooling and Servicing Agreement) shall be permitted by either party unless Moody's and Fitch have been provided notice of the same and confirm in writing (including by facsimile transmission) that they will not downgrade, qualify, withdraw or otherwise modify its then-current rating of the Certificates; provided however that except with respect to a transfer at the direction of UBS, nothing in this provision shall impose any obligation on UBS to give notice to any rating agency.",Assignments,7,Amendments,5,0.9971649050712585,False,CUAD_external,distilbert-base-uncased,CUAD,WELLSFARGOMORTGAGEBACKEDSECURITIES2006-6TRUST_05_11_2006-EX-10.3-Yield Maintenance Agreement,cuad_96_0_18_0,Anti-Assignment,Assignments,662,102
"Before engaging any IAC Subcontractor, IAC shall first notify and get written approval from Sonos for the use of such IAC Subcontractor.",Assignments,7,Notices,1,0.9971532821655273,False,CUAD_external,distilbert-base-uncased,CUAD,"Sonos, Inc. - Manufacturing Agreement",cuad_192_0_18_1,Anti-Assignment,Assignments,136,22
"Subject to the other provisions of this Agreement, the term of this Agreement shall commence on the Effective Date and shall remain in effect until terminated by either Party upon thirty (30) days' prior written notice.",Notices,1,Terms,9,0.9971280694007874,False,CUAD_external,distilbert-base-uncased,CUAD,ENERGYXXILTD_05_08_2015-EX-10.13-Transportation AGREEMENT,cuad_151_0_6_0,Notice Period To Terminate Renewal,Notices,219,36
"Subject to the other provisions of this Agreement, the term of this Agreement shall commence on the Effective Date and shall remain in effect until terminated by either Party upon thirty (30) days' prior written notice.",Terminations,10,Terms,9,0.9971280694007874,False,CUAD_external,distilbert-base-uncased,CUAD,ENERGYXXILTD_05_08_2015-EX-10.13-Transportation AGREEMENT,cuad_151_0_15_0,Termination For Convenience,Terminations,219,36
"This Agreement will commence on the Effective Date and continue for an Initial Term of five (5) years, and will automatically renew for additional periods of five (5) years unless one Party notifies the other of its intention not to renew, no less than 12 months prior to the expiration of the then-current term, unless terminated as permitted under this Agreement.",Notices,1,Terms,9,0.9970787763595581,False,CUAD_external,distilbert-base-uncased,CUAD,"BELLRINGBRANDS,INC_02_07_2020-EX-10.18-MASTER SUPPLY AGREEMENT",cuad_107_0_6_0,Notice Period To Terminate Renewal,Notices,365,61
"The term of this Agreement shall be for one (1) year commencing on the Effective Date and automatically renewing annually thereafter, unless either party provides a thirty-day notice of written termination one to the other (""Term"").",Notices,1,Terms,9,0.9970732927322388,False,CUAD_external,distilbert-base-uncased,CUAD,EcoScienceSolutionsInc_20171117_8-K_EX-10.1_10956472_EX-10.1_Endorsement Agreement,cuad_156_0_6_0,Notice Period To Terminate Renewal,Notices,232,36
"Subject to the other provisions contained herein, this AGREEMENT shall be for a term of thirty (30) years from the Effective Date, which shall automatically renew from year-to-year thereafter unless terminated by a Party upon sixty (60) days' written notice after the end of the term.",Notices,1,Terms,9,0.9970542192459106,False,CUAD_external,distilbert-base-uncased,CUAD,STWRESOURCESHOLDINGCORP_08_06_2014-EX-10.1-COOPERATION AGREEMENT,cuad_123_0_6_0,Notice Period To Terminate Renewal,Notices,284,46
"In the event either Party desires to make such an assignment or other transfer of this Agreement or any rights or obligations hereunder, such Party shall deliver a written notice to the other Party requesting the other Party's written consent in accordance with this Section 13.2, and the other Party shall provide such Party written notice of its determination whether to provide such written consent within [***] following its receipt of such written notice from such Party.",Assignments,7,Notices,1,0.9970464110374451,False,CUAD_external,distilbert-base-uncased,CUAD,DovaPharmaceuticalsInc_20181108_10-Q_EX-10.2_11414857_EX-10.2_Promotion Agreement,cuad_8_0_18_0,Anti-Assignment,Assignments,476,77
"This contract shall be for a term of one year commencing on the date first above written; thereafter, it shall automatically continue until terminated by either party upon not less than thirty (30) days prior written notice to the other party.",Notices,1,Terms,9,0.9970429539680481,False,CUAD_external,distilbert-base-uncased,CUAD,ENTERPRISEPRODUCTSPARTNERSLP_07_08_1998-EX-10.3-TRANSPORTATION CONTRACT,cuad_422_0_6_0,Notice Period To Terminate Renewal,Notices,243,41
"This contract shall be for a term of one year commencing on the date first above written; thereafter, it shall automatically continue until terminated by either party upon not less than thirty (30) days prior written notice to the other party.",Terminations,10,Terms,9,0.9970429539680481,False,CUAD_external,distilbert-base-uncased,CUAD,ENTERPRISEPRODUCTSPARTNERSLP_07_08_1998-EX-10.3-TRANSPORTATION CONTRACT,cuad_422_0_15_0,Termination For Convenience,Terminations,243,41
"The terms of this Agreement shall be one year from the effective date and will be automatically renewed on each anniversary of the effective date, for a renewal term of one year unless either party provides written notification of its intention not to renew this Agreement at least one month prior to the expiration of the initial or any renewal terms.",Notices,1,Terms,9,0.9970327615737915,False,CUAD_external,distilbert-base-uncased,CUAD,"ETELOS,INC_03_09_2004-EX-10.8-DISTRIBUTOR AGREEMENT",cuad_260_0_6_0,Notice Period To Terminate Renewal,Notices,352,61
"The term of this Agreement is three years from and including the date of this Agreement (the ""Initial Term""), with automatic renewal for additional successive one-year terms (each a ""Renewal Term"" and together wit the Initial Term, the ""Term"") unless no later than [* * *] days prior to the end of the Initial Term, or any Renewal Term either party notifies the other that it wishes to terminate this Agreement effective the end of the Initial Term or that Renewal Term, as applicable.",Notices,1,Terms,9,0.9970307350158691,False,CUAD_external,distilbert-base-uncased,CUAD,"VAPOTHERM, INC. - Manufacturing and Supply Agreement",cuad_194_0_6_0,Notice Period To Terminate Renewal,Notices,485,84
"Unless sooner terminated in accordance with the provisions hereof, the initial term of this Agreement (""Initial Term"") will be ten (10) years from the Effective Date, provided that at any time following the 7th anniversary of such date, either party may terminate such strategic alliance upon not less than 60 days' prior written notice to the other party.",Terminations,10,Terms,9,0.9969722032546997,False,CUAD_external,distilbert-base-uncased,CUAD,REWALKROBOTICSLTD_07_10_2014-EX-10.2-STRATEGIC ALLIANCE AGREEMENT,cuad_97_0_15_1,Termination For Convenience,Terminations,356,58
"The term of this Agreement is twelve (12) months from the date hereof, and will be automatically renewed for one (1) additional twelve month period unless either party shall notify the other in writing of its intention not to renew. Such notice must be given ninety (90) days prior to expiration of the original term.",Notices,1,Terms,9,0.9969674944877625,False,CUAD_external,distilbert-base-uncased,CUAD,"SIBANNAC,INC_12_04_2017-EX-2.1-Strategic Alliance Agreement",cuad_19_0_6_0,Notice Period To Terminate Renewal,Notices,317,55
"This Agreement shall be effective until the earlier of (a) its termination in accordance with the provisions of this Article 14 or (b) the date that is two (2) years after the date of this Agreement; provided, however, that this Agreement will renew automatically for successive terms of one (1) year each unless a party to this Agreement delivers written notice of termination to the other party to this Agreement at least sixty (60) days prior to the end of the original or any renewal term or the parties to this Agreement do not agree in writing to the Quota Amount referred to in subsection 14.2(b)(1) for any one (1) year renewal term at least sixty (60) days prior to the commencement of such term.",Notices,1,Terms,9,0.996940016746521,False,CUAD_external,distilbert-base-uncased,CUAD,NEONSYSTEMSINC_03_01_1999-EX-10.5-DISTRIBUTOR AGREEMENT_New,cuad_340_0_6_0,Notice Period To Terminate Renewal,Notices,705,125
The initial term of this Agreement shall be for a period of five (5) years from the date first set forth above and shall thereafter automatically renew for additional two (2) year terms unless a party provides the other party with notice of non-renewal no less than 6 months prior to the expiration of the initial term or any renewal term unless earlier terminated as follows:,Notices,1,Terms,9,0.9969261288642883,False,CUAD_external,distilbert-base-uncased,CUAD,NANOPHASETECHNOLOGIESCORP_11_01_2005-EX-99.1-DISTRIBUTOR AGREEMENT,cuad_85_0_6_0,Notice Period To Terminate Renewal,Notices,376,66
The initial term of this Agreement shall be for a period of five (5) years from the date first set forth above and shall thereafter automatically renew for additional two (2) year terms unless a party provides the other party with notice of non-renewal no less than 6 months prior to the expiration of the initial term or any renewal term unless earlier terminated as follows:,Terminations,10,Terms,9,0.9969261288642883,False,CUAD_external,distilbert-base-uncased,CUAD,NANOPHASETECHNOLOGIESCORP_11_01_2005-EX-99.1-DISTRIBUTOR AGREEMENT,cuad_85_0_15_1,Termination For Convenience,Terminations,376,66
"Unless otherwise terminated as provided herein, the initial term of this Agreement shall be three (3) years from the Effective Date and shall thereafter be automatically renewed for subsequent one (1) year periods unless either party notifies the other in writing of its election not to renew the Agreement at least one hundred twenty (120) days prior to the expiration of the then-current term.",Notices,1,Terms,9,0.9968892931938171,False,CUAD_external,distilbert-base-uncased,CUAD,"VISIUMTECHNOLOGIES,INC_10_20_2004-EX-10.20-DISTRIBUTOR AGREEMENT",cuad_369_0_6_0,Notice Period To Terminate Renewal,Notices,395,64
"The sum of the Quarterly Grant Numbers in each calendar year of the Term shall not exceed fifteen thousand (15,000). The options will expire five (5) years after each grant date.",Assignments,7,Terms,9,0.9968814849853516,False,CUAD_external,distilbert-base-uncased,CUAD,WOMENSGOLFUNLIMITEDINC_03_29_2000-EX-10.13-ENDORSEMENT AGREEMENT,cuad_292_0_18_0,Anti-Assignment,Assignments,178,31
"This Agreement is effective on the Effective Date and shah continue in effect until the earlier of (a) the fifth (5t h) anniversary of the Effective Date, and (b) termination by either Party for any reason upon thirty (30) days' written notice to the other Party; provided, however, that no Party shall be able to terminate this Agreement so long as such Party is a Defaulting Party under this Agreement.",Terminations,10,Terms,9,0.9968745708465576,False,CUAD_external,distilbert-base-uncased,CUAD,LIGHTBRIDGECORP_11_23_2015-EX-10.26-STRATEGIC ALLIANCE AGREEMENT,cuad_196_0_15_0,Termination For Convenience,Terminations,404,70
"This JV Agreement shall become effective on the signing date and shall have a duration of * years, extendable for a further * years, unless notice of non- renewal is sent one year before the natural expiry date.",Notices,1,Terms,9,0.9967761635780334,False,CUAD_external,distilbert-base-uncased,CUAD,"KIROMICBIOPHARMA,INC_04_08_2020-EX-10.28-JOINT VENTURE AGREEMENT",cuad_487_0_6_0,Notice Period To Terminate Renewal,Notices,211,38
This Agreement shall commence on the Effective Date and shall be valid for a period of five (5) years with automatic renewal of one year thereafter until terminated,Notices,1,Terms,9,0.9967663288116455,False,CUAD_external,distilbert-base-uncased,CUAD,Apollo Endosurgery - Manufacturing and Supply Agreement,cuad_224_0_6_1,Notice Period To Terminate Renewal,Notices,164,28
This Agreement shall become effective on the Effective Date and shall continue in effect until either Party informs the other Party with thirty (30) day prior written notice of termination of this Agreement.,Terminations,10,Terms,9,0.9967600703239441,False,CUAD_external,distilbert-base-uncased,CUAD,UnionDentalHoldingsInc_20050204_8-KA_EX-10_3345577_EX-10_Affiliate Agreement,cuad_419_0_15_0,Termination For Convenience,Terminations,207,33
"obligations of the Remarketing Agents may be terminated by them by notice given to the Company prior to 12:00 noon, New York City time on the Remarketing Settlement Date if, prior to that time, any of the applicable conditions precedent to the obligations of the Remarketing Agents described in Section 5 hereof shall have failed to occur.",Terms,9,Terminations,10,0.9967514276504517,False,CUAD_external,distilbert-base-uncased,CUAD,"MetLife, Inc. - Remarketing Agreement",cuad_10_0_4_0,Expiration Date,Terms,339,57
"This agreement begins on the Commencement Date and, subject to clause 11.2, shall continue for an initial term of one (1) years (Initial Term) and indefinitely after that until terminated by either party giving at least twelve (12) months' prior written notice to expire on or after the expiry date of the initial term.",Notices,1,Terms,9,0.996747612953186,False,CUAD_external,distilbert-base-uncased,CUAD,FuseMedicalInc_20190321_10-K_EX-10.43_11575454_EX-10.43_Distributor Agreement,cuad_67_0_6_0,Notice Period To Terminate Renewal,Notices,319,54
"If either party elects not to renew the Agreement and the other party wishes to continue the Agreement, the Parties shall attempt in good faith to negotiate an amendment to the Agreement to renew the Term on such terms as may be negotiated by the Parties.",Terms,9,Amendments,5,0.9967435598373413,False,CUAD_external,distilbert-base-uncased,CUAD,GpaqAcquisitionHoldingsInc_20200123_S-4A_EX-10.6_11951677_EX-10.6_License Agreement,cuad_146_0_5_1,Renewal Term,Terms,255,46
"To the fullest extent allowable by Law, the policy must include a waiver of subrogation in favor of AT&T, its Affiliates, and their directors, officers and employees. I",Insurances,11,Waivers,19,0.996722400188446,False,CUAD_external,distilbert-base-uncased,CUAD,AtnInternationalInc_20191108_10-Q_EX-10.1_11878541_EX-10.1_Maintenance Agreement,cuad_138_0_38_8,Insurance,Insurances,168,28
"So long as HOC is entitled to nominate and maintain a director pursuant to this Article 5, the Company shall indemnify each current and former HOC Director and shall maintain director's and officer's liability insurance for the benefit of each such director, with the same rights and benefits as are accorded the directors of the Company generally.",Insurances,11,Indemnifications,18,0.9966838955879211,False,CUAD_external,distilbert-base-uncased,CUAD,GOLDRESOURCECORP_12_11_2008-EX-10.1-STRATEGIC ALLIANCE AGREEMENT,cuad_287_0_38_0,Insurance,Insurances,348,57
"This Agreement shall commence on the Effective Date and shall remain in full force and effect until one (1) year subsequent to the Effective Date, provided however, that Tickets may terminate this Agreement for any reason upon thirty (30) days' notice to MP3. com at any time prior to the expiration of sixty (60) days subsequent to the Effective Date.",Terminations,10,Terms,9,0.9966331124305725,False,CUAD_external,distilbert-base-uncased,CUAD,TICKETSCOMINC_06_22_1999-EX-10.22-SPONSORSHIP AGREEMENT,cuad_346_0_15_0,Termination For Convenience,Terminations,352,60
The term of this Agreement shall be two (2) years from the Effective Date with automatic annual renewals thereafter provided either party does not provide sixty (60) days notice of termination prior to the renewal date or the Agreement is not otherwise terminated as set forth in Section 8.,Notices,1,Terms,9,0.9966277480125427,False,CUAD_external,distilbert-base-uncased,CUAD,"LEGACYTECHNOLOGYHOLDINGS,INC_12_09_2005-EX-10.2-DISTRIBUTOR AGREEMENT",cuad_262_0_6_0,Notice Period To Terminate Renewal,Notices,290,49
"This Agreement shall commence on the Effective Date and shall continue until the four-year anniversary of the Effective Date (such period, as it may be extended, either by the mutual written agreement of the parties or automatically, or earlier terminated being referred to as the ""Consultation Period""), unless sooner terminated in accordance with the provisions of Section 4, and shall automatically renew for successive one-year periods, unless the Company provides 90 days' notice of termination before any such successive period.",Notices,1,Terms,9,0.9965720176696777,False,CUAD_external,distilbert-base-uncased,CUAD,PANDIONTHERAPEUTICSHOLDCOLLC_05_22_2020-EX-10.17-CONSULTING AGREEMENT,cuad_377_0_6_0,Notice Period To Terminate Renewal,Notices,534,80
"This Agreement shall commence on the Effective Date and continue in full force and effect until the end of the fifteenth (15th) Contract Year, and shall continue in full force and effect thereafter until terminated by either Party by providing thirty (30) calendar days' prior written notice of termination to the other Party (such fifteen (15) Contract Year period, as may be further extended as provided herein is referred to as the ""Term"").",Notices,1,Terms,9,0.9965522289276123,False,CUAD_external,distilbert-base-uncased,CUAD,PenntexMidstreamPartnersLp_20150416_S-1A_EX-10.4_9042833_EX-10.4_Transportation Agreement,cuad_98_0_6_0,Notice Period To Terminate Renewal,Notices,443,73
"Supplier and its Subcontractors shalt pay any and all costs which are incurred by Bank of America as a result of any such deductibles or self-insured retentions to the extent that Bank of America is named as an ""Additional Insured,"" and to the same extent as if the policies contained no deductibles or self-insured retention.",Insurances,11,Expenses,8,0.9965342283248901,False,CUAD_external,distilbert-base-uncased,CUAD,CardlyticsInc_20180112_S-1_EX-10.16_11002987_EX-10.16_Maintenance Agreement1,cuad_154_0_38_1,Insurance,Insurances,326,55
Any lawsuit relating to any matter arising under this Agreement may be initiated in a State or Federal Court located in the Commonwealth of Massachusetts or in any court in the Netherlands having jurisdiction over the matter.,Governing Laws,0,Litigations,13,0.9965147972106934,False,CUAD_external,distilbert-base-uncased,CUAD,DRAGONSYSTEMSINC_01_08_1999-EX-10.17-OUTSOURCING AGREEMENT,cuad_62_0_7_0,Governing Law,Governing Laws,225,37
"In accordance with items 9.3, 9.4, and 10.3, this Contract shall come into force on the Effective Date, remain effective throughout the Initial Term, and be prolonged, or further extended automatically for a period of 12 months, each such extension commencing at the end of the last day of the Initial Term or the relevant anniversary thereof, unless either Party serves written notice of termination on the other Party at least 65 days prior to the end of the Initial Term, or any subsequent extension.",Notices,1,Terms,9,0.9964832067489624,False,CUAD_external,distilbert-base-uncased,CUAD,CHAPARRALRESOURCESINC_03_30_2000-EX-10.66-TRANSPORTATION CONTRACT,cuad_296_0_6_0,Notice Period To Terminate Renewal,Notices,503,85
"This Agreement shall have an initial term of one (1) year from the date first above written (the ""Initial Term""), and shall thereafter automatically renew for successive two (2) year periods (each a ""Renewal Term""), unless earlier terminated in accordance with the terms of this Agreement.",Notices,1,Terms,9,0.9964829683303833,False,CUAD_external,distilbert-base-uncased,CUAD,HYPERIONSOFTWARECORP_09_28_1994-EX-10.47-EXCLUSIVE DISTRIBUTOR AGREEMENT,cuad_198_0_6_0,Notice Period To Terminate Renewal,Notices,289,46
"Following the Initial Term, this Agreement shall automatically renew for successive terms of six (6) months (each a ""Renewal Term"", and together with the Initial Term, the ""Term"") unless written notice is given by either Party no later than thirty (30) days in advance of the expiration of the Initial Term or the applicable Renewal Term.",Notices,1,Terms,9,0.9963507652282715,False,CUAD_external,distilbert-base-uncased,CUAD,XpresspaGroupInc_20190401_10-K_EX-10.28_11599457_EX-10.28_Marketing Agreement,cuad_410_0_6_0,Notice Period To Terminate Renewal,Notices,338,56
"Upon the expiration of the Term, the Term shall automatically extend for successive 12-month periods until one Party terminates the Agreement by providing at least 180 days prior written notice to the other Party prior to the expiration of the then-current term or unless sooner terminated in accordance with the terms of this Agreement.",Notices,1,Terms,9,0.9963067770004272,False,CUAD_external,distilbert-base-uncased,CUAD,LiquidmetalTechnologiesInc_20200205_8-K_EX-10.1_11968198_EX-10.1_Development Agreement,cuad_444_0_6_1,Notice Period To Terminate Renewal,Notices,337,54
"Unless terminated sooner, the term of this Agreement shall begin on the Effective Date and continue for three (3) years thereafter (the ""Initial Term"") and shall automatically renew for additional one (1) year terms on the terms and conditions set forth herein (each a ""Renewal Term"" and collectively, the ""Term"") unless either party gives the other Party Notice of its intention to terminate this Agreement ninety (90) days before the end of the Initial Term or Renewal Term, if any.",Notices,1,Terms,9,0.9962438344955444,False,CUAD_external,distilbert-base-uncased,CUAD,"DUOSTECHNOLOGIESGROUP,INC_04_21_2009-EX-10.1-STRATEGIC ALLIANCE AGREEMENT",cuad_350_0_6_0,Notice Period To Terminate Renewal,Notices,484,80
"(c) at any time following the second (2nd) anniversary of the First Commercial Sale of the Licensed Product, for any reason or no reason, upon one hundred eighty (180) days' written notice to CytoDyn.",Terminations,10,Notices,1,0.9962295889854431,False,CUAD_external,distilbert-base-uncased,CUAD,CytodynInc_20200109_10-Q_EX-10.5_11941634_EX-10.5_License Agreement,cuad_39_0_15_0,Termination For Convenience,Terminations,200,34
"This Agreement may also be terminated by MusclePharm, upon fifteen days prior written notice, if death, or physical disability, physical injury, or other incapacity lasting more than eight (8) weeks, causes Endorser to be unable to perform a material amount of the personal or consulting services described in this Agreement.",Assignments,7,Terminations,10,0.9961909055709839,False,CUAD_external,distilbert-base-uncased,CUAD,MusclepharmCorp_20170208_10-KA_EX-10.38_9893581_EX-10.38_Co-Branding Agreement,cuad_355_0_18_4,Anti-Assignment,Assignments,325,50
"This Agreement is effective as of the Effective Date and will expire in accordance with Section 2.1, unless, upon the occurrence of any of the following events, this Agreement is earlier terminated in accordance with this Section 18.1: a) Customer delivers written notice of termination to Supplier at least [* * *] prior to the expiration date of the Initial Term, which termination shall be effective as of the expiration date of the Initial Term; b) either Party delivers written notice of termination to the other Party at least [* * *] prior to the expiration date of the Renewal Term, which termination shall be effective as of the expiration date of the Renewal Term;",Notices,1,Terms,9,0.9961690306663513,False,CUAD_external,distilbert-base-uncased,CUAD,ParatekPharmaceuticalsInc_20170505_10-KA_EX-10.29_10323872_EX-10.29_Outsourcing Agreement,cuad_478_0_6_0,Notice Period To Terminate Renewal,Notices,674,115
"This agreement shall automatically renew for additional successive terms of twelve (12) months each at the end of the Initial Term (""Renewal Terms""), unless either party notifies the other in writing at least sixty (60) days prior to the end of the Initial Term.",Notices,1,Terms,9,0.9961153268814087,False,CUAD_external,distilbert-base-uncased,CUAD,EdietsComInc_20001030_10QSB_EX-10.4_2606646_EX-10.4_Co-Branding Agreement,cuad_180_0_6_0,Notice Period To Terminate Renewal,Notices,262,44
"In addition, the obligations of the Remarketing Agent hereunder may be terminated by it by notice given to the Company prior to 5:00 p.m. (New York City time) on the date immediately preceding the Commencement Date if, prior to that time, any of the events described in Sections 6(i), (j) or (k) shall have occurred.",Terms,9,Terminations,10,0.9960881471633911,False,CUAD_external,distilbert-base-uncased,CUAD,"Reinsurance Group of America, Incorporated - A_R REMARKETING AGREEMENT",cuad_312_0_4_0,Expiration Date,Terms,316,55
The term of this Agreement shall commence on the Effective Date and shall end on the 60th day following a written notice from one party to the other of its decision to terminate this Agreement at the end of such 60-day period or upon termination of the applicable Distribution Agreement with respect to a Fund.,Terminations,10,Terms,9,0.9960630536079407,False,CUAD_external,distilbert-base-uncased,CUAD,CcRealEstateIncomeFundadv_20181205_POS 8C_EX-99.(H)(3)_11447739_EX-99.(H)(3)_Marketing Agreement,cuad_503_0_15_0,Termination For Convenience,Terminations,310,55
A party wishing to renew this Agreement shall give the other party notice thereof no less than thirty (30) days before the expiration of the term then in effect.,Terms,9,Notices,1,0.9960283041000366,False,CUAD_external,distilbert-base-uncased,CUAD,2ThemartComInc_19990826_10-12G_EX-10.10_6700288_EX-10.10_Co-Branding Agreement_ Agency Agreement,cuad_449_0_5_0,Renewal Term,Terms,161,29
This Agreement may be terminated by either party at the expiration of its term or any renewal term upon thirty (30) days written notice to the other party.,Notices,1,Terminations,10,0.9960252046585083,False,CUAD_external,distilbert-base-uncased,CUAD,CybergyHoldingsInc_20140520_10-Q_EX-10.27_8605784_EX-10.27_Affiliate Agreement,cuad_374_0_6_0,Notice Period To Terminate Renewal,Notices,155,28
"Thereafter, the Agreement shall be automatically renewed for additional two year periods (each a ""Renewal Term"", the Initial Term and all Renewal Terms, the ""Term"") unless either Party notifies the other Party of its intention not to renew in writing at least three calendar months before the expiration of the then current Term.",Notices,1,Terms,9,0.9960218071937561,False,CUAD_external,distilbert-base-uncased,CUAD,ULTRAGENYXPHARMACEUTICALINC_12_23_2013-EX-10.9-SUPPLY AGREEMENT,cuad_239_0_6_0,Notice Period To Terminate Renewal,Notices,329,53
"By any of the PHL Parties, on the one hand, or ICC, on the other, providing one hundred and twenty (120) days prior written notice to the other Parties.",Terminations,10,Notices,1,0.9959982633590698,False,CUAD_external,distilbert-base-uncased,CUAD,PHLVARIABLEINSURANCECOCT_08_17_2009-EX-10.1-STRATEGIC ALLIANCE AGREEMENT,cuad_386_0_15_1,Termination For Convenience,Terminations,152,29
The Initial Term shall automatically be extended for an additional period of half a year unless either party provides the other party with written notification of termination of the letter Agreement at least 60 days prior to end of such period.,Notices,1,Terms,9,0.9959891438484192,False,CUAD_external,distilbert-base-uncased,CUAD,DataCallTechnologies_20060918_SB-2A_EX-10.9_944510_EX-10.9_Content License Agreement,cuad_158_0_6_0,Notice Period To Terminate Renewal,Notices,244,41
"Unless earlier terminated as provided herein, this Agreement continues in effect for an initial term of seven (7) years (""Initial Term"") and will automatically renew for one or more annual periods after the Initial Term (each a ""Renewal Term"") unless either party gives notice of non-renewal at least one hundred eighty (180) days prior to the beginning of any Renewal Term.",Notices,1,Terms,9,0.9958680868148804,False,CUAD_external,distilbert-base-uncased,CUAD,ENERGOUSCORP_03_16_2017-EX-10.24-STRATEGIC ALLIANCE AGREEMENT,cuad_38_0_6_0,Notice Period To Terminate Renewal,Notices,374,61
"Any transfer in violation hereof shall be deemed as a breach by Party B, for which Party B shall take relevant breaching liability and Party A may terminate this Agreement, suspend fee settlement and require Party B to undertake any direct or indirect loss thus caused.",Assignments,7,Terminations,10,0.9958305954933167,False,CUAD_external,distilbert-base-uncased,CUAD,IDREAMSKYTECHNOLOGYLTD_07_03_2014-EX-10.39-Cooperation Agreement on Mobile Game Business,cuad_226_0_18_0,Anti-Assignment,Assignments,269,46
"This Agreement shall be automatically renewed for successive three (3) year terms thereafter (each a ""Renewal Term"" and together with the Initial Term, the ""Term"") until and unless (i) either Party provides the other Party written notice of non-renewal no later than ninety (90) days prior the end of the Initial Term or any Renewal Term or (ii) earlier terminated as provided in this ARTICLE 11.",Notices,1,Terms,9,0.9958193302154541,False,CUAD_external,distilbert-base-uncased,CUAD,SigaTechnologiesInc_20190603_8-K_EX-10.1_11695818_EX-10.1_Promotion Agreement,cuad_268_0_6_0,Notice Period To Terminate Renewal,Notices,396,66
"At any time that there is no uncompleted Statement of Work outstanding, either party may terminate this Agreement for any or no reason upon fifteen (15) days advance notice to the other.",Terms,9,Terminations,10,0.9958173632621765,False,CUAD_external,distilbert-base-uncased,CUAD,MERITLIFEINSURANCECO_06_19_2020-EX-10.(XIV)-MASTER SERVICES AGREEMENT,cuad_506_0_4_1,Expiration Date,Terms,186,32
This Agreement will extend automatically for monthly periods unless either party to this Agreement notifies the other party in writing at least thirty (30) days before the expiration of the then current term.,Notices,1,Terms,9,0.9958141446113586,False,CUAD_external,distilbert-base-uncased,CUAD,UAGHINC_04_14_2004-EX-10.18-MAINTENANCE AGREEMENT,cuad_331_0_6_0,Notice Period To Terminate Renewal,Notices,208,33
This Limited Power of Attorney shall be revoked and terminated automatically upon the cancellation or termination of the Services Agreement or as to any Fund upon the cancellation or termination of the Adviser's Investment Advisory Contract for such Fund.,Terms,9,Terminations,10,0.9958064556121826,False,CUAD_external,distilbert-base-uncased,CUAD,FEDERATEDGOVERNMENTINCOMESECURITIESINC_04_28_2020-EX-99.SERV AGREE-SERVICES AGREEMENT_POWEROF,cuad_278_0_4_0,Expiration Date,Terms,255,39
"The Parties agree that ECOPETROL may declare the termination in advance of the Contract at any time, without any indemnity in favor of the SENDER in the following events:",Assignments,7,Terminations,10,0.9957916736602783,False,CUAD_external,distilbert-base-uncased,CUAD,GRANTIERRAENERGYINC_05_07_2012-EX-10.6-TRANSPORTATION CONTRACT,cuad_141_0_18_1,Anti-Assignment,Assignments,170,29
"Roche shall have the right to extend the Immunotherapy Testing Platform Development Program, upon [...***...] written notice to FMI as specified in Section 19.13, for up to six (6)",Terms,9,Notices,1,0.9957861304283142,False,CUAD_external,distilbert-base-uncased,CUAD,"FOUNDATIONMEDICINE,INC_02_02_2015-EX-10.2-Collaboration Agreement",cuad_257_0_5_0,Renewal Term,Terms,180,29
We may immediately terminate this Agreement on notice to you and without any opportunity to cure the default if:,Assignments,7,Terminations,10,0.9957566857337952,False,CUAD_external,distilbert-base-uncased,CUAD,"HOSPITALITYINVESTORSTRUST,INC_04_07_2014-EX-10.26-FRANCHISE AGREEMENT",cuad_229_0_18_0,Anti-Assignment,Assignments,112,19
"This Agreement shall be in effect until March 18. 2021, unless sooner terminated by either party upon (30) days written notice, without cause.",Terminations,10,Terms,9,0.995754599571228,False,CUAD_external,distilbert-base-uncased,CUAD,PrecheckHealthServicesInc_20200320_8-K_EX-99.2_12070169_EX-99.2_Distributor Agreement,cuad_101_0_15_0,Termination For Convenience,Terminations,142,23
The Appointment may be terminated by either party giving the other at least 12 months' notice in writing.,Terms,9,Terminations,10,0.995722770690918,False,CUAD_external,distilbert-base-uncased,CUAD,WPPPLC_04_30_2020-EX-4.28-SERVICE AGREEMENT,cuad_55_0_4_0,Expiration Date,Terms,105,18
"Upon the occurrence of any of the following, WGT may terminate the Term by giving Distributor written notice of such termination for:",Assignments,7,Terminations,10,0.9957054257392883,False,CUAD_external,distilbert-base-uncased,CUAD,EUROPEANMICROHOLDINGSINC_03_06_1998-EX-10.6-DISTRIBUTOR AGREEMENT,cuad_379_0_18_1,Anti-Assignment,Assignments,133,22
"Unless either party gives the other at least ninety days' prior written notice that it has elected not to extend the term of this Agreement beyond December 31, 1998, the term of this Agreement will be automatically extended until December 31, 1999.",Notices,1,Terms,9,0.9956908822059631,False,CUAD_external,distilbert-base-uncased,CUAD,SYKESHEALTHPLANSERVICESINC_04_24_1998-EX-10.14-OUTSOURCING AGREEMENT,cuad_391_0_6_1,Notice Period To Terminate Renewal,Notices,248,42
"We have the right to terminate this Agreement effective upon delivery of notice of termination to you, if:",Insurances,11,Terminations,10,0.9956822395324707,False,CUAD_external,distilbert-base-uncased,CUAD,JOINTCORP_09_19_2014-EX-10.15-FRANCHISE AGREEMENT,cuad_479_0_38_5,Insurance,Insurances,106,18
"If the Launch Date has not occurred by August 31, 1999, Sponsor shall, in its sole discretion, be entitled to terminate this Agreement without any liability and receive a full refund of all amounts paid by Sponsor to drkoop.com pursuant to this Agreement prior to the date of such termination.",Terms,9,Terminations,10,0.9956755042076111,False,CUAD_external,distilbert-base-uncased,CUAD,DRKOOPCOMINC_04_21_1999-EX-10.28-SPONSORSHIP AGREEMENT,cuad_462_0_4_1,Expiration Date,Terms,293,50
"Following the Initial Term, the Agreement shall automatically be renewed for additional periods of **** (each, a ""Renewal Term,"" and, together with the Initial Term, the ""Term"")), unless a Party provides written notification of non-renewal to the other Party at least **** of the Initial Term or a Renewal Term.",Notices,1,Terms,9,0.9956628680229187,False,CUAD_external,distilbert-base-uncased,CUAD,KitovPharmaLtd_20190326_20-F_EX-4.15_11584449_EX-4.15_Manufacturing Agreement,cuad_381_0_6_0,Notice Period To Terminate Renewal,Notices,311,50
"This Agreement shall terminate (a) at the option of any party, upon 90 days' advance written notice to the other parties hereto; or (b) in the event of a material breach that has not been cured within ten days following a written notice of breach to the breaching party.",Terms,9,Terminations,10,0.9956576824188232,False,CUAD_external,distilbert-base-uncased,CUAD,TALCOTTRESOLUTIONLIFEINSURANCECO-SEPARATEACCOUNTTWELVE_04_30_2020-EX-99.8(L)-SERVICE AGREEMENT,cuad_455_0_4_0,Expiration Date,Terms,270,49
ISO may terminate this Agreement prior to its expiration for cause upon prior written notice to SERVICERS as follows:,Assignments,7,Terminations,10,0.9956220984458923,False,CUAD_external,distilbert-base-uncased,CUAD,"IPAYMENT,INC_05_14_2007-EX-10.1-SPONSORSHIP AGREEMENT",cuad_323_0_18_2,Anti-Assignment,Assignments,117,19
SERVICERS may terminate this Agreement prior to its expiration for cause upon prior written notice to ISO as follows:,Assignments,7,Terminations,10,0.9956170320510864,False,CUAD_external,distilbert-base-uncased,CUAD,"IPAYMENT,INC_05_14_2007-EX-10.1-SPONSORSHIP AGREEMENT",cuad_323_0_18_4,Anti-Assignment,Assignments,117,19
"As of the effective date hereof, the original cooperation of mobile game business executed between the Parties shall terminate automatically.",Terms,9,Terminations,10,0.9955839514732361,False,CUAD_external,distilbert-base-uncased,CUAD,IDREAMSKYTECHNOLOGYLTD_07_03_2014-EX-10.39-Cooperation Agreement on Mobile Game Business,cuad_226_0_4_1,Expiration Date,Terms,141,20
"This Agreement shall terminate immediately and automatically upon the termination of Company's Participation Agreement(s) with the Funds, and in such event no notice need be given hereunder.",Terms,9,Terminations,10,0.9955818057060242,False,CUAD_external,distilbert-base-uncased,CUAD,NYLIACVARIABLEANNUITYSEPARATEACCOUNTIII_04_10_2020-EX-99.8.KK-SERVICE AGREEMENT,cuad_122_0_4_0,Expiration Date,Terms,190,27
"Unless earlier terminated as provided in this Agreement, upon the expiration of the Support Period in accordance with Section 4, this Agreement shall immediately and automatically terminate in its entirety and no Party shall have any further rights or obligations under this Agreement; provided, however, no Party shall be released from any breach of this Agreement that occurred prior to the termination of this Agreement.",Terms,9,Terminations,10,0.9954938888549805,False,CUAD_external,distilbert-base-uncased,CUAD,"SPOKHOLDINGS,INC_06_19_2020-EX-10.1-COOPERATION AGREEMENT",cuad_204_0_4_0,Expiration Date,Terms,423,65
"After the Initial Term (including any extension thereto made in accordance with the preceding sentence), the Agreement may be extended on a yearly basis up to ten (10) years at Vericel's sole discretion, with renewal notice to be provided to MediWound no later than twelve (12) months prior to the expiry of any yearly extension (the ""Renewal Term"", and the Initial Term, together with the Renewal Term, if any, the ""Term""); provided that unless otherwise agreed by the Parties, the Term of this Agreement (including the Initial Term, any extension of the Initial Term and any Renewal Terms) shall be no more than fifteen (15) years in total.",Notices,1,Terms,9,0.9954884648323059,False,CUAD_external,distilbert-base-uncased,CUAD,VERICELCORP_08_06_2019-EX-10.10-SUPPLY AGREEMENT,cuad_54_0_6_0,Notice Period To Terminate Renewal,Notices,642,108
"This contract shall remain in effect initially for the five (5) year term (""Initial Term"") from the date signed and shall be automatically extended for one (1) year periods after the Initial Term (""Renewal Term"") unless (i) either party provides written notice of its intention not to renew the Agreement within 180 days prior to any Renewal Term; or (ii) this Agreement is otherwise terminated pursuant to the terms of this Section 12.",Notices,1,Terms,9,0.9954515099525452,False,CUAD_external,distilbert-base-uncased,CUAD,SmartRxSystemsInc_20180914_1-A_EX1A-6 MAT CTRCT_11351705_EX1A-6 MAT CTRCT_Distributor Agreement,cuad_311_0_6_0,Notice Period To Terminate Renewal,Notices,436,73
"Following the Initial Term, either Party may terminate this Agreement without cause upon written notice to the other Party of at least 3 months.",Notices,1,Terminations,10,0.9954042434692383,False,CUAD_external,distilbert-base-uncased,CUAD,HealthcareIntegratedTechnologiesInc_20190812_8-K_EX-10.1_11776966_EX-10.1_Reseller Agreement,cuad_35_0_6_0,Notice Period To Terminate Renewal,Notices,144,24
"The Services Term of this Agreement shall be automatically renewed for successive two-year terms thereafter unless written notice is given by either party to the other, indicating that party's intention not to renew the Services Term of this Agreement, at least ninety (90) days prior to the end of the initial Services Term or any renewed Services Term.",Notices,1,Terms,9,0.9953824877738953,False,CUAD_external,distilbert-base-uncased,CUAD,EmeraldHealthBioceuticalsInc_20200218_1-A_EX1A-6 MAT CTRCT_11987205_EX1A-6 MAT CTRCT_Development Agreement,cuad_360_0_6_0,Notice Period To Terminate Renewal,Notices,354,58
"""Distribution Term"" means the period commencing on the first Regulatory Approval of the Product in the Territory and continuing until [***], or if this Agreement is terminated earlier pursuant to Article 12, the effective date of such termination.",Terminations,10,Terms,9,0.9953536987304688,False,CUAD_external,distilbert-base-uncased,CUAD,ZogenixInc_20190509_10-Q_EX-10.2_11663313_EX-10.2_Distributor Agreement,cuad_216_0_15_1,Termination For Convenience,Terminations,247,38
"Upon expiration of the Initial Term, unless written notice to the contrary is provided by one party to the other party at least 30 days prior to the expiration of the then-current term, this Agreement shall be renewed for additional, successive periods of one (1) year each (each a ""Renewal"" and together with the Initial Term, collectively, the ""Term"").",Notices,1,Terms,9,0.9952232241630554,False,CUAD_external,distilbert-base-uncased,CUAD,"VIRTUALSCOPICS,INC_11_12_2010-EX-10.1-STRATEGIC ALLIANCE AGREEMENT",cuad_439_0_6_0,Notice Period To Terminate Renewal,Notices,354,59
"This Agreement shall commence on the Effective Date and, unless terminated earlier pursuant to Section 3.2 or 3.3 of this Agreement, shall continue until the twentieth (20th) anniversary of the Effective Date; provided, however, (i) Operator shall have the right to terminate this Agreement at any time upon no less than 120 days prior written notice to Owner, if Operator provides a substitute operator acceptable to Owner, as determined in its reasonable discretion, who (A) has experience operating similar assets, (B) has the ability to provide at least the same quality of service as Operator, (C) has the financial ability to perform the obligations hereunder, and (D) is ready, willing and able to execute an operation and maintenance agreement substantially similar to this Agreement and acceptable to Owner, as determined in its reasonable discretion, and (ii) Owner shall have the right to terminate this Agreement at any time upon no less than 120 days prior written notice to Operator.",Terminations,10,Terms,9,0.995165228843689,False,CUAD_external,distilbert-base-uncased,CUAD,SANDRIDGEENERGYINC_08_06_2009-EX-10.6-OPERATIONS AND MAINTENANCE AGREEMENT,cuad_430_0_15_0,Termination For Convenience,Terminations,997,159
All policies shall be endorsed to provide a Waiver of Subrogation in favor of SDBF.,Insurances,11,Waivers,19,0.9951627254486084,False,CUAD_external,distilbert-base-uncased,CUAD,RUBIOSRESTAURANTSINC_03_31_2008-EX-10.75-SPONSORSHIP AGREEMENT,cuad_117_0_38_3,Insurance,Insurances,83,15
"On or prior to the date of this Agreement or TF's election to the Board of Directors at the Annual Meeting, as applicable, the Company shall have (x) nominated TF for election to the Board of Directors at the Annual Meeting, (y) entered into an Indemnification Agreement with TF as the Director Designee and (z) taken all necessary action for TF to be covered by the Company's existing directors' liability insurance policy.",Insurances,11,Indemnifications,18,0.9950804710388184,False,CUAD_external,distilbert-base-uncased,CUAD,"ROCKYMOUNTAINCHOCOLATEFACTORY,INC_12_23_2019-EX-10.2-STRATEGIC ALLIANCE AGREEMENT",cuad_307_0_38_0,Insurance,Insurances,424,72
"CHT may use third parties to perform its foregoing rights, provided that any such third parties are not competitors of Ehave and shall be subject to confidentiality obligations.",Assignments,7,Confidentiality,15,0.9949305653572083,False,CUAD_external,distilbert-base-uncased,CUAD,EhaveInc_20190515_20-F_EX-4.44_11678816_EX-4.44_License Agreement_ Reseller Agreement,cuad_302_0_18_1,Anti-Assignment,Assignments,177,28
The initial term of this Agreement and any renewal term thereof shall be automatically extended at the end of the initial term and any renewal term thereof for an additional one (1) year period unless either Party notifies the other Party not less than six (6) months before the end of the then in effect term of its intent to terminate this Agreement,Notices,1,Terms,9,0.9948615431785583,False,CUAD_external,distilbert-base-uncased,CUAD,RitterPharmaceuticalsInc_20200313_S-4A_EX-10.54_12055220_EX-10.54_Development Agreement,cuad_149_0_6_0,Notice Period To Terminate Renewal,Notices,351,63
"In the event either party (a) becomes adjudicated insolvent, (b) discontinues its business, (c) has voluntary of involuntary bankruptcy proceedings instituted against it, or (d) makes an assignment for the benefit of creditors, the other party shall be entitled to terminate this Agreement effective immediately upon written notice.",Assignments,7,Terminations,10,0.9948562383651733,False,CUAD_external,distilbert-base-uncased,CUAD,LIMEENERGYCO_09_09_1999-EX-10-DISTRIBUTOR AGREEMENT,cuad_0_0_18_1,Anti-Assignment,Assignments,332,48
This Agreement will terminate upon the earlier of: (i) the conclusion of the Standstill Period or (ii) delivery of written notice by one Party to the other Party of a material breach of this Agreement by the breaching Party that is uncured after ten (10) calendar days of notice of such breach.,Terms,9,Terminations,10,0.9948447942733765,False,CUAD_external,distilbert-base-uncased,CUAD,"HC2HOLDINGS,INC_05_14_2020-EX-10.1-COOPERATION AGREEMENT",cuad_405_0_4_0,Expiration Date,Terms,294,52
"This JSMA will be terminated as of the end of the Term or any Renewal Term, by either Party giving written notice of non-renewal to the other Party no less than 120 prior to the applicable expiry date (the ""Termination Period"").",Notices,1,Terminations,10,0.9948301911354065,False,CUAD_external,distilbert-base-uncased,CUAD,VertexEnergyInc_20200113_8-K_EX-10.1_11943624_EX-10.1_Marketing Agreement,cuad_496_0_6_0,Notice Period To Terminate Renewal,Notices,228,41
"Notwithstanding any provisions of this Agreement to the contrary, this Agreement shall terminate upon the Trust's payment to the Company of the sum of the aggregate amount of the premiums paid under the Policy since inception (which amount includes the outstanding principal balance of the Demand Note).",Terms,9,Terminations,10,0.9948194622993469,False,CUAD_external,distilbert-base-uncased,CUAD,MOVADOGROUPINC_04_30_2003-EX-10.28-ENDORSEMENT AGREEMENT,cuad_358_0_4_0,Expiration Date,Terms,303,47
"Unless earlier terminated as provided in this Agreement, upon the expiration of the Support Period, this Agreement shall immediately and automatically terminate in its entirety and no Party shall have any further rights or obligations under this Agreement; provided, however, (i) that this Section 8 shall survive any such termination and (ii) no Party shall be released from any breach of this Agreement that occurred prior to the termination of this Agreement.",Terms,9,Terminations,10,0.9948053956031799,False,CUAD_external,distilbert-base-uncased,CUAD,"ELFBEAUTY,INC_07_02_2020-EX-10.1-COOPERATION AGREEMENT",cuad_127_0_4_0,Expiration Date,Terms,462,72
"Notwithstanding the foregoing, this Agreement can be terminated by EKR at the end of the Initial Term by delivery of written notice to PPI at least one hundred eighty (180) days prior to the end of the Initial Term or any renewal term.",Notices,1,Terminations,10,0.9946591258049011,False,CUAD_external,distilbert-base-uncased,CUAD,"PACIRA PHARMACEUTICALS, INC. - A_R STRATEGIC LICENSING, DISTRIBUTION AND MARKETING AGREEMENT",cuad_9_0_6_0,Notice Period To Terminate Renewal,Notices,235,43
In the event of a Change of Control (as defined below) this Agreement shall immediately terminate.,Assignments,7,Terminations,10,0.9946523904800415,False,CUAD_external,distilbert-base-uncased,CUAD,"Zounds Hearing, Inc. - MANUFACTURING DESIGN MARKETING AGREEMENT",cuad_47_0_18_0,Anti-Assignment,Assignments,98,16
Either Party may terminate this Agreement for any reason upon providing 180 days prior written notice to the other Party prior to the expiration of the then-current term or unless sooner terminated in accordance with the terms of this Agreement.,Notices,1,Terminations,10,0.9946370720863342,False,CUAD_external,distilbert-base-uncased,CUAD,LiquidmetalTechnologiesInc_20200205_8-K_EX-10.1_11968198_EX-10.1_Development Agreement,cuad_444_0_6_0,Notice Period To Terminate Renewal,Notices,245,40
"Unless terminated prior to the natural expiration of the Initial Term, upon the expiry of the Initial Term this Agreement shall automatically renew for successive terms of the same duration, unless either party gives written notice to the other of such party's desire not to renew not less than ninety (90) days prior to the date of the expiration of the Initial Term or any successive term thereafter.",Notices,1,Terms,9,0.994601845741272,False,CUAD_external,distilbert-base-uncased,CUAD,AURASYSTEMSINC_06_16_2010-EX-10.25-STRATEGIC ALLIANCE AGREEMENT,cuad_298_0_6_0,Notice Period To Terminate Renewal,Notices,402,68
"This Agreement shall continue in force for a term of twelve (12) months from the Effective Date, unless terminated earlier under the provisions of this Article 8 (the ""Term""); PROVIDED that TouchStar shall have the right to terminate this Agreement at any time after the Effective Date upon not less than fifteen (15) days' prior written notice to Reseller.",Terminations,10,Terms,9,0.9944288730621338,False,CUAD_external,distilbert-base-uncased,CUAD,WORLDWIDESTRATEGIESINC_11_02_2005-EX-10-RESELLER AGREEMENT,cuad_57_0_15_0,Termination For Convenience,Terminations,357,59
"This agreement shall terminate: a. Automatically if any public authority cancels or declines to renew the Agency's license or Certificate of Authority. b. Immediately if either party gives detailed written notice to the other of alleged gross and willful misconduct, fraud or material misrepresentation.",Terms,9,Terminations,10,0.9943041205406189,False,CUAD_external,distilbert-base-uncased,CUAD,AMERICANPHYSICIANSCAPITALINC_03_31_2003-EX-10.26-AGENCY AGREEMENT,cuad_105_0_4_0,Expiration Date,Terms,303,44
"Thereafter, at the end of each renewal term, the Agreement shall renew for an additional two (2) years unless one party provides the other party with prior written notice of non-renewal at least sixty (60) days prior to the expiration of the then-current term.",Notices,1,Terms,9,0.9942547678947449,False,CUAD_external,distilbert-base-uncased,CUAD,TodosMedicalLtd_20190328_20-F_EX-4.10_11587157_EX-4.10_Marketing Agreement_ Reseller Agreement,cuad_100_0_6_0,Notice Period To Terminate Renewal,Notices,260,44
"Following the Term, this Supply Agreement shall automatically renew for successive periods of one (1) year (each a ""Renewal Term""), unless a Party delivers written notice of non-renewal to the other Party [***] prior to the end of the applicable term.",Notices,1,Terms,9,0.9942406415939331,False,CUAD_external,distilbert-base-uncased,CUAD,FUSIONPHARMACEUTICALSINC_06_05_2020-EX-10.17-Supply Agreement - FUSION,cuad_143_0_6_0,Notice Period To Terminate Renewal,Notices,251,41
"This Agreement shall be subject to an automatic extension for consecutive one (1) year periods thereafter (each, an ""Extension Term"" and together with the Initial Term, the ""Term""), unless terminated (i) in accordance with its terms or (ii) upon thirty (30) days' written notice by either Party to the other Party.",Notices,1,Terms,9,0.9941034913063049,False,CUAD_external,distilbert-base-uncased,CUAD,"SPIENERGYCO,LTD_03_09_2011-EX-99.5-OPERATIONS AND MAINTENANCE AGREEMENT",cuad_483_0_6_0,Notice Period To Terminate Renewal,Notices,314,51
"This Agreement will terminate on the earlier to occur of (a) the date upon which the last remaining Receivable is paid in full, settled, sold or written off and any amounts received are applied and (b) the Issuer is terminated under Section 8.1 of the Trust Agreement.",Terms,9,Terminations,10,0.9938942790031433,False,CUAD_external,distilbert-base-uncased,CUAD,VerizonAbsLlc_20200123_8-K_EX-10.4_11952335_EX-10.4_Service Agreement,cuad_53_0_4_1,Expiration Date,Terms,268,47
"AIG shall have the absolute right to terminate this Agreement upon thirty (30) days' prior written notice to the Company, which notice shall state the effective date of termination (the ""Termination Date""); provided, however, that AIG agrees not to terminate this Agreement unless (a) AIG significantly modifies the",Notices,1,Terminations,10,0.9938263297080994,False,CUAD_external,distilbert-base-uncased,CUAD,VARIABLESEPARATEACCOUNT_04_30_2014-EX-13.C-UNCONDITIONAL CAPITAL MAINTENANCE AGREEMENT,cuad_74_0_6_0,Notice Period To Terminate Renewal,Notices,315,48
"In the event PAPA JOHN'S wishes to sub-contract any or all of the operation of the Products or its related business hereunder (e.g., design of the Products, advertising of the Products, creation of Products, etc.) to any third party (e.g., ad agencies, photographers, videographers, producers, crew, etc.) (each, a ""Sub-Contractor""), the same may only be done if and after ABG has given its Approval therefor.",Assignments,7,General,16,0.9937443137168884,False,CUAD_external,distilbert-base-uncased,CUAD,PapaJohnsInternationalInc_20190617_8-K_EX-10.1_11707365_EX-10.1_Endorsement Agreement,cuad_170_0_18_0,Anti-Assignment,Assignments,409,65
"Upon expiration of the Initial Term, this Agreement shall automatically renew for consecutive one (1) year periods, unless terminated by Reseller within sixty (60) days prior to the expiration of the Initial Term or any renewal term, as the case may be (the Initial Term and each renewal term, collectively, the ""Term"").",Notices,1,Terms,9,0.9937208890914917,False,CUAD_external,distilbert-base-uncased,CUAD,DIVERSINETCORP_03_01_2012-EX-4-RESELLER AGREEMENT,cuad_279_0_6_0,Notice Period To Terminate Renewal,Notices,320,52
"PPG SHANGHAI shall have the right to terminate this Agreement and/or suspend its performance hereunder immediately upon giving notice to DISTRIBUTOR, which termination shall be effective upon receipt of notice, if any one of the following occurs:",Assignments,7,Terminations,10,0.9937196969985962,False,CUAD_external,distilbert-base-uncased,CUAD,NEOMEDIATECHNOLOGIESINC_12_15_2005-EX-16.1-DISTRIBUTOR AGREEMENT,cuad_366_0_18_1,Anti-Assignment,Assignments,246,37
"This Agreement shall be automatically renewed for additional extended terms each of two (2) years duration unless either party notifies the other in writing of its intention not to renew the Agreement, such notification to be provided at least ninety (90) days prior to the expiration of the then in-effect term.",Notices,1,Terms,9,0.9937042593955994,False,CUAD_external,distilbert-base-uncased,CUAD,MidwestEnergyEmissionsCorp_20080604_8-K_EX-10.2_3093976_EX-10.2_Content License Agreement,cuad_500_0_6_0,Notice Period To Terminate Renewal,Notices,312,51
"This Agreement may not be waived, amended or assigned without an agreed written and signed document, signed by both Parties.",Assignments,7,Amendments,5,0.9936345815658569,False,CUAD_external,distilbert-base-uncased,CUAD,"GRIDIRONBIONUTRIENTS,INC_02_05_2020-EX-10.3-SUPPLY AGREEMENT",cuad_169_0_18_0,Anti-Assignment,Assignments,124,20
by either party with one (1) year written notice prior to the expiration of the initial period or any extension period thereof.,Terms,9,Notices,1,0.993601381778717,False,CUAD_external,distilbert-base-uncased,CUAD,Apollo Endosurgery - Manufacturing and Supply Agreement,cuad_224_0_4_0,Expiration Date,Terms,127,22
by either party with one (1) year written notice prior to the expiration of the initial period or any extension period thereof.,Terms,9,Notices,1,0.993601381778717,False,CUAD_external,distilbert-base-uncased,CUAD,Apollo Endosurgery - Manufacturing and Supply Agreement,cuad_224_0_5_0,Renewal Term,Terms,127,22
by providing written notice to the other Party at least sixty (60) calendar days prior to the effective date of such termination,Terminations,10,Notices,1,0.993506669998169,False,CUAD_external,distilbert-base-uncased,CUAD,AlliedEsportsEntertainmentInc_20190815_8-K_EX-10.34_11788308_EX-10.34_Sponsorship Agreement,cuad_124_0_15_1,Termination For Convenience,Terminations,128,22
(d) By either party hereto upon sixty (60) days prior written notice to the other party hereto;,Terminations,10,Notices,1,0.9935036301612854,False,CUAD_external,distilbert-base-uncased,CUAD,AURASYSTEMSINC_06_16_2010-EX-10.25-STRATEGIC ALLIANCE AGREEMENT,cuad_298_0_15_1,Termination For Convenience,Terminations,95,17
The Term shall automatically renew thereafter for successive 5-year terms unless either party provides prior written notice of termination not less than 90 days prior to the end of such five-year term.,Notices,1,Terms,9,0.9933311343193054,False,CUAD_external,distilbert-base-uncased,CUAD,LegacyEducationAllianceInc_20200330_10-K_EX-10.18_12090678_EX-10.18_Development Agreement,cuad_52_0_6_0,Notice Period To Terminate Renewal,Notices,201,32
The Agreement shall automatically renew for successive one year additional terms unless terminated by either party at least six months prior to the expiration of the then-current term.,Notices,1,Terms,9,0.9931941032409668,False,CUAD_external,distilbert-base-uncased,CUAD,RandWorldwideInc_20010402_8-KA_EX-10.2_2102464_EX-10.2_Co-Branding Agreement,cuad_286_0_6_0,Notice Period To Terminate Renewal,Notices,184,28
"After the Initial Term, this Agreement will be automatically renewed for successive additional 3~year periods (""Extension Terms""), unless otherwise terminated by either party by giving notice to the other party not less than sixty (60) days prior to the end of a Term.",Notices,1,Terms,9,0.9931092262268066,False,CUAD_external,distilbert-base-uncased,CUAD,PacificapEntertainmentHoldingsInc_20051115_8-KA_EX-1.01_4300894_EX-1.01_Content License Agreement,cuad_112_0_6_0,Notice Period To Terminate Renewal,Notices,268,43
"In addition, DCL may terminate this Agreement with effect from the 3rd, 4th or 5th anniversary of the Commencement Date by giving not less than six months notice in writing to SEV",Terms,9,Terminations,10,0.9930728077888489,False,CUAD_external,distilbert-base-uncased,CUAD,SMITHELECTRICVEHICLESCORP_04_04_2012-EX-10.26-FLEET MAINTENANCE AGREEMENT,cuad_208_0_4_0,Expiration Date,Terms,179,32
"This Agreement shall be automatically renewed for an additional one year period on each anniversary of the Effective Date, unless terminated by either Party hereto upon ninety (90) days written notice to the other.",Notices,1,Terms,9,0.9929335117340088,False,CUAD_external,distilbert-base-uncased,CUAD,AMERICASSHOPPINGMALLINC_12_10_1999-EX-10.2-SITE DEVELOPMENT AND HOSTING AGREEMENT,cuad_157_0_6_0,Notice Period To Terminate Renewal,Notices,214,34
This Agreement shall automatically terminate in the event the Management Agreement is assigned or otherwise terminated.,Assignments,7,Terminations,10,0.9929130673408508,False,CUAD_external,distilbert-base-uncased,CUAD,PFSFUNDS_06_26_2020-EX-99.H OTH MAT CONT-SERVICES AGREEMENT,cuad_457_0_18_0,Anti-Assignment,Assignments,119,16
"A Facility Addendum may be extended for up to three (3) additional periods of twelve (12) months (each, an ""Extension Period"") by written notice given by Customer to Manufacturer not less than twelve (12) months prior to the expiration of the Initial Term or the applicable Extension Period, as the case may be.",Notices,1,Terms,9,0.9928129315376282,False,CUAD_external,distilbert-base-uncased,CUAD,UpjohnInc_20200121_10-12G_EX-2.6_11948692_EX-2.6_Manufacturing Agreement_ Supply Agreement,cuad_71_0_6_0,Notice Period To Terminate Renewal,Notices,311,53
"corporate structure or ownership of the Company, or (b) AIG sells the Company to an acquirer, in each case, (i) having a rating from at least one of S&P, Moody's, A.M. Best or a substitute agency, which is a nationally recognized statistical rating organization, that is at least equal to the lower of (x) AIG's then-current rating from such agency or (y) the Company's then-current rating as supported by this Agreement from such agency; or (ii) such that, immediately on the effective date of the modification of corporate structure or sale by AIG of the Company, the Company's capitalization is consistent with the minimum capital adequacy standards and criteria of at least one of S&P, Moody's, A.M. Best or a substitute agency, which is a nationally recognized statistical rating organization, for a rating that is equal to or better than the Company's then-current rating on the date immediately preceding such modification of corporate structure or sale.",Notices,1,General,16,0.9925409555435181,False,CUAD_external,distilbert-base-uncased,CUAD,VARIABLESEPARATEACCOUNT_04_30_2014-EX-13.C-UNCONDITIONAL CAPITAL MAINTENANCE AGREEMENT,cuad_74_0_6_1,Notice Period To Terminate Renewal,Notices,961,156
"Notwithstanding the aforesaid in Section 16.1. and any possible implication to the contrary herein or as a result of the course of conduct of the parties, Contractor shall be entitled, at its sole discretion, to terminate this Agreement only during the Extended Term, with or without cause, upon a prior written notice of termination to NICE of not less than six (6) months.",Notices,1,Terminations,10,0.992487907409668,False,CUAD_external,distilbert-base-uncased,CUAD,NICELTD_06_26_2003-EX-4.5-OUTSOURCING AGREEMENT,cuad_41_0_6_0,Notice Period To Terminate Renewal,Notices,374,63
"This Agreement shall automatically continue following the Initial Term, for an additional period of three (3) years, unless a party to this Agreement provides written notice of termination to the other parties at least sixty (60) days prior to the expiration of the Initial Term or this Agreement (""Extended Term"" and, with the Initial Term, ""Term"").",Notices,1,Terms,9,0.9924746155738831,False,CUAD_external,distilbert-base-uncased,CUAD,TomOnlineInc_20060501_20-F_EX-4.46_749700_EX-4.46_Co-Branding Agreement,cuad_185_0_6_0,Notice Period To Terminate Renewal,Notices,350,56
"The obligations of the Agent pursuant to this Agreement shall terminate upon termination of the Offering, but in no event later than 45 days after the completion of the Subscription Offering (the ""End Date"").",Terms,9,Terminations,10,0.99237060546875,False,CUAD_external,distilbert-base-uncased,CUAD,"ATHENSBANCSHARESCORP_11_02_2009-EX-1.2-AGENCY AGREEMENT , 2009",cuad_353_0_4_0,Expiration Date,Terms,208,34
"Should you choose to renew the Franchise, you must provide us with written notice of that intent no earlier than two (2) years and no later than one (1) year before the expiration of the Initial Term.",Terms,9,Notices,1,0.9921728372573853,False,CUAD_external,distilbert-base-uncased,CUAD,JOINTCORP_09_19_2014-EX-10.15-FRANCHISE AGREEMENT,cuad_479_0_5_1,Renewal Term,Terms,200,37
Each Party may only subcontract its activities under this Agreement (including under a Workflow Development Plan) with the other Party's consent; provided that such consent shall not be necessary if (a) such subcontracting of activities is [***],Assignments,7,General,16,0.9921385645866394,False,CUAD_external,distilbert-base-uncased,CUAD,"BERKELEYLIGHTS,INC_06_26_2020-EX-10.12-COLLABORATION AGREEMENT",cuad_418_0_18_2,Anti-Assignment,Assignments,245,37
The rights of Developer under this Agreement shall immediately cease and be terminated upon the sale or transfer of all or substantially all of the assets of Developer unless an assignment of such rights pursuant to such sale or transfer has been previously approved in writing by DSS.,Assignments,7,Terminations,10,0.9920965433120728,False,CUAD_external,distilbert-base-uncased,CUAD,HfEnterprisesInc_20191223_S-1_EX-10.22_11931299_EX-10.22_Development Agreement,cuad_433_0_18_0,Anti-Assignment,Assignments,285,48
"The Initial Term shall automatically renew for one-month periods thereafter unless either party provides 30- days advance notice of termination, unless earlier terminated pursuant to Section 2.2 hereof.",Notices,1,Terms,9,0.9920499920845032,False,CUAD_external,distilbert-base-uncased,CUAD,HfEnterprisesInc_20191223_S-1_EX-10.22_11931299_EX-10.22_Development Agreement,cuad_433_0_6_0,Notice Period To Terminate Renewal,Notices,202,28
"Thereafter, the agreement shall automatically renew for successive five (5)-year terms, unless either Party gives written notice to the other Party of intent not to renew at least six (6) months prior to the expiration of the then-current Term.",Notices,1,Terms,9,0.9919568300247192,False,CUAD_external,distilbert-base-uncased,CUAD,GpaqAcquisitionHoldingsInc_20200123_S-4A_EX-10.6_11951677_EX-10.6_License Agreement,cuad_146_0_6_0,Notice Period To Terminate Renewal,Notices,244,39
"This Agreement will automatically renew for successive one year terms (each a ""Renewal Term"", and together with the Initial Term, the ""Term""), unless either Charterer or Owner elects not to renew this Agreement by providing the other party with written notice of such election 30 days prior to the expiration of the Initial Term or Renewal Term, as applicable, at which point this Agreement will automatically terminate.",Notices,1,Terms,9,0.9919175505638123,False,CUAD_external,distilbert-base-uncased,CUAD,MARTINMIDSTREAMPARTNERSLP_01_23_2004-EX-10.3-TRANSPORTATION SERVICES AGREEMENT,cuad_116_0_6_0,Notice Period To Terminate Renewal,Notices,420,67
"This Agreement may be renewed for additional periods of one (1) year (each such additional period, a ""Renewal Term"") unless either Party provides notice of nonrenewal upon not less than [***] prior written notice to the other Party.",Notices,1,Terms,9,0.9916948676109314,False,CUAD_external,distilbert-base-uncased,CUAD,"Magenta Therapeutics, Inc. - Master Development and Manufacturing Agreement",cuad_168_0_6_0,Notice Period To Terminate Renewal,Notices,232,38
"This Agreement shall automatically renew beyond the Initial Term for successive one (I) year terms (each, a ""Renewal Term""), unless a Party provides the other with written notice of termination at least one hundred eighty (180) days prior to the expiration of the Initial Term or the then-current Renewal Term.",Notices,1,Terms,9,0.9916188716888428,False,CUAD_external,distilbert-base-uncased,CUAD,VitalibisInc_20180316_8-K_EX-10.2_11100168_EX-10.2_Hosting Agreement,cuad_334_0_6_0,Notice Period To Terminate Renewal,Notices,310,50
"Distributor shall not have the right to appoint any subdistributors, subcontractors or other third parties to market, distribute or sell the Products.",Assignments,7,General,16,0.9914094805717468,False,CUAD_external,distilbert-base-uncased,CUAD,StaarSurgicalCompany_20180801_10-Q_EX-10.37_11289449_EX-10.37_Distributor Agreement,cuad_359_0_18_1,Anti-Assignment,Assignments,150,22
"Termination Date: December 31, 2023",Terms,9,Terminations,10,0.9913808703422546,False,CUAD_external,distilbert-base-uncased,CUAD,WestPharmaceuticalServicesInc_20200116_8-K_EX-10.1_11947529_EX-10.1_Supply Agreement,cuad_376_0_4_0,Expiration Date,Terms,35,5
"The Agreement shall automatically renew for successive one (1) year terms (each a ""Renewal Term"") unless either party provides the other party written notification of its intent to terminate the Agreement no later than sixty (60) days prior to the end of the then applicable term.",Notices,1,Terms,9,0.9912283420562744,False,CUAD_external,distilbert-base-uncased,CUAD,IpassInc_20181203_8-K_EX-99.1_11445874_EX-99.1_Reseller Agreement,cuad_299_0_6_0,Notice Period To Terminate Renewal,Notices,280,46
This agreement shall automatically renew for successive six (6) month periods unless written notice is provided of either party's intent not to renew at least six (6) months before the end of the then-current term.,Notices,1,Terms,9,0.9911438226699829,False,CUAD_external,distilbert-base-uncased,CUAD,CCAINDUSTRIESINC_04_14_2014-EX-10.1-OUTSOURCING AGREEMENT,cuad_266_0_6_0,Notice Period To Terminate Renewal,Notices,214,35
Either party may terminate this agreement after 3 years following the effective date.,Terms,9,Terminations,10,0.9909282326698303,False,CUAD_external,distilbert-base-uncased,CUAD,"GIGGLESN_HUGS,INC_06_23_2016-EX-10.2-STRATEGIC ALLIANCE AGREEMENT",cuad_244_0_4_0,Expiration Date,Terms,85,13
"This Agreement shall be automatically renewed for additional successive one (1) year periods, unless written notice of non-renewal is received no later than six (6) months prior to the expiration of the then current term.",Notices,1,Terms,9,0.99086993932724,False,CUAD_external,distilbert-base-uncased,CUAD,"Sonos, Inc. - Manufacturing Agreement",cuad_192_0_6_0,Notice Period To Terminate Renewal,Notices,221,35
"Thereafter, this Agreement shall be effective month to month, until terminated by Transporter or Shipper upon the following written notice to the other specifying a termination date: sixty (60) days for interruptible transportation under Rate Schedule ITS and 180 days for firm transportation under Rate Schedule FTS.",Notices,1,Terms,9,0.9908292293548584,False,CUAD_external,distilbert-base-uncased,CUAD,ATMOSENERGYCORP_11_22_2002-EX-10.17-TRANSPORTATION SERVICE AGREEMENT,cuad_111_0_6_0,Notice Period To Terminate Renewal,Notices,317,47
"Thereafter, this Agreement shall renew automatically for one (1) additional three (3) year period (the ""Renewal Term"" and collectively, together with the Initial Term, the ""Term"") unless either party provides the other with written notice of non-renewal at least ninety (90) days before the expiration of the Initial Term].",Notices,1,Terms,9,0.9907312989234924,False,CUAD_external,distilbert-base-uncased,CUAD,GopageCorp_20140221_10-K_EX-10.1_8432966_EX-10.1_Content License Agreement,cuad_77_0_6_0,Notice Period To Terminate Renewal,Notices,323,49
"The Term will automatically renew for successive additional periods of one (1) year each, provided that: (a) Distributor has made all Guaranteed Minimum Purchases and has complied with the marketing requirements under paragraph 4.1(b); (b) the parties have agreed in writing upon the Guaranteed Minimum Purchase amounts and Product price discounts for the next subsequent one (1) year renewal period; (c) neither party provided the other party with notice of such party's intention not to renew this Agreement at least thirty (30) days prior to any year's Expiration Date; and (d) neither party provided the other party with such notice as may be required pursuant to paragraphs 5.2, 5.3 or 5.4.",Notices,1,Terms,9,0.990687906742096,False,CUAD_external,distilbert-base-uncased,CUAD,EUROPEANMICROHOLDINGSINC_03_06_1998-EX-10.6-DISTRIBUTOR AGREEMENT,cuad_379_0_6_0,Notice Period To Terminate Renewal,Notices,695,111
"The rights of Developer under this Agreement shall immediately cease and be terminated upon the sale or transfer of no less than a majority of, or a controlling interest in or over, the voting capital or ownership capital of Developer unless an assignment of such rights pursuant to such sale or transfer has been previously approved in writing by DSS.",Assignments,7,Terminations,10,0.9906505346298218,False,CUAD_external,distilbert-base-uncased,CUAD,HfEnterprisesInc_20191223_S-1_EX-10.22_11931299_EX-10.22_Development Agreement,cuad_433_0_18_1,Anti-Assignment,Assignments,352,60
"This Agreement shall continue in effect from the Effective Date for a one (1) year period, unless earlier terminated as set forth below, and thereafter shall renew automatically for successive one (1) year periods unless either party gives the other party at least thirty (30) days prior written notice of its intent not to renew the Agreement.",Notices,1,Terms,9,0.9904627203941345,False,CUAD_external,distilbert-base-uncased,CUAD,WEBHELPCOMINC_03_22_2000-EX-10.8-HOSTING AGREEMENT,cuad_81_0_6_0,Notice Period To Terminate Renewal,Notices,344,57
"This Agreement shall terminate and, subject to the provisions set forth below, be of no further force or effect on the exercise by the Sponsor of its right to terminate this Agreement as provided in subsection 6.2, provided that, in any event, sections 3, 7 and 8 and, in the event that such termination occurs by virtue of paragraph 6.2(b), subsection 2.5 shall not terminate (except as set forth therein) and shall continue in full force and effect for the benefit of the Sponsor or the other parties to this Agreement, as the case may be.",Terms,9,Terminations,10,0.9899792671203613,False,CUAD_external,distilbert-base-uncased,CUAD,SONUSCORP_03_12_1997-EX-10.11-SPONSORSHIP AGREEMENT,cuad_294_0_4_0,Expiration Date,Terms,541,96
"All disputes arising out of or in connection with this Agreement shall be finally settled under the Rules of Arbitration of the International Chamber of Commerce by one or more arbitrators appointed in accordance with the said Rules. Any such arbitration shall (i) be subject to the application of the Italian Law, (ii) take place in Paris, France and (iii) be conducted in English.",Governing Laws,0,General,16,0.9898928999900818,False,CUAD_external,distilbert-base-uncased,CUAD,"KIROMICBIOPHARMA,INC_04_08_2020-EX-10.28-JOINT VENTURE AGREEMENT",cuad_487_0_7_0,Governing Law,Governing Laws,382,64
"Unless this Agreement is terminated pursuant to Section 25, this Agreement will automatically renew for additional successive [***] terms (each a ""Renewal Term"" and together with the Initial Term, the ""Term"") unless and until either Party provides written notice of non-renewal to the other Party at least [***] prior to the end of the then-current Term.",Notices,1,Terms,9,0.9896871447563171,False,CUAD_external,distilbert-base-uncased,CUAD,"PHREESIA,INC_05_28_2019-EX-10.18-STRATEGIC ALLIANCE AGREEMENT",cuad_253_0_6_0,Notice Period To Terminate Renewal,Notices,354,56
"Without prejudice to any term and condition under this Agreement, the Company shall maintain in force, at all times during the Term and [*****], at its own costs and expenses, with insurers of internationally recognized",Insurances,11,Expenses,8,0.9895415306091309,False,CUAD_external,distilbert-base-uncased,CUAD,AzulSa_20170303_F-1A_EX-10.3_9943903_EX-10.3_Maintenance Agreement1,cuad_86_0_38_10,Insurance,Insurances,219,35
"You may not grant any such right to a Unit Franchisee, and Unit Franchisees shall not have the right to sub-franchise or sell Unit Franchises.",Assignments,7,General,16,0.9894408583641052,False,CUAD_external,distilbert-base-uncased,CUAD,SoupmanInc_20150814_8-K_EX-10.1_9230148_EX-10.1_Franchise Agreement1,cuad_335_0_18_3,Anti-Assignment,Assignments,142,25
"In the event that either party does not give such notice, the term of this Agreement shall be automatically renewed for another one (1) year.",Notices,1,Terms,9,0.989355206489563,False,CUAD_external,distilbert-base-uncased,CUAD,2ThemartComInc_19990826_10-12G_EX-10.10_6700288_EX-10.10_Co-Branding Agreement_ Agency Agreement,cuad_449_0_6_1,Notice Period To Terminate Renewal,Notices,141,25
"Thereafter this Agreement will automatically be renewed for successive additional periods of one year, unless either party gives notice of cancellation on or before October 1 of any such year.",Notices,1,Terms,9,0.9892661571502686,False,CUAD_external,distilbert-base-uncased,CUAD,SYKESHEALTHPLANSERVICESINC_04_24_1998-EX-10.14-OUTSOURCING AGREEMENT,cuad_391_0_6_0,Notice Period To Terminate Renewal,Notices,192,30
"This agreement will be automatically renewed at the end of every ten (10) year term, with each subsequent term of renewal being for a ten (10) year term. A six (6) months notice must be given by either party of their intention to terminate relations due to any reason other than breach of this agreement.",Notices,1,Terms,9,0.9891195297241211,False,CUAD_external,distilbert-base-uncased,CUAD,AgapeAtpCorp_20191202_10-KA_EX-10.1_11911128_EX-10.1_Supply Agreement,cuad_219_0_6_0,Notice Period To Terminate Renewal,Notices,304,55
"At the end of such initial term, and any renewed term, as applicable, this Agreement shall automatically renew for an additional one (1) year term, unless a party provides written notice to the other parties at least six (6) months prior to the end of the",Notices,1,Terms,9,0.9885016679763794,False,CUAD_external,distilbert-base-uncased,CUAD,MOELIS_CO_03_24_2014-EX-10.19-STRATEGIC ALLIANCE AGREEMENT,cuad_450_0_6_1,Notice Period To Terminate Renewal,Notices,255,46
The Agreement will be automatically renewed for additional one (1) year terms (subject to applicable fee adjustments) unless thirty (30) days prior to the anniversary of the Effective Date Licensee gives written notice to XACCT of its intention not to renew.,Notices,1,Terms,9,0.9884317517280579,False,CUAD_external,distilbert-base-uncased,CUAD,"XACCT Technologies, Inc.SUPPORT AND MAINTENANCE AGREEMENT",cuad_222_0_6_0,Notice Period To Terminate Renewal,Notices,258,41
"In the case of RevMed, the intellectual property owned or controlled by any such Acquiror or its Acquiror Family prior to the applicable Change of Control or other similar transaction immediately prior to such acquisition (other than as a result of a license from the acquired Party) or is thereafter developed outside the scope of this Agreement in accordance with this Agreement shall be excluded from the RevMed Licensed Technology, in each case only for so long as the remainder of the conditions of this Section 15.2 are met, and the Acquiror Family shall be excluded from ""Affiliate"" solely for purposes of the applicable components of the intellectual property definitions set forth herein, in all such cases if and only if: (A) the acquired Party remains a wholly-owned subsidiary of the Acquiror; (B) all intellectual property of the Acquired Party Family and",Assignments,7,General,16,0.9877261519432068,False,CUAD_external,distilbert-base-uncased,CUAD,RevolutionMedicinesInc_20200117_S-1_EX-10.1_11948417_EX-10.1_Development Agreement,cuad_258_0_18_4,Anti-Assignment,Assignments,868,142
"This Agreement will automatically renew at the end of the Initial Term or a subsequent renewal term on a year to year basis (each, a ""Renewal Term""), unless either party notifies the other at least 30 days prior to the end of the Initial Term or then current Renewal Term, as applicable, of its intention not to renew this Agreement.",Notices,1,Terms,9,0.9874100089073181,False,CUAD_external,distilbert-base-uncased,CUAD,PaperexchangeComInc_20000322_S-1A_EX-10.4_5202103_EX-10.4_Co-Branding Agreement,cuad_322_0_6_0,Notice Period To Terminate Renewal,Notices,333,60
"Either party may cancel this Agreement effective on the last day of the Initial Term, or",Terms,9,Terminations,10,0.9873381853103638,False,CUAD_external,distilbert-base-uncased,CUAD,HYPERIONSOFTWARECORP_09_28_1994-EX-10.47-EXCLUSIVE DISTRIBUTOR AGREEMENT,cuad_198_0_5_1,Renewal Term,Terms,88,16
"Either party may cancel this Agreement effective on the last day of the Initial Term, or",Notices,1,Terminations,10,0.9873381853103638,False,CUAD_external,distilbert-base-uncased,CUAD,HYPERIONSOFTWARECORP_09_28_1994-EX-10.47-EXCLUSIVE DISTRIBUTOR AGREEMENT,cuad_198_0_6_1,Notice Period To Terminate Renewal,Notices,88,16
"This Agreement shall terminate, subject to any automatic renewal or extension for one year as required by law, upon either party giving at least one hundred twenty (120) days advance written notice to the other, if not otherwise contrary to applicable law or this Agreement.",Terms,9,Terminations,10,0.9872432947158813,False,CUAD_external,distilbert-base-uncased,CUAD,AMERICANPHYSICIANSCAPITALINC_03_31_2003-EX-10.26-AGENCY AGREEMENT,cuad_105_0_5_0,Renewal Term,Terms,274,45
"This Agreement shall terminate, subject to any automatic renewal or extension for one year as required by law, upon either party giving at least one hundred twenty (120) days advance written notice to the other, if not otherwise contrary to applicable law or this Agreement.",Notices,1,Terminations,10,0.9872432947158813,False,CUAD_external,distilbert-base-uncased,CUAD,AMERICANPHYSICIANSCAPITALINC_03_31_2003-EX-10.26-AGENCY AGREEMENT,cuad_105_0_6_0,Notice Period To Terminate Renewal,Notices,274,45
Each Service Option Attachment will renew automatically for an additional term equal in duration to the previous term of the applicable Service Option Attachment unless either party notifies the other party in writing at least ninety (90) days prior to the end of the then-current term for the applicable Service Option Attachment that it has elected to terminate such Service Option Attachment.,Notices,1,Terms,9,0.987171471118927,False,CUAD_external,distilbert-base-uncased,CUAD,BLUEFLYINC_03_27_2002-EX-10.27-e-business Hosting Agreement,cuad_441_0_6_0,Notice Period To Terminate Renewal,Notices,395,62
This Agreement shall be terminable by,Assignments,7,Terms,9,0.9869489073753357,False,CUAD_external,distilbert-base-uncased,CUAD,PalmerSquareCapitalBdcInc_20200116_10-12GA_EX-10.6_11949289_EX-10.6_Trademark License Agreement,cuad_163_0_18_2,Anti-Assignment,Assignments,37,6
"Upon expiration of the Initial Term of this Agreement, this Agreement will automatically renew for additional, successive five (5) year periods unless either Party provides the other Party written notice of its desire to terminate at least one hundred twenty (120) days prior to the end of the Initial Term or any renewal.",Notices,1,Terms,9,0.9861466288566589,False,CUAD_external,distilbert-base-uncased,CUAD,WaterNowInc_20191120_10-Q_EX-10.12_11900227_EX-10.12_Distributor Agreement,cuad_458_0_6_0,Notice Period To Terminate Renewal,Notices,322,53
"This Agreement sets forth the entire Agreement of the parties hereto, and any and all prior agreements, to the extent inconsistent herewith, are hereby superseded. This Agreement will be governed by the laws of the State of Pennsylvania.",Governing Laws,0,Entire Agreements,3,0.9859912991523743,False,CUAD_external,distilbert-base-uncased,CUAD,PrudentialBancorpInc_20170606_8-K_EX-10.4_10474434_EX-10.4_Endorsement Agreement,cuad_416_0_7_0,Governing Law,Governing Laws,237,38
"This Agreement will automatically renew for up to two (2) renewal terms of five (5) years each (each, an ""Extension Period"") unless either Party provides the other Party with written notice of its intent to terminate this Agreement at least six (6) months prior to the end of the Initial Term or the then current Extension Period.",Notices,1,Terms,9,0.9857555031776428,False,CUAD_external,distilbert-base-uncased,CUAD,MPLXLP_06_17_2015-EX-10.1-TRANSPORTATION SERVICES AGREEMENT,cuad_232_0_6_0,Notice Period To Terminate Renewal,Notices,330,57
"Upon the expiration of such term, this Agreement will renew automatically for successive terms of one (1) year each unless either party to this Agreement delivers written notice of termination to the other party to this Agreement at least sixty (60) days prior to the end of the original or any renewal term.",Notices,1,Terms,9,0.9854211211204529,False,CUAD_external,distilbert-base-uncased,CUAD,NEONSYSTEMSINC_03_01_1999-EX-10.5-DISTRIBUTOR AGREEMENT_Amendment,cuad_89_0_6_0,Notice Period To Terminate Renewal,Notices,308,53
This Agreement will also terminate automatically in the event of its assignment (as defined in the 1940 Act).,Assignments,7,Terminations,10,0.9852153062820435,False,CUAD_external,distilbert-base-uncased,CUAD,IntegrityFunds_20200121_485BPOS_EX-99.E UNDR CONTR_11948727_EX-99.E UNDR CONTR_Service Agreement,cuad_17_0_18_0,Anti-Assignment,Assignments,109,18
"OntoChem may engage one or more subcontractors to perform its activities under the Research Plan with the prior written approval of Anixa and provided that, with respect to any such subcontractor, OntoChem will (a) be responsible and liable for the performance of such subcontractor and (b) enter into a written agreement (i) consistent with terms and conditions of this Agreement, including with respect to confidentiality and intellectual property, and (ii) prohibiting such subcontractor from further subcontracting. For clarity, vendors where commercial building blocks or compounds will be purchased are nor regarded as subcontractors.",Assignments,7,General,16,0.9850422739982605,False,CUAD_external,distilbert-base-uncased,CUAD,ANIXABIOSCIENCESINC_06_09_2020-EX-10.1-COLLABORATION AGREEMENT,cuad_126_0_18_0,Anti-Assignment,Assignments,640,93
"This agreement shall renew automatically each year thereafter, unless either party serves written notice of its intention not to renew, on the other at least 90 days prior to the expiration of the then current term of this agreement.",Notices,1,Terms,9,0.9849849939346313,False,CUAD_external,distilbert-base-uncased,CUAD,BOLIVARMININGCORP_05_23_2003-EX-2.1-VISP WEB SITE BUILDING AND HOSTING AGREEMENT,cuad_303_0_6_0,Notice Period To Terminate Renewal,Notices,233,39
"This Agreement shall terminate (i) the Business Day immediately following the Remarketing Settlement Date, (ii) at 5:00 p.m., New York City time, on the last date of the Remarketing if the Remarketing is not successful or (iii) on the effective date of the resignation or removal of the Remarketing Agent and the appointment of a new Remarketing Agent.",Terms,9,Terminations,10,0.9844701290130615,False,CUAD_external,distilbert-base-uncased,CUAD,"Reinsurance Group of America, Incorporated - A_R REMARKETING AGREEMENT",cuad_312_0_4_1,Expiration Date,Terms,352,58
"The rights and obligations of the Farids Group set forth in this Article VI (other than those set forth in Sections 6.8 and 6.9) shall terminate on the date that the Farids Group owns less than 3% of the issued and outstanding Common Stock, but in no event earlier than the Expiration Date (as defined in the Warrant).",Terms,9,Terminations,10,0.9843704104423523,False,CUAD_external,distilbert-base-uncased,CUAD,"ROCKYMOUNTAINCHOCOLATEFACTORY,INC_12_23_2019-EX-10.2-STRATEGIC ALLIANCE AGREEMENT",cuad_307_0_4_0,Expiration Date,Terms,318,58
"To the extent not terminated previously by AIG pursuant to the foregoing, this Agreement will terminate automatically one year after the closing of any sale of the Company by AIG, and all provisions hereof will be of no further force and effect.",Terms,9,Terminations,10,0.9840497374534607,False,CUAD_external,distilbert-base-uncased,CUAD,SEPARATEACCOUNTIIOFAGL_05_02_2011-EX-99.(J)(4)-UNCONDITIONAL CAPITAL MAINTENANCE AGREEMENT,cuad_63_0_4_0,Expiration Date,Terms,245,42
"By either Vendor or Distributor, upon written notice of termination of this Agreement no later than ninety (90) calendar days prior to the expiration of the relevant Term, then in effect;",Notices,1,Terminations,10,0.9839614629745483,False,CUAD_external,distilbert-base-uncased,CUAD,ENTERTAINMENTGAMINGASIAINC_02_15_2005-EX-10.5-DISTRIBUTOR AGREEMENT,cuad_167_0_6_0,Notice Period To Terminate Renewal,Notices,187,31
"This Agreement shall terminate as to the Remarketing Agent and its obligations hereunder with respect to VRRM-MFP Shares upon the earliest to occur of (a) the effective date of the resignation or removal of such Remarketing Agent pursuant to Section 5(a) and Section 5(b), respectively, (b) the completion of a successful Transition Remarketing on a New Mode Commencement Date in connection with transition to a new Mode, or (c) the date on which no VRRM-MFP Shares are Outstanding.",Terms,9,Terminations,10,0.9837019443511963,False,CUAD_external,distilbert-base-uncased,CUAD,NUVEEN - REMARKETING AGREEMENT,cuad_93_0_4_0,Expiration Date,Terms,482,78
This Agreement shall renew automatically thereafter for successive one year periods until terminated pursuant to Section 12 herein or unless either Client or TrueLink deliver to the other written notice of intent not to renew no later than thirty (30) days prior to the end of said year.,Notices,1,Terms,9,0.983421266078949,False,CUAD_external,distilbert-base-uncased,CUAD,BNCMORTGAGEINC_05_17_1999-EX-10.4-LICENSING AND WEB SITE HOSTING AGREEMENT,cuad_37_0_6_0,Notice Period To Terminate Renewal,Notices,287,48
"In the event that there is no written notice issued by either party to show the intention to renew this Agreement in the said thirty(30) days before the expiry of the current Term of the Agreement, the Agreement shall terminate at the end of the said thirty(30) days.",Terms,9,Terminations,10,0.9822047352790833,False,CUAD_external,distilbert-base-uncased,CUAD,NEOMEDIATECHNOLOGIESINC_12_15_2005-EX-16.1-DISTRIBUTOR AGREEMENT,cuad_366_0_5_0,Renewal Term,Terms,267,48
"All disputes or claims by NETWORK 1 hereunder shall be resolved by arbitration in San Antonio, Texas, pursuant to the rules of the American Arbitration Association.",Governing Laws,0,General,16,0.981570303440094,False,CUAD_external,distilbert-base-uncased,CUAD,UsioInc_20040428_SB-2_EX-10.11_1723988_EX-10.11_Affiliate Agreement 2,cuad_165_0_7_1,Governing Law,Governing Laws,164,26
"This Agreement will automatically renew at the end of the Initial Term or a subsequent renewal term on a year to year basis (each, a ""Renewal Term""), unless either Party notifies the other at least 30 days prior to the end of the Initial Term or then current Renewal Term, as applicable, of its intention not to renew this Agreement (a ""Termination Notice"").",Notices,1,Terms,9,0.9814662933349609,False,CUAD_external,distilbert-base-uncased,CUAD,NeoformaInc_19991202_S-1A_EX-10.26_5224521_EX-10.26_Co-Branding Agreement,cuad_211_0_6_0,Notice Period To Terminate Renewal,Notices,358,63
"This Agreement shall terminate upon the earliest to occur of: (i) the date on which the aggregate Required Capital Contributions paid by the Investor, and received by the Borrowers, in accordance with the terms of this Agreement equal $5,000,000; (ii) the Release Date (as defined in Section 19) or (iii) payment in full, in cash, of all Obligations and the termination of the Financing Agreement; provided, however, that this Agreement shall continue to be effective, or be reinstated, as the case may be, if at any time the aggregate Required Capital Contributions paid by the Investor, and received by the Borrowers, in accordance with the terms of this Agreement is less than $5,000,000 and any payment, or any part thereof, on account of any of the Obligations is invalidated, declared to be fraudulent or preferential, set aside, rescinded or must otherwise be restored or returned by the Agent or the Lenders upon the insolvency, bankruptcy, liquidation, dissolution or reorganization of any Borrower or upon or as a result of the appointment of a receiver, intervenor or conservator of, or trustee or similar officer for any Borrower, or any substantial part of its property, or otherwise, all as though such payment had not been made.",Terms,9,Terminations,10,0.9810109734535217,False,CUAD_external,distilbert-base-uncased,CUAD,SUNTRONCORP_05_17_2006-EX-10.22-MAINTENANCE AGREEMENT,cuad_482_0_4_0,Expiration Date,Terms,1243,204
This Agreement shall automatically renew for consecutive one (1) year terms at XIMAGE's then prevailing rates at the end of each one (1) year term unless either party gives at least sixty (60) days prior written notice of the non-renewal of this Agreement.,Notices,1,Terms,9,0.9807752370834351,False,CUAD_external,distilbert-base-uncased,CUAD,IMAGEWARESYSTEMSINC_12_20_1999-EX-10.22-MAINTENANCE AGREEMENT,cuad_472_0_6_0,Notice Period To Terminate Renewal,Notices,256,43
"Thereafter, this Agreement shall be renewed automatically on a five (5) year basis, unless one party notifies the other of its desire to terminate this Agreement at least sixty 90 days prior to the expiration of the Initial Term or then current renewal term, as applicable, or unless a new Agreement is signed between the USA MCO and IMedicor which will then invalidate this Agreement.",Notices,1,Terms,9,0.9807518720626831,False,CUAD_external,distilbert-base-uncased,CUAD,ICORECONNECTINC_10_13_2010-EX-7.1-Strategic Alliance Agreement,cuad_434_0_6_0,Notice Period To Terminate Renewal,Notices,385,65
"Thereafter, this agreement will renew automatically from year to year unless cancelled in writing by either Party giving the other written notice of such cancellation a minimum of 60 days before the end of the then current term.",Notices,1,Terms,9,0.9806827306747437,False,CUAD_external,distilbert-base-uncased,CUAD,ASIANDRAGONGROUPINC_08_11_2005-EX-10.5-Reseller Agreement,cuad_442_0_6_0,Notice Period To Terminate Renewal,Notices,228,38
This Agreement will automatically be renewed for periods of twelve (12) months unless either Party gives six (6) months written notice of its intent to terminate this Agreement.,Notices,1,Terms,9,0.9803593158721924,False,CUAD_external,distilbert-base-uncased,CUAD,MANUFACTURERSSERVICESLTD_06_05_2000-EX-10.14-OUTSOURCING AGREEMENT,cuad_443_0_6_0,Notice Period To Terminate Renewal,Notices,177,28
"For the avoidance of doubt, in the event that either Party assigns this Agreement pursuant to this Section 14.3(a), the other Party shall have the right to terminate this Agreement pursuant to Section 12.2(i).",Assignments,7,Terminations,10,0.9801310896873474,False,CUAD_external,distilbert-base-uncased,CUAD,ZogenixInc_20190509_10-Q_EX-10.2_11663313_EX-10.2_Distributor Agreement,cuad_216_0_18_0,Anti-Assignment,Assignments,209,34
This Agreement shall automatically renew for successive one-year terms unless one party gives the other party written notice of non-renewal at least six months prior to automatic renewal.,Notices,1,Terms,9,0.9783052206039429,False,CUAD_external,distilbert-base-uncased,CUAD,NATIONALPROCESSINGINC_07_18_1996-EX-10.4-SPONSORSHIP AGREEMENT,cuad_392_0_6_0,Notice Period To Terminate Renewal,Notices,187,28
"In relation to each Fund, this Agreement shall terminate on the earlier of (a) the expiration of the term of such Fund or (b) the date, if any, on which Oaktree US (or any affiliate it has substituted in its stead in accordance with such Fund's Fund Agreement) is removed as general partner of such Fund or (c) the Sub-Advisor ceasing to be authorised and regulated by the FCA.",Terms,9,Terminations,10,0.9780699014663696,False,CUAD_external,distilbert-base-uncased,CUAD,"OAKTREECAPITALGROUP,LLC_03_02_2020-EX-10.8-Services Agreement",cuad_103_0_4_0,Expiration Date,Terms,377,69
"Customer, upon thirty days prior written notice, may cancel this Agreement at the end of the Initial Term and thereafter on each anniversary of the end of the Initial Term.",Notices,1,Terminations,10,0.977168083190918,False,CUAD_external,distilbert-base-uncased,CUAD,TRIZETTOGROUPINC_08_18_1999-EX-10.17-TECHNICAL INFRASTRUCTURE MAINTENANCE AGREEMENT,cuad_328_0_6_0,Notice Period To Terminate Renewal,Notices,172,30
This Agreement shall be automatically renewed for successive one year periods unless either party gives written notice of termination to the other party at least thirty (30) days prior to the date of expiration.,Notices,1,Terms,9,0.9746116399765015,False,CUAD_external,distilbert-base-uncased,CUAD,"COOLTECHNOLOGIES,INC_10_25_2017-EX-10.71-Strategic Alliance Agreement",cuad_407_0_6_0,Notice Period To Terminate Renewal,Notices,211,34
"All disputes or claims by Payment Data Systems hereunder shall be resolved by arbitration in McLean, Virginia, pursuant to the rules of the American Arbitration Association.",Governing Laws,0,General,16,0.9743408560752869,False,CUAD_external,distilbert-base-uncased,CUAD,UsioInc_20040428_SB-2_EX-10.11_1723988_EX-10.11_Affiliate Agreement 2,cuad_165_0_7_0,Governing Law,Governing Laws,173,26
"After the initial period of two years, the maintenance and support contract shall be automatically renewed for a period of one year on each renewal date, unless one of the parties terminates the maintenance and support contract through written notification to the other party in the form of a registered letter with proof of receipt, at least six (6) weeks prior to the renewal date.",Notices,1,Terms,9,0.9742379784584045,False,CUAD_external,distilbert-base-uncased,CUAD,SLOVAKWIRELESSFINANCECOBV_03_28_2001-EX-4.(B)(II).3-Maintenance and support contract for SICAP(R) modules,cuad_125_0_6_0,Notice Period To Terminate Renewal,Notices,383,65
"This Agreement shall automatically terminate at and as of (the first to occur of): (a) 12:00 midnight, New York City time, on the 30th day after the Effective Date (if Purchaser has not commenced the Offer, with the unanimous consent of the Sponsors, by then); (b) the expiration of the Offer (if the Offer is not consummated pursuant to the terms of the Offer), subject to any extension or subsequent offering period; and (c) the expiration of the Interim Period (if the Offer is consummated pursuant to the terms of the Offer), in any case, unless sooner terminated by unanimous written consent of the Participating Sponsors; provided, however, that any liability for failure to comply with this Agreement shall survive any such termination.",Terms,9,Terminations,10,0.9732432961463928,False,CUAD_external,distilbert-base-uncased,CUAD,LOOKSMARTLTD_07_20_2012-EX-99.(D)(I)-SPONSORSHIP AGREEMENT,cuad_448_0_4_0,Expiration Date,Terms,743,123
We shall give you written notice of our election not to renew the franchise at least three (3) months prior to the expiration of the initial or first renewal term of this Agreement.,Notices,1,Terms,9,0.9716370701789856,False,CUAD_external,distilbert-base-uncased,CUAD,BUFFALOWILDWINGSINC_06_05_1998-EX-10.3-FRANCHISE AGREEMENT,cuad_199_0_6_0,Notice Period To Terminate Renewal,Notices,181,33
"You understand and acknowledge that the rights and duties set forth in this Agreement are personal to you, and that we have granted this franchise in reliance on your (or your Principals') business skill, financial capacity, and personal character.",Assignments,7,General,16,0.9696341156959534,False,CUAD_external,distilbert-base-uncased,CUAD,"GOOSEHEADINSURANCE,INC_04_02_2018-EX-10.6-Franchise Agreement",cuad_470_0_18_2,Anti-Assignment,Assignments,248,39
(j) At any time upon one hundred eighty (180) days prior written notice to the SERVICERS with no penalty.,Terminations,10,Notices,1,0.9677524566650391,False,CUAD_external,distilbert-base-uncased,CUAD,"IPAYMENT,INC_05_14_2007-EX-10.1-SPONSORSHIP AGREEMENT",cuad_323_0_15_0,Termination For Convenience,Terminations,105,19
"Without limiting the generality of the foregoing, Company will ensure that such policies contain a waiver of subrogation against ACSI, name ACSI and its assignees as additional insureds.",Insurances,11,Waivers,19,0.967602550983429,False,CUAD_external,distilbert-base-uncased,CUAD,AudibleInc_20001113_10-Q_EX-10.32_2599586_EX-10.32_Co-Branding Agreement_ Marketing Agreement_ Investment Distribution Agreement,cuad_290_0_38_3,Insurance,Insurances,186,28
You agree at your own expense to do the following by the Opening Deadline defined in Exhibit 1:,Insurances,11,Expenses,8,0.9651545286178589,False,CUAD_external,distilbert-base-uncased,CUAD,JOINTCORP_09_19_2014-EX-10.15-FRANCHISE AGREEMENT,cuad_479_0_38_10,Insurance,Insurances,95,18
"Except as otherwise provided in this Agreement, this ---- Agreement shall terminate on the later of (i) the third anniversary of the Effective Date or (ii) the date on which ETI ceases to be a Subsidiary of NTL.",Terms,9,Terminations,10,0.9650821685791016,False,CUAD_external,distilbert-base-uncased,CUAD,ENTRUSTINC_07_24_1998-EX-10.5-STRATEGIC ALLIANCE AGREEMENT,cuad_390_0_4_0,Expiration Date,Terms,211,38
"Except otherwise expressly agreed between the parties or agreed by Party A beforehand, Party B shall not transfer any cooperation business to a third party in any form whatsoever.",Assignments,7,General,16,0.9647388458251953,False,CUAD_external,distilbert-base-uncased,CUAD,IDREAMSKYTECHNOLOGYLTD_07_03_2014-EX-10.39-Cooperation Agreement on Mobile Game Business,cuad_226_0_18_1,Anti-Assignment,Assignments,179,29
"After the Initial Term, this Agreement shall continue on a month to month basis until terminated by either party upon thirty (30) days prior written notice to the other setting forth the effective date of such termination.",Notices,1,Terms,9,0.9635714292526245,False,CUAD_external,distilbert-base-uncased,CUAD,"FTENETWORKS,INC_02_18_2016-EX-99.4-STRATEGIC ALLIANCE AGREEMENT",cuad_11_0_6_0,Notice Period To Terminate Renewal,Notices,222,37
"After the Initial Term, this Agreement shall continue on a month to month basis until terminated by either party upon thirty (30) days prior written notice to the other setting forth the effective date of such termination.",Terminations,10,Terms,9,0.9635714292526245,False,CUAD_external,distilbert-base-uncased,CUAD,"FTENETWORKS,INC_02_18_2016-EX-99.4-STRATEGIC ALLIANCE AGREEMENT",cuad_11_0_15_0,Termination For Convenience,Terminations,222,37
"This Agreement will automatically terminate in the event of its ""assignment"" (as such term is defined for purposes of Section 15(a) (4) of the Investment Fund Act).",Assignments,7,Terminations,10,0.9626854658126831,False,CUAD_external,distilbert-base-uncased,CUAD,ArcaUsTreasuryFund_20200207_N-2_EX-99.K5_11971930_EX-99.K5_Development Agreement,cuad_220_0_18_0,Anti-Assignment,Assignments,164,27
"Except to Affiliates of Valeant, Valeant shall not subcontract the Valeant Activities with any Third Party (including any contract sales force).",Assignments,7,General,16,0.9623777270317078,False,CUAD_external,distilbert-base-uncased,CUAD,DovaPharmaceuticalsInc_20181108_10-Q_EX-10.2_11414857_EX-10.2_Promotion Agreement,cuad_8_0_18_2,Anti-Assignment,Assignments,144,21
This Agreement shall be terminable,Terminations,10,Terms,9,0.9609911441802979,False,CUAD_external,distilbert-base-uncased,CUAD,PalmerSquareCapitalBdcInc_20200116_10-12GA_EX-10.6_11949289_EX-10.6_Trademark License Agreement,cuad_163_0_15_1,Termination For Convenience,Terminations,34,5
This Agreement shall be terminable,Assignments,7,Terms,9,0.9609911441802979,False,CUAD_external,distilbert-base-uncased,CUAD,NmfSlfIInc_20200115_10-12GA_EX-10.5_11946987_EX-10.5_Trademark License Agreement,cuad_280_0_18_2,Anti-Assignment,Assignments,34,5
"Unless either party gives written notice to terminate this Agreement at least six (6) months prior to the end of said Initial Term, this Agreement shall continue on a year to year basis (""Extended Term(s)"") until terminated by either party by giving written notice of termination thereof to the other party at least six (6) months prior to the end of the then current Extended Term.",Notices,1,Terms,9,0.9591386914253235,False,CUAD_external,distilbert-base-uncased,CUAD,BNLFINANCIALCORP_03_30_2007-EX-10.8-OUTSOURCING AGREEMENT,cuad_337_0_6_0,Notice Period To Terminate Renewal,Notices,382,66
(e) Without cause on no less than seven (7) days prior written notice.,Terminations,10,Notices,1,0.9586958885192871,False,CUAD_external,distilbert-base-uncased,CUAD,VERTEXENERGYINC_08_14_2014-EX-10.24-OPERATION AND MAINTENANCE AGREEMENT,cuad_121_0_15_0,Termination For Convenience,Terminations,70,13
"its convenience, for no reason or for any reason, upon sixty (60) days prior written notice to SpinRecords.com.",Terminations,10,Notices,1,0.9531068801879883,False,CUAD_external,distilbert-base-uncased,CUAD,RaeSystemsInc_20001114_10-Q_EX-10.57_2631790_EX-10.57_Co-Branding Agreement,cuad_214_0_15_2,Termination For Convenience,Terminations,111,18
"In the event of the merger or consolidation of Company with any other entity, Pey Dirt shall have the right to terminate the Contract Period by so notifying Company in writing on or before sixty (60) days after Pey Dirt has received notice of such merger or consolidation.",Assignments,7,Terminations,10,0.9510823488235474,False,CUAD_external,distilbert-base-uncased,CUAD,WARNINGMANAGEMENTSERVICESINC_12_10_1999-EX-10-ENDORSEMENT AGREEMENT,cuad_205_0_18_0,Anti-Assignment,Assignments,272,48
This Attachment will automatically be renewed for periods of six (6) months unless either party gives twelve (12) months written notice of its intent to terminate this Agreement.,Notices,1,Terms,9,0.9475817084312439,False,CUAD_external,distilbert-base-uncased,CUAD,MANUFACTURERSSERVICESLTD_06_05_2000-EX-10.14-OUTSOURCING AGREEMENT,cuad_443_0_6_1,Notice Period To Terminate Renewal,Notices,178,28
sole and absolute discretion.,Assignments,7,General,16,0.9451153874397278,False,CUAD_external,distilbert-base-uncased,CUAD,NmfSlfIInc_20200115_10-12GA_EX-10.5_11946987_EX-10.5_Trademark License Agreement,cuad_280_0_18_3,Anti-Assignment,Assignments,29,4
Customer agrees that it will not transfer or (unless expressly and specifically approved by Kubient in advance and in writing) allow third-party access to the Service,Assignments,7,General,16,0.9439513683319092,False,CUAD_external,distilbert-base-uncased,CUAD,"KUBIENT,INC_07_02_2020-EX-10.14-MASTER SERVICES AGREEMENT_Part1",cuad_210_0_18_2,Anti-Assignment,Assignments,166,26
"controlled by, under common control with, or controls a party.",Assignments,7,General,16,0.942323625087738,False,CUAD_external,distilbert-base-uncased,CUAD,EdietsComInc_20001030_10QSB_EX-10.4_2606646_EX-10.4_Co-Branding Agreement,cuad_180_0_18_0,Anti-Assignment,Assignments,62,10
"Unless terminated earlier as provided herein, this Agreement shall terminate on the date three (3) years from the Effective Date.",Terms,9,Terminations,10,0.9419403672218323,False,CUAD_external,distilbert-base-uncased,CUAD,"Sonos, Inc. - Manufacturing Agreement",cuad_192_0_4_0,Expiration Date,Terms,129,20
"If applicable, Vendor will maintain Products/Completed Operations for at least two (2) years following completion of the Work.",Insurances,11,Terms,9,0.938355028629303,False,CUAD_external,distilbert-base-uncased,CUAD,AtnInternationalInc_20191108_10-Q_EX-10.1_11878541_EX-10.1_Maintenance Agreement,cuad_138_0_38_15,Insurance,Insurances,126,18
Charterer shall not be permitted to sublet the use of any vessels to any third party.,Assignments,7,General,16,0.936819851398468,False,CUAD_external,distilbert-base-uncased,CUAD,MARTINMIDSTREAMPARTNERSLP_01_23_2004-EX-10.3-TRANSPORTATION SERVICES AGREEMENT,cuad_116_0_18_1,Anti-Assignment,Assignments,85,16
"Except as expressly provided in this Agreement, Bellicum specifically agrees not to, and agrees not to cause any Third Party to, sell, market, export, transfer, or re-export Miltenyi Products without Miltenyi's express prior written consent.",Assignments,7,General,16,0.9259741306304932,False,CUAD_external,distilbert-base-uncased,CUAD,"BELLICUMPHARMACEUTICALS,INC_05_07_2019-EX-10.1-Supply Agreement",cuad_115_0_18_0,Anti-Assignment,Assignments,241,35
"in, or the assets of, any member of the SpinCo Group in a single transaction or a series of related transactions to one or more third parties, (y) any direct or indirect acquisition, consolidation or merger of any member of the SpinCo Group by, with or into any third party or (z) any spin-off, public offering or other corporate reorganization or single transaction or series of related transactions in which direct or indirect control of any member of the SpinCo Group is transferred to one or more third parties, including by transferring an excess of fifty percent (50%) of such member of the SpinCo Group's voting power, shares or equity, through a merger, consolidation, tender offer or similar transaction to one or more third parties",Assignments,7,General,16,0.9259353876113892,False,CUAD_external,distilbert-base-uncased,CUAD,GarrettMotionInc_20181001_8-K_EX-2.4_11364532_EX-2.4_Intellectual Property Agreement,cuad_402_0_18_0,Anti-Assignment,Assignments,741,125
"You acknowledge and agree that the franchise granted to you hereunder is non-exclusive and is only for one (1) Master Territory; that you are not granted any area, market, or protected territorial rights other than as expressly provided in Section 1.1 of this Agreement; and that you shall not have the right to sublicense, sublease, subcontract or enter into any management agreement providing for the right to operate the Franchised Business or to use the System granted pursuant to this Agreement, except in the manner expressly provided for in Section 5.1 of this Agreement.",Assignments,7,General,16,0.9258272647857666,False,CUAD_external,distilbert-base-uncased,CUAD,SoupmanInc_20150814_8-K_EX-10.1_9230148_EX-10.1_Franchise Agreement1,cuad_335_0_18_2,Anti-Assignment,Assignments,578,94
"for convenience whether or not extended beyond the Initial Term, provided Distributor gives WGT thirty (30) days' advance written notice and, within such thirty (30) day period, Distributor pays to WGT a lump-sum payment equal to fifty (50%) of the unpaid balance of cumulative Guaranteed Minimum Purchase amounts.",Terminations,10,Notices,1,0.9218136072158813,False,CUAD_external,distilbert-base-uncased,CUAD,EUROPEANMICROHOLDINGSINC_03_06_1998-EX-10.6-DISTRIBUTOR AGREEMENT,cuad_379_0_15_2,Termination For Convenience,Terminations,314,48
"With respect to franchisees governed by Minnesota law, we will comply with Minn. Stat. § 80C.14, Subds. 3, 4, and 5 which require, except in certain specified cases, that a franchisee be given 90 days' notice of termination (with 60 days to cure) and 180 days' notice of non-renewal of the Franchise Agreement, and that consent to the transfer of the franchise not be unreasonably withheld.",Notices,1,Compliance With Laws,17,0.92148756980896,False,CUAD_external,distilbert-base-uncased,CUAD,"GOOSEHEADINSURANCE,INC_04_02_2018-EX-10.6-Franchise Agreement",cuad_470_0_6_1,Notice Period To Terminate Renewal,Notices,390,66
This Agreement will be effective when signed by both Parties provided that the Co-promotion Agreement and the Option Agreement have been signed and have come into force and provided also that said agreements do not prohibit GALEN from entering into the Dovonex(R) Agreement and the Dovobet(R) Agreement.,Terms,9,Entire Agreements,3,0.9194649457931519,False,CUAD_external,distilbert-base-uncased,CUAD,WARNERCHILCOTTPLC_12_31_2003-EX-4.36-DEVELOPMENT AGREEMENT,cuad_495_0_3_0,Effective Date,Terms,303,47
"Notwithstanding the foregoing, if, at the expiry of this Agreement following the Initial Term or the Renewal Term (if any), as applicable, Licensor and Rogers have not executed a new agreement governing the VOD distribution and exhibition of Licensed Programs and Rogers (or its permitted assigns) continues to distribute and exhibit Licensed Programs on the ROD Service following such expiry, such continued distribution and exhibition shall be governed by the terms of this Agreement in effect at the time of expiry, except that each of Licensor and Rogers shall have the right, on sixty (60) days' prior written notice, to terminate this Agreement, as so extended.",Notices,1,Terminations,10,0.9159058928489685,False,CUAD_external,distilbert-base-uncased,CUAD,EuromediaHoldingsCorp_20070215_10SB12G_EX-10.B(01)_525118_EX-10.B(01)_Content License Agreement,cuad_191_0_6_0,Notice Period To Terminate Renewal,Notices,667,106
"Upon expiry of the Initial Term, this Agreement [*****] unless a Notice of non-renewal is given by either Party to the other Party [*****] prior to the expiry of the Initial Term or the end of a renewal period, if any.",Notices,1,Terms,9,0.9151406288146973,False,CUAD_external,distilbert-base-uncased,CUAD,AzulSa_20170303_F-1A_EX-10.3_9943903_EX-10.3_Maintenance Agreement1,cuad_86_0_6_0,Notice Period To Terminate Renewal,Notices,218,41
Neither Party shall delegate the performance of its duties under this Agreement without the prior written consent of the other Party.,Assignments,7,General,16,0.9148291349411011,False,CUAD_external,distilbert-base-uncased,CUAD,GLOBALTECHNOLOGIESLTD_06_08_2020-EX-10.16-CONSULTING AGREEMENT,cuad_29_0_18_0,Anti-Assignment,Assignments,133,21
"The cost of storage, monitoring (including any on-going analytical analysis), and insurance before shipment shall be borne by [* * *].",Insurances,11,Expenses,8,0.9105274081230164,False,CUAD_external,distilbert-base-uncased,CUAD,ParatekPharmaceuticalsInc_20170505_10-KA_EX-10.29_10323872_EX-10.29_Outsourcing Agreement,cuad_478_0_38_3,Insurance,Insurances,134,21
Company shall not use an Affiliate to exercise any of its rights or perform any of its obligations or duties hereunder without Janssen's prior written consent.,Assignments,7,General,16,0.9099724292755127,False,CUAD_external,distilbert-base-uncased,CUAD,IMMUNOMEDICSINC_08_07_2019-EX-10.1-PROMOTION AGREEMENT,cuad_271_0_18_0,Anti-Assignment,Assignments,159,26
Either party wishing to terminate the Agreement must give written notice to the other party at least thirty (30) days prior to the desired date of termination.,Terminations,10,Notices,1,0.9094110131263733,False,CUAD_external,distilbert-base-uncased,CUAD,MphaseTechnologiesInc_20030911_10-K_EX-10.15_1560667_EX-10.15_Co-Branding Agreement,cuad_186_0_15_0,Termination For Convenience,Terminations,159,27
"Except as provided in Sections 6.2, 6.3, 6.4, and 6.5, this Agreement shall terminate one (1) year from the Rig Release Date, if such has not been terminated sooner pursuant to the provisions hereof.",Terms,9,Terminations,10,0.9090437293052673,False,CUAD_external,distilbert-base-uncased,CUAD,TRUENORTHENERGYCORP_02_08_2007-EX-10.1-DEVELOPMENT AGREEMENT,cuad_344_0_4_0,Expiration Date,Terms,199,34
"Unless Customer notifies Metavante of its intent not to renew this Agreement in writing within a period of three (3) months following the Renewal Notice, this Agreement shall automatically renew at the end of the Initial Term on the same terms (including pricing terms) for one (1) twelve-month period.",Notices,1,Terms,9,0.9068238735198975,False,CUAD_external,distilbert-base-uncased,CUAD,OFGBANCORP_03_28_2007-EX-10.23-OUTSOURCING AGREEMENT,cuad_348_0_6_0,Notice Period To Terminate Renewal,Notices,302,49
"This Agreement shall become effective when it shall have been executed by all parties and upon receipt of all counterparts hereof that, when taken together, bear the signatures of each of the other parties hereto.",Terms,9,Counterparts,2,0.9056157469749451,False,CUAD_external,distilbert-base-uncased,CUAD,"HEMISPHERX - Sales, Marketing, Distribution, and Supply Agreement",cuad_183_0_3_0,Effective Date,Terms,213,35
"Franchisee agrees to participate in any governmental Worker's Compensation Program, unemployment insurance program, hospitalization program and any other similar program which may be required by the laws of the country where the Franchised Restaurant is located.",Insurances,11,Compliance With Laws,17,0.903838574886322,False,CUAD_external,distilbert-base-uncased,CUAD,INTERNATIONALFASTFOODCORP_04_04_1997-EX-99-FRANCHISE AGREEMENT,cuad_82_0_38_0,Insurance,Insurances,262,36
"This Services Agreement (""Services Agreement"" or ""Agreement"") is entered into as of the date noted below (the ""Effective Date"") between StartEngine Crowdfunding, Inc., a Delaware corporation (""Company""), and Solutions Vending International, Inc a ___ DE corporation (""Customer"" or ""you"").",Terms,9,General,16,0.8929542899131775,False,CUAD_external,distilbert-base-uncased,CUAD,"SOLUTIONSVENDINGINTERNATIONAL,INC_03_31_2020-EX1A-1 UNDR AGMT-SERVICES AGREEMENT",cuad_309_0_3_1,Effective Date,Terms,288,39
"This Agreement shall automatically be renewed for successive one (1) year increments unless either party request in writing, at least ninety (90) days prior to the anniversary date, that this Agreement not to be renewed.",Notices,1,Terms,9,0.8918222784996033,False,CUAD_external,distilbert-base-uncased,CUAD,InmodeLtd_20190729_F-1A_EX-10.9_11743243_EX-10.9_Manufacturing Agreement,cuad_140_0_6_0,Notice Period To Terminate Renewal,Notices,220,35
"subsidiary or otherwise, or to any person, firm or corporation into which or with it might merge or consolidate.",Assignments,7,General,16,0.8891885876655579,False,CUAD_external,distilbert-base-uncased,CUAD,IntegrityMediaInc_20010329_10-K405_EX-10.17_2373875_EX-10.17_Co-Branding Agreement,cuad_338_0_18_3,Anti-Assignment,Assignments,112,19
"Thereafter, this Agreement shall automatically renew for subsequent one (1) year periods unless either party provides the other party with written notification at least thirty (30) days prior to the expiration of the initial five (5) year term or any one (1) year renewal thereof of its intention to terminate this Agreement.",Notices,1,Terms,9,0.8815721869468689,False,CUAD_external,distilbert-base-uncased,CUAD,CORIOINC_07_20_2000-EX-10.5-LICENSE AND HOSTING AGREEMENT,cuad_31_0_6_0,Notice Period To Terminate Renewal,Notices,325,52
"Sanofi shall have the right to grant sublicenses (through multiple tiers) under the rights granted to it under Section 3.1 to one or more Third Parties (i) outside of the United States, and (ii) in the United States; provided that for purposes of subsection (ii), Sanofi shall not sublicense substantially all of the rights granted to it under Section 3.1 in the United States to Third Parties without RevMed's prior written consent, such consent not to be unreasonably withheld, delayed or conditioned.",Assignments,7,General,16,0.8813195824623108,False,CUAD_external,distilbert-base-uncased,CUAD,RevolutionMedicinesInc_20200117_S-1_EX-10.1_11948417_EX-10.1_Development Agreement,cuad_258_0_18_2,Anti-Assignment,Assignments,503,82
"The Parties agree that the license grant contained in this Section 11.3 is personal to Supplier only and shall be exercised by Supplier only,",Assignments,7,General,16,0.8798142075538635,False,CUAD_external,distilbert-base-uncased,CUAD,ParatekPharmaceuticalsInc_20170505_10-KA_EX-10.29_10323872_EX-10.29_Outsourcing Agreement,cuad_478_0_18_0,Anti-Assignment,Assignments,141,24
"Distributor shall not sell or otherwise transfer any of the rights granted pursuant to this Agreement to any third party without the prior written consent of Vendor; provided, however, Distributor may enter into distribution arrangements with regional distributors within the Territory in its efforts to promote, advertise and distribute the Products in accordance with this Agreement;",Assignments,7,General,16,0.8791540265083313,False,CUAD_external,distilbert-base-uncased,CUAD,ENTERTAINMENTGAMINGASIAINC_02_15_2005-EX-10.5-DISTRIBUTOR AGREEMENT,cuad_167_0_18_1,Anti-Assignment,Assignments,385,56
"(g) we must approve the material terms and conditions of the proposed Transfer, including without limitation that the price and terms of payment are not so burdensome as to adversely affect the operation of the Franchise; (h) the Franchise and the Premises shall have been placed in an attractive, neat and sanitary condition; (i) you and your Principal Owners must enter into an agreement with us providing that all obligations of the Proposed New Owner to make installment payments of the purchase price (and any interest on it) to you or your Principal Owners will be subordinate to the obligations of the Proposed New Owner to pay any amounts payable under this Agreement or any new Franchise Agreement that we may require the Proposed New Owner to sign in connection with the Transfer; (j) you and your Principal Owners must enter into a non-competition agreement wherein you agree not to engage in a competitive business for a period of two (2) years after the Transfer and within twenty-five (25) miles of your Franchise Premises or any other The Joint Corp. Location franchise location; (k) the Franchise shall have been determined by us to contain all equipment and fixtures in good working condition, as were required at the initial opening of the Franchise. The Proposed New Owner shall have agreed, in writing, to make such reasonable capital expenditures to remodel, equip, modernize and redecorate the interior and exterior of the premises in accordance with our then existing plans and specifications for a The Joint Corp. Location franchise, and shall have agreed to pay our expenses for plan preparation or review, and site inspection; (l) upon receiving our consent for the Transfer or sale of the Franchise, the Proposed New Owner shall agree to assume all of your obligations under this Agreement in a form acceptable to us, or, at our option, shall agree to execute a new Franchise Agreement with us in the form then being used by us. We may, at our option, require that you guarantee the performance, and obligations of the Proposed New Owner; and (m) you must have properly offered us the opportunity to exercise our right of first refusal as described below, and we must have then declined to exercise it.",Assignments,7,Terms,9,0.8791446089744568,False,CUAD_external,distilbert-base-uncased,CUAD,JOINTCORP_09_19_2014-EX-10.15-FRANCHISE AGREEMENT,cuad_479_0_18_2,Anti-Assignment,Assignments,2229,375
"Thereafter, this Agreement shall automatically continue in effect until either party gives the other at least six (6) months prior written notice of termination.",Notices,1,Terms,9,0.8762404322624207,False,CUAD_external,distilbert-base-uncased,CUAD,"IPAYMENT,INC_05_14_2007-EX-10.1-SPONSORSHIP AGREEMENT",cuad_323_0_6_0,Notice Period To Terminate Renewal,Notices,161,24
Neither TPC nor Consolidated Artists shall have any right to grant sublicenses hereunder or to otherwise,Assignments,7,General,16,0.8709536790847778,False,CUAD_external,distilbert-base-uncased,CUAD,TEARDROPGOLFCO_10_23_1996-EX-10.12-ENDORSEMENT AGREEMENT,cuad_438_0_18_0,Anti-Assignment,Assignments,104,16
"If you propose to Transfer this Agreement, the Franchise or its assets, or any Interest, or if any of your Principal Owners proposes to Transfer a controlling Interest in you or make a Transfer that is one of a series of Transfers which taken together would constitute the Transfer of a controlling Interest in you, then all of the following conditions must be met before or at the time of the Transfer: (a) the Proposed New Owner must have sufficient business experience, aptitude, and financial resources to operate the Franchise; (b) you must pay any amounts owed for purchases from us and our affiliates, and any other amounts owed to us or our affiliates which are unpaid; (c) the Proposed New Owner's directors and such other personnel as we may designate must have successfully completed our Initial Training program, and shall be legally authorized and have all licenses necessary to perform the services offered by the Franchise. The Proposed New Owner shall be responsible for any wages and compensation owed to, and the travel and living expenses (including all transportation costs, room, board and meals) incurred by, the attendees who attend the Initial Training program; (d) if your lease for the Premises requires it, the lessor must have consented to the assignment of the lease of the Premises to the Proposed New Owner; (e) you (or the Proposed New Owner) must pay us a Transfer fee equal to seventy-five percent (75%) of the then current initial franchise fee we charge to new Start-up Location franchisees, and must reimburse us for any reasonable expenses incurred by us in investigating and processing any Proposed New Owner where the Transfer is not consummated for any reason; (f) you and your Principal Owners and your and their spouses must execute a general release (in a form satisfactory to us) of any and all claims you and/or they may have against us, our affiliates, and our and our affiliates' respective officers, directors, employees, and agents;",Assignments,7,General,16,0.8594812750816345,False,CUAD_external,distilbert-base-uncased,CUAD,JOINTCORP_09_19_2014-EX-10.15-FRANCHISE AGREEMENT,cuad_479_0_18_0,Anti-Assignment,Assignments,1982,330
"In the event that Manufacturer or any of its Affiliates, directly or indirectly, sells, assigns, leases, conveys, transfers or otherwise disposes of any Facility (a ""Facility Disposition""), then Manufacturer shall immediately notify Customer of such event and Customer shall be entitled for a period of six (6) months after the receipt of such notice to terminate any Facility Addendum with respect to such Facility for cause immediately upon written notice to Manufacturer and, in the event Customer decides not to terminate the Facility Addendum for cause, Customer shall be entitled for a period of two (2) years (or such longer period in order to obtain approval for manufacture from all applicable Governmental Authorities) after",Assignments,7,Terms,9,0.858319878578186,False,CUAD_external,distilbert-base-uncased,CUAD,UpjohnInc_20200121_10-12G_EX-2.6_11948692_EX-2.6_Manufacturing Agreement_ Supply Agreement,cuad_71_0_18_5,Anti-Assignment,Assignments,734,114
This Agreement will renew automatically thereafter for successive one-year terms unless and until one Party gives notification of termination with at least sixty (60) days written notice.,Notices,1,Terms,9,0.8578740358352661,False,CUAD_external,distilbert-base-uncased,CUAD,"Zounds Hearing, Inc. - MANUFACTURING DESIGN MARKETING AGREEMENT",cuad_47_0_6_0,Notice Period To Terminate Renewal,Notices,187,27
"pledge or transfer all or any part of Service Provider's payment rights under this Agreement (i) to any affiliate of Service Provider, (ii) to any party that acquires Service Provider or all or substantially all of Service Provider's assets, or (iii) for security purposes in connection with any financing and, provided further, that Service Provider shall remain fully liable for the performance of all of Service Provider's obligations under this Agreement.",Assignments,7,General,16,0.8558766841888428,False,CUAD_external,distilbert-base-uncased,CUAD,"SPIENERGYCO,LTD_03_09_2011-EX-99.5-OPERATIONS AND MAINTENANCE AGREEMENT",cuad_483_0_18_0,Anti-Assignment,Assignments,459,71
This Agreement will automatically renew for successive one-year terms unless terminated by either party by providing the other with 30 days written notice that this Agreement will not be renewed or Affiliate enters into a Processing agreement with Network 1 and an ISO Sponsorship agreement with Harris Bank in which case this Agreement will automatically terminate concurrent with the execution of such agreements.,Notices,1,Terms,9,0.8515374064445496,False,CUAD_external,distilbert-base-uncased,CUAD,UsioInc_20040428_SB-2_EX-10.11_1723988_EX-10.11_Affiliate Agreement 2,cuad_165_0_6_0,Notice Period To Terminate Renewal,Notices,415,63
of such subcontracting Party (e.g. [***]) or (b) [***] (e.g. [***]) in order for a Party to [***].,Assignments,7,General,16,0.8491063117980957,False,CUAD_external,distilbert-base-uncased,CUAD,"BERKELEYLIGHTS,INC_06_26_2020-EX-10.12-COLLABORATION AGREEMENT",cuad_418_0_18_4,Anti-Assignment,Assignments,98,18
This Agreement shall automatically be renewed for one (1) or more one (1) month periods unless either the Customer or i-on gives notice to the other party of its intention not to renew the,Notices,1,Terms,9,0.8434544205665588,False,CUAD_external,distilbert-base-uncased,CUAD,CENTRACKINTERNATIONALINC_10_29_1999-EX-10.3-WEB SITE HOSTING AGREEMENT,cuad_3_0_6_0,Notice Period To Terminate Renewal,Notices,188,34
"With respect to Vendor's performance under this Agreement, and in addition to Vendor's obligation to indemnify, Vendor shall at its sole cost and expense: (i) maintain the insurance coverages and limits required by this Section and any additional insurance and/or bonds required by Laws: 1. at all times during the term of this Agreement and until completion of all Work associated with this Agreement, whichever is later; and 2. with respect to any coverage maintained in a ""claims-made"" policy, for two (2) years following the term of this Agreement or completion of all Work associated with this Agreement, whichever is later. If a ""claims-made"" policy is maintained, the retroactive date must precede the commencement of Work under this Agreement; (ii) require each Subcontractor who may perform Work under this Agreement or enter upon any Cell Site to maintain coverages, requirements, and limits at least as broad as those listed in this Section, when prorated for the value of the Work to be performed by such Subcontractor from the time when the Subcontractor begins Work, throughout the term of the Subcontractor's Work and, with respect to any coverage maintained on a ""claims made"" policy, if any, for two (2) years thereafter; (iii) procure the required insurance from an insurance company eligible to do business in the state or states where Work will be performed and having and maintaining a Financial Strength Rating of ""A-"" or better and a Financial Size Category of ""VII"" or better, as rated in the A.M. Best Key Rating Guide for Property and Casualty Insurance Companies, except that, in the case of Workers' Compensation insurance, Vendor may procure insurance from the state fund of the state where Work is to be performed; and",Insurances,11,Expenses,8,0.8369736671447754,False,CUAD_external,distilbert-base-uncased,CUAD,AtnInternationalInc_20191108_10-Q_EX-10.1_11878541_EX-10.1_Maintenance Agreement,cuad_138_0_38_1,Insurance,Insurances,1748,286
"If Affiliate fails to notify Network of its desire that this Agreement terminate on its expiration date, at least six (6) months before the expiration date, this Agreement will automatically renew, upon the same terms and conditions, for an additional four (4) -year period (""Renewal Term"").",Notices,1,Terms,9,0.829232394695282,False,CUAD_external,distilbert-base-uncased,CUAD,TubeMediaCorp_20060310_8-K_EX-10.1_513921_EX-10.1_Affiliate Agreement,cuad_490_0_6_0,Notice Period To Terminate Renewal,Notices,291,46
"Signed and effective this 25th day of May, 1999.",Terms,9,Governing Laws,0,0.8247161507606506,False,CUAD_external,distilbert-base-uncased,CUAD,AMERICANPHYSICIANSCAPITALINC_03_31_2003-EX-10.26-AGENCY AGREEMENT,cuad_105_0_3_0,Effective Date,Terms,48,9
SEV shall maintain in force (at its own expense) for the term of this agreement and for six years after its termination:,Insurances,11,Terms,9,0.8242226839065552,False,CUAD_external,distilbert-base-uncased,CUAD,SMITHELECTRICVEHICLESCORP_04_04_2012-EX-10.26-FLEET MAINTENANCE AGREEMENT,cuad_208_0_38_1,Insurance,Insurances,120,22
"One month prior to the expiry of the Cooperation Term, the parties may further negotiate the cooperation forms, if fails, this Agreement will be terminated upon expiry.",Terms,9,Terminations,10,0.8202362060546875,False,CUAD_external,distilbert-base-uncased,CUAD,CHEETAHMOBILEINC_04_22_2014-EX-10.43-Cooperation Agreement,cuad_364_0_5_0,Renewal Term,Terms,168,27
"The Executive is entitled to membership of a Group income protection plan and life assurance cover, which will be paid for by the Company.",Insurances,11,General,16,0.8194475769996643,False,CUAD_external,distilbert-base-uncased,CUAD,WPPPLC_04_30_2020-EX-4.28-SERVICE AGREEMENT,cuad_55_0_38_2,Insurance,Insurances,138,24
If you have transferred your Interests in violation of this Agreement you shall be considered in breach of this Agreement.,Assignments,7,General,16,0.8155574798583984,False,CUAD_external,distilbert-base-uncased,CUAD,JOINTCORP_09_19_2014-EX-10.15-FRANCHISE AGREEMENT,cuad_479_0_18_1,Anti-Assignment,Assignments,122,20
"Without limiting ARTICLE VIII, the license granted to the SpinCo Group in Section 3.03(a) shall automatically terminate in the event (i) that any member of the SpinCo Group assigns, transfers, licenses or otherwise conveys any rights in or to the Honeywell Content to any third party or (ii) of (x) the sale of all or substantially all of the ownership interests",Assignments,7,Terminations,10,0.8145734071731567,False,CUAD_external,distilbert-base-uncased,CUAD,GarrettMotionInc_20181001_8-K_EX-2.4_11364532_EX-2.4_Intellectual Property Agreement,cuad_402_0_18_2,Anti-Assignment,Assignments,362,61
"The Company agrees that it shall: (i) comply with the laws and regulations that govern its business; (ii) carry reasonable amounts of insurance, whether through self-insurance or otherwise, to cover its responsibilities with respect to indemnification under Section 9 below.",Insurances,11,Compliance With Laws,17,0.8129540681838989,False,CUAD_external,distilbert-base-uncased,CUAD,SmartRxSystemsInc_20180914_1-A_EX1A-6 MAT CTRCT_11351705_EX1A-6 MAT CTRCT_Distributor Agreement,cuad_311_0_38_0,Insurance,Insurances,274,40
"Each sublicense of any license granted to BLI under this Section 9.2 (Grants to BLI) will (i) be in writing, (ii) be consistent with the terms and conditions of this Agreement and (iii) require each sublicensee thereunder to comply with all terms of this Agreement applicable to a sublicensee; provided that, subject to Section 6.2.1, such prior written consent of Ginkgo shall not be needed for any sublicense granted by BLI (a) under Section 9.2.1, to a Permitted Subcontractor of BLI under Section 2.7 (Subcontracting) to the extent such sublicense relates to the subcontracted activities, (b) any wholly-owned subsidiary of BLI existing as of the Effective Date, or (c) any other Person, including other Affiliates and any Third Party, under Section 9.2.2.",Assignments,7,General,16,0.8090422749519348,False,CUAD_external,distilbert-base-uncased,CUAD,"BERKELEYLIGHTS,INC_06_26_2020-EX-10.12-COLLABORATION AGREEMENT",cuad_418_0_18_3,Anti-Assignment,Assignments,760,122
"IN WITNESS WHEREOF, each party hereto, being duly authorized, has caused this agreement to be executed and effective as of the date set forth below.",Terms,9,Further Assurances,14,0.8079480528831482,False,CUAD_external,distilbert-base-uncased,CUAD,BLACKROCKMUNIHOLDINGSINVESTMENTQUALITYFUND_04_07_2020-EX-99.01-JOINT FILING AGREEMENT,cuad_202_0_3_1,Effective Date,Terms,148,25
"""Offtake Agreement"" means that certain Crude Oil Sale and Purchase Agreement between the Principal and STASCO dated 1 November 1999.",Terms,9,General,16,0.8074033856391907,False,CUAD_external,distilbert-base-uncased,CUAD,CHAPARRALRESOURCESINC_03_30_2000-EX-10.66-TRANSPORTATION CONTRACT,cuad_296_0_4_0,Expiration Date,Terms,132,20
"Subject to the Wind-Down Budget and payment of Expenses, Agent shall use the E-Commerce Platform in connection with the GOB Sale to fulfill customer orders made during the GOB Sale Term and otherwise promote the GOB Sale (in Agent's capacity as Agent hereunder), provided that Agent shall have the option, in its sole discretion, to terminate the use of the E-Commerce Platform at any time after four weeks of use.",Terminations,10,General,16,0.8061204552650452,False,CUAD_external,distilbert-base-uncased,CUAD,BONTONSTORESINC_04_20_2018-EX-99.3-AGENCY AGREEMENT,cuad_21_0_15_0,Termination For Convenience,Terminations,414,70
Title to all Joint Venture Property will remain in the name of the Joint Venture.,Assignments,7,Survival,6,0.804714024066925,False,CUAD_external,distilbert-base-uncased,CUAD,"MJBIOTECH,INC_12_06_2018-EX-99.01-JOINT VENTURE AGREEMENT",cuad_225_0_18_0,Anti-Assignment,Assignments,81,15
This Agreement shall be terminable (a) by the Licensor,Terminations,10,Terms,9,0.7952277660369873,False,CUAD_external,distilbert-base-uncased,CUAD,NmfSlfIInc_20200115_10-12GA_EX-10.5_11946987_EX-10.5_Trademark License Agreement,cuad_280_0_15_0,Termination For Convenience,Terminations,54,9
"Unless either party gives written notice of termination of this Agreement at least 60 days prior to the end of the Initial Term, or any successive three-year term, this Agreement shall automatically renew for successive additional three-year terms; provided, however, that this Agreement shall automatically terminate upon the dissolution of the client.",Terms,9,Terminations,10,0.7810207605361938,False,CUAD_external,distilbert-base-uncased,CUAD,BLACKSTONEGSOLONG-SHORTCREDITINCOMEFUND_05_11_2020-EX-99.(K)(1)-SERVICE AGREEMENT,cuad_385_0_5_0,Renewal Term,Terms,353,52
"Unless either party gives written notice of termination of this Agreement at least 60 days prior to the end of the Initial Term, or any successive three-year term, this Agreement shall automatically renew for successive additional three-year terms; provided, however, that this Agreement shall automatically terminate upon the dissolution of the client.",Notices,1,Terminations,10,0.7810207605361938,False,CUAD_external,distilbert-base-uncased,CUAD,BLACKSTONEGSOLONG-SHORTCREDITINCOMEFUND_05_11_2020-EX-99.(K)(1)-SERVICE AGREEMENT,cuad_385_0_6_0,Notice Period To Terminate Renewal,Notices,353,52
"Notwithstanding the foregoing, to the extent that the Services to be provided with respect to any Account which is registered as an investment company under the 1940 Act (herein referred to as a ""registered investment company"") are services referred to in the definition of ""investment advisor"" under Section 202(a)(11) of the Investment Company Act of 1940 (herein referred to as ""investment advisory services""), then with respect to such Account, this Agreement: (i) shall not commence until the effective date of its approval by the board of directors or trustees (""Board"") of such Account; (ii) shall continue from year to year thereafter, subject to the provisions for termination and all other terms and conditions hereof, only if such continuation shall be specifically approved at least annually by a majority of the Board, including a majority of the members of the Board who are not parties to this Agreement or interested persons of any such party (other than as members of the Board) cast in person at a meeting called for that purpose; (iii) may be terminated at any time without the payment of any penalty by the Board or by a vote of a majority of the outstanding voting securities (as defined in Section 2(a)(42) of the 1940 Act) of the Account on 60 days' written notice to the Adviser; (iv) shall automatically terminate in the event of (A) its assignment (as defined in the 1940 Act) or (B) termination of the Advisory Agreement for any reason whatsoever.",Assignments,7,Terms,9,0.7787089347839355,False,CUAD_external,distilbert-base-uncased,CUAD,FEDERATEDGOVERNMENTINCOMESECURITIESINC_04_28_2020-EX-99.SERV AGREE-SERVICES AGREEMENT,cuad_160_0_18_0,Anti-Assignment,Assignments,1474,247
"In the event of a claim under any such policies, Agent shall be responsible for the payment of all deductibles, retentions or self-insured amounts thereunder, unless it is determined that liability arose by reason of the willful misconduct or grossly negligent acts or omissions of Merchant or Merchant's employees, independent contractors or agents (other than Agent or Agent's employees, agents or independent contractors).",Insurances,11,Indemnifications,18,0.7746103405952454,False,CUAD_external,distilbert-base-uncased,CUAD,BONTONSTORESINC_04_20_2018-EX-99.3-AGENCY AGREEMENT,cuad_21_0_38_2,Insurance,Insurances,425,63
"14.2.11 you Transfer any interest in yourself, this Agreement, the Hotel or the Hotel Site, other than in compliance with Section 13 and its subparts;",Assignments,7,General,16,0.7654224038124084,False,CUAD_external,distilbert-base-uncased,CUAD,"HOSPITALITYINVESTORSTRUST,INC_04_07_2014-EX-10.26-FRANCHISE AGREEMENT",cuad_229_0_18_1,Anti-Assignment,Assignments,150,25
"the occurrence of a Change of Control of an SMG Target without the prior written consent of Monsanto, unless the Agent has determined in its reasonable commercial opinion that such acquiror can and will fully perform the duties and obligations of the Agent under this Agreement;",Assignments,7,General,16,0.7594723105430603,False,CUAD_external,distilbert-base-uncased,CUAD,Monsanto Company - SECOND A_R EXCLUSIVE AGENCY AND MARKETING AGREEMENT,cuad_408_0_18_6,Anti-Assignment,Assignments,278,46
The Software Publisher and element 5 are authorized to revoke the license granted to the Affiliate at any time by written notice.,Terminations,10,Amendments,5,0.7506908178329468,False,CUAD_external,distilbert-base-uncased,CUAD,SouthernStarEnergyInc_20051202_SB-2A_EX-9_801890_EX-9_Affiliate Agreement,cuad_49_0_15_1,Termination For Convenience,Terminations,129,22
"Any sale, transfer or other conveyance of all or any part of the stock in, or assets of, Licensor in violation of this Section shall be null and void.",Assignments,7,Terminations,10,0.7473205327987671,False,CUAD_external,distilbert-base-uncased,CUAD,NEONSYSTEMSINC_03_01_1999-EX-10.5-DISTRIBUTOR AGREEMENT_Amendment,cuad_89_0_18_0,Anti-Assignment,Assignments,150,29
"31 day of July, 2000",Terms,9,Governing Laws,0,0.7457435727119446,False,CUAD_external,distilbert-base-uncased,CUAD,"OASYSMOBILE,INC_07_05_2001-EX-10.17-OUTSOURCING AGREEMENT",cuad_69_0_3_0,Effective Date,Terms,20,5
"assignment by either party of its rights to an unrelated third party, the other party shall be given written notice, then in such event the other party may upon six-months (6-months) written notice terminate this Agreement.",Assignments,7,Notices,1,0.7437470555305481,False,CUAD_external,distilbert-base-uncased,CUAD,IntegrityMediaInc_20010329_10-K405_EX-10.17_2373875_EX-10.17_Co-Branding Agreement,cuad_338_0_18_1,Anti-Assignment,Assignments,223,36
Neither this Agreement nor any right created by it shall,Assignments,7,Survival,6,0.7321844696998596,False,CUAD_external,distilbert-base-uncased,CUAD,"MARSHALLHOLDINGSINTERNATIONAL,INC_04_14_2004-EX-10.15-ENDORSEMENT AGREEMENT",cuad_491_0_18_0,Anti-Assignment,Assignments,56,10
"T&B shall not, during the Term, grant any third party a license to use the Licensed Intellectual Property within the Exclusive Field of Use.",Assignments,7,General,16,0.7222977876663208,False,CUAD_external,distilbert-base-uncased,CUAD,LegacyEducationAllianceInc_20200330_10-K_EX-10.18_12090678_EX-10.18_Development Agreement,cuad_52_0_18_2,Anti-Assignment,Assignments,140,24
This Agreement shall remain in effect until terminated by the Parties.,Terms,9,Terminations,10,0.722288966178894,False,CUAD_external,distilbert-base-uncased,CUAD,TRANSMONTAIGNEPARTNERSLLC_03_13_2020-EX-10.9-SERVICES AGREEMENT,cuad_406_0_4_0,Expiration Date,Terms,70,11
Consultant shall not subcontract any portion of Consultant's duties under this Agreement without the prior written consent of Company.,Assignments,7,General,16,0.7117470502853394,False,CUAD_external,distilbert-base-uncased,CUAD,"KIROMICBIOPHARMA,INC_05_11_2020-EX-10.23-CONSULTING AGREEMENT",cuad_6_0_18_1,Anti-Assignment,Assignments,134,19
"This Agreement shall apply and remain in effect from the Effective Date and perpetually thereafter unless terminated pursuant to the Section entitled ""Termination.""",Terms,9,Terminations,10,0.7070867419242859,False,CUAD_external,distilbert-base-uncased,CUAD,CardlyticsInc_20180112_S-1_EX-10.16_11002987_EX-10.16_Maintenance Agreement1,cuad_154_0_4_0,Expiration Date,Terms,164,23
"Without affecting any other rights that it may be entitled to, the Supplier may give notice in writing to the Distributor terminating this agreement immediately if the Distributor purports to assign its rights or obligations under this agreement to an entity that is not (1) affiliated with, (2) related to, or (3) sharing common ownership with the Distributor (a Permitted Assignee).",Assignments,7,Terminations,10,0.7043570280075073,False,CUAD_external,distilbert-base-uncased,CUAD,FuseMedicalInc_20190321_10-K_EX-10.43_11575454_EX-10.43_Distributor Agreement,cuad_67_0_18_1,Anti-Assignment,Assignments,384,61
The license granted to the Licensee under this Agreement shall continue perpetually,Terms,9,Survival,6,0.7024614214897156,False,CUAD_external,distilbert-base-uncased,CUAD,NmfSlfIInc_20200115_10-12GA_EX-10.5_11946987_EX-10.5_Trademark License Agreement,cuad_280_0_4_1,Expiration Date,Terms,83,12
This Agreement and the license granted under this Agreement shall remain in effect perpetually as long as fees are paid by Sparkling in accordance with the Fee Schedule and the Agreement is not otherwise terminated in accordance with this Section.,Terms,9,Terminations,10,0.6921228766441345,False,CUAD_external,distilbert-base-uncased,CUAD,SPARKLINGSPRINGWATERHOLDINGSLTD_07_03_2002-EX-10.13-SOFTWARE LICENSE AND MAINTENANCE AGREEMENT,cuad_91_0_4_0,Expiration Date,Terms,247,40
Company may not subcontract with or otherwise use any Affiliate or Third Party to perform any Detailing or any of its other obligations under this Agreement without the prior written consent of Janssen.,Assignments,7,Further Assurances,14,0.6896790862083435,False,CUAD_external,distilbert-base-uncased,CUAD,IMMUNOMEDICSINC_08_07_2019-EX-10.1-PROMOTION AGREEMENT,cuad_271_0_18_2,Anti-Assignment,Assignments,202,33
"31st day of March, 2000",Terms,9,Governing Laws,0,0.6830093264579773,False,CUAD_external,distilbert-base-uncased,CUAD,AIRSPANNETWORKSINC_04_11_2000-EX-10.5-Distributor Agreement,cuad_136_0_3_0,Effective Date,Terms,23,5
"an affiliated, parent, subsidiary, related company (or in the case of the production of Advertising Materials to an advertising agency representing TDA) so as to effectuate the intent of this Agreement and the subject matter hereof, although TDA will continue to be liable for all financial obligations hereunder.",Assignments,7,General,16,0.6801862120628357,False,CUAD_external,distilbert-base-uncased,CUAD,"HALITRON,INC_03_01_2005-EX-10.15-SPONSORSHIP AND DEVELOPMENT AGREEMENT",cuad_370_0_18_1,Anti-Assignment,Assignments,313,48
"Sponsor Website or Vitamin Buzz contained in the Sponsor logos or the Sponsor banner advertisements are established in accordance with the terms of this Agreement, subject to earlier termination as set forth in this Agreement.",Terms,9,Terminations,10,0.6705567240715027,False,CUAD_external,distilbert-base-uncased,CUAD,DRKOOPCOMINC_04_21_1999-EX-10.28-SPONSORSHIP AGREEMENT,cuad_462_0_4_0,Expiration Date,Terms,226,35
"The Distributor shall not sub-license, transfer or otherwise deal with the rights of use of the Trade Marks granted under this agreement.",Assignments,7,General,16,0.6684718728065491,False,CUAD_external,distilbert-base-uncased,CUAD,FuseMedicalInc_20190321_10-K_EX-10.43_11575454_EX-10.43_Distributor Agreement,cuad_67_0_18_3,Anti-Assignment,Assignments,137,22
"knowingly use the Services in violation of this Agreement. 3 4.7 Data protection. Each Party agrees to comply with all applicable data protection and privacy laws arising from its obligations, if any, under the Agreement and to reasonably co-operate with the other Party in order to allow the other Party to comply with any laws as deemed necessary from time to time. Each Party shall treat all data, information relating to Services, including but not limit to the customer personal data, as confidential. Each party warrants that it shall take appropriate technical and organizational measures against unauthorized or unlaw",Terms,9,Compliance With Laws,17,0.6542216539382935,False,CUAD_external,distilbert-base-uncased,CUAD,OPERALTD_04_30_2020-EX-4.14-SERVICE AGREEMENT,cuad_24_0_5_2,Renewal Term,Terms,625,99
"any Renewal Term, by serving written notice of such termination on the other party at least ninety (90) days prior to the end of the Initial Term or any Renewal Term as the case may be.",Terms,9,Terminations,10,0.6451027393341064,False,CUAD_external,distilbert-base-uncased,CUAD,HYPERIONSOFTWARECORP_09_28_1994-EX-10.47-EXCLUSIVE DISTRIBUTOR AGREEMENT,cuad_198_0_5_2,Renewal Term,Terms,185,36
"any Renewal Term, by serving written notice of such termination on the other party at least ninety (90) days prior to the end of the Initial Term or any Renewal Term as the case may be.",Notices,1,Terminations,10,0.6451027393341064,False,CUAD_external,distilbert-base-uncased,CUAD,HYPERIONSOFTWARECORP_09_28_1994-EX-10.47-EXCLUSIVE DISTRIBUTOR AGREEMENT,cuad_198_0_6_2,Notice Period To Terminate Renewal,Notices,185,36
"1st day of June, 1999",Terms,9,Governing Laws,0,0.6436792612075806,False,CUAD_external,distilbert-base-uncased,CUAD,DYNTEKINC_07_30_1999-EX-10-ONLINE HOSTING AGREEMENT,cuad_425_0_3_0,Effective Date,Terms,21,5
"23rd day of December, 2003",Terms,9,Governing Laws,0,0.6362338066101074,False,CUAD_external,distilbert-base-uncased,CUAD,MARTINMIDSTREAMPARTNERSLP_01_23_2004-EX-10.3-TRANSPORTATION SERVICES AGREEMENT,cuad_116_0_3_0,Effective Date,Terms,26,5
"The Agreement rests, for all that, cancellable at any time by any of the parties before the expiry date of the Agreement or any of itsrenewals, upon three months prior written notice.",Notices,1,Entire Agreements,3,0.635442316532135,False,CUAD_external,distilbert-base-uncased,CUAD,FerroglobePlc_20150624_F-4A_EX-10.20_9154746_EX-10.20_Outsourcing Agreement,cuad_99_0_6_0,Notice Period To Terminate Renewal,Notices,183,32
"The Agreement rests, for all that, cancellable at any time by any of the parties before the expiry date of the Agreement or any of itsrenewals, upon three months prior written notice.",Terminations,10,Entire Agreements,3,0.635442316532135,False,CUAD_external,distilbert-base-uncased,CUAD,FerroglobePlc_20150624_F-4A_EX-10.20_9154746_EX-10.20_Outsourcing Agreement,cuad_99_0_15_0,Termination For Convenience,Terminations,183,32
Any purported transfer without such consent shall be void ab initio.,Assignments,7,Terminations,10,0.6188657283782959,False,CUAD_external,distilbert-base-uncased,CUAD,PalmerSquareCapitalBdcInc_20200116_10-12GA_EX-10.6_11949289_EX-10.6_Trademark License Agreement,cuad_163_0_18_3,Anti-Assignment,Assignments,68,11
Clinical Trials Liability: [***] dollars ($[***]) per occurrence.,Insurances,11,Expenses,8,0.6066554188728333,False,CUAD_external,distilbert-base-uncased,CUAD,PhasebioPharmaceuticalsInc_20200330_10-K_EX-10.21_12086810_EX-10.21_Development Agreement,cuad_177_0_38_10,Insurance,Insurances,65,8
"Subject to the provisions of this AGREEMENT, and with effect from the date when the party signing last in time appends its signature to this agreement (""the effective date""), and enduring in perpetuity unless terminated as provided for elsewhere in this AGREEMENT, SAP AFRICA grants, and TELKOM accepts a non-exclusive, non-transferable licence to USE the SOFTWARE, DOCUMENTATION and other SAP AFRICA PROPRIETARY INFORMATION at the specified DESIGNATED SITE within the TERRITORY.",Terms,9,Assignments,7,0.6058175563812256,False,CUAD_external,distilbert-base-uncased,CUAD,TELKOMSALTD_01_30_2003-EX-10-LICENCE AND MAINTENANCE AGREEMENT,cuad_341_0_4_1,Expiration Date,Terms,479,71
This Agreement is solely for the benefit of the parties hereto and is not binding upon or enforceable by any other persons,Assignments,7,Entire Agreements,3,0.6031023859977722,False,CUAD_external,distilbert-base-uncased,CUAD,ALLISONTRANSMISSIONHOLDINGSINC_12_15_2014-EX-99.1-COOPERATION AGREEMENT,cuad_203_0_18_0,Anti-Assignment,Assignments,122,22
"31st day of March, 1998",Terms,9,Governing Laws,0,0.5987145900726318,False,CUAD_external,distilbert-base-uncased,CUAD,GSVINC_05_15_1998-EX-10-SPONSORSHIP AGREEMENT,cuad_173_0_3_0,Effective Date,Terms,23,5
"In the event of a claim under any such policies, Merchant shall be responsible for the payment of all deductibles, retentions or self- insured amounts thereunder (which may be reimbursed as an Expense and/or pursuant to the Wind-Down Payment, subject to the Wind-Down Budget and the Wind-Down Cap), unless it is determined that liability arose by reason of the willful misconduct or grossly negligent acts or omissions of Purchaser, or Purchaser's employees, independent contractors or agents.",Insurances,11,Expenses,8,0.5957076549530029,False,CUAD_external,distilbert-base-uncased,CUAD,BONTONSTORESINC_04_20_2018-EX-99.3-AGENCY AGREEMENT,cuad_21_0_38_4,Insurance,Insurances,493,76
"any other Person, including SpinCo.",Terminations,10,Notices,1,0.592680811882019,False,CUAD_external,distilbert-base-uncased,CUAD,INGEVITYCORP_05_16_2016-EX-10.5-INTELLECTUAL PROPERTY AGREEMENT,cuad_499_0_15_0,Termination For Convenience,Terminations,35,5
"This Clause 6 and Clauses 1, 5, 7 through 9 (inclusive) come into force and effect upon the execution of this Agreement by the Parties.",Terms,9,Survival,6,0.5895497798919678,False,CUAD_external,distilbert-base-uncased,CUAD,QIWI_06_16_2017-EX-99.(D)(2)-COOPERATION AGREEMENT,cuad_395_0_3_0,Effective Date,Terms,135,25
You agree that you will do all of the following things:,Insurances,11,General,16,0.5884302258491516,False,CUAD_external,distilbert-base-uncased,CUAD,PfHospitalityGroupInc_20150923_10-12G_EX-10.1_9266710_EX-10.1_Franchise Agreement1,cuad_30_0_38_12,Insurance,Insurances,55,11
"19 day of March, 2004",Terms,9,Governing Laws,0,0.5883288979530334,False,CUAD_external,distilbert-base-uncased,CUAD,"OMINTO,INC_03_29_2004-EX-10-RESELLER AGREEMENT",cuad_349_0_3_0,Effective Date,Terms,21,5
"6t h day of March, 2006",Terms,9,Governing Laws,0,0.5765586495399475,False,CUAD_external,distilbert-base-uncased,CUAD,TubeMediaCorp_20060310_8-K_EX-10.1_513921_EX-10.1_Affiliate Agreement,cuad_490_0_3_0,Effective Date,Terms,23,6
"Agreement, which notice must be given not less than fifteen (15) days before the end of the respective initial or renewal term.",Notices,1,Terms,9,0.5736298561096191,False,CUAD_external,distilbert-base-uncased,CUAD,CENTRACKINTERNATIONALINC_10_29_1999-EX-10.3-WEB SITE HOSTING AGREEMENT,cuad_3_0_6_1,Notice Period To Terminate Renewal,Notices,127,22
13.1.3 By either party for any reason by providing six (6) months prior written notice expressly terminating this Agreement.,Terminations,10,Notices,1,0.5674557685852051,False,CUAD_external,distilbert-base-uncased,CUAD,NANOPHASETECHNOLOGIESCORP_11_01_2005-EX-99.1-DISTRIBUTOR AGREEMENT,cuad_85_0_15_0,Termination For Convenience,Terminations,124,19
You agree not to open the Franchise for business until:,Insurances,11,General,16,0.5674371719360352,False,CUAD_external,distilbert-base-uncased,CUAD,JOINTCORP_09_19_2014-EX-10.15-FRANCHISE AGREEMENT,cuad_479_0_38_2,Insurance,Insurances,55,10
Company at its sole discretion may at any time alter or cease providing the Customer Service which it has agreed to provide to Client relating to Client Website pursuant to this Agreement without any liability to Company.,Terminations,10,Amendments,5,0.5669503808021545,False,CUAD_external,distilbert-base-uncased,CUAD,Freecook_20180605_S-1_EX-10.3_11233807_EX-10.3_Hosting Agreement,cuad_23_0_15_0,Termination For Convenience,Terminations,221,37
"IN WITNESS WHEREOF the parties hereto have hereunto executed this Agreement on the 1st day of JUNE , 2006 , but effective as of the Date of Commencement.",Terms,9,Further Assurances,14,0.5665453672409058,False,CUAD_external,distilbert-base-uncased,CUAD,HUBEIMINKANGPHARMACEUTICALLTD_09_19_2006-EX-10.1-OUTSOURCING AGREEMENT,cuad_132_0_3_0,Effective Date,Terms,153,28
"23rd day of February, 1998",Terms,9,Governing Laws,0,0.5653343200683594,False,CUAD_external,distilbert-base-uncased,CUAD,PcquoteComInc_19990721_S-1A_EX-10.11_6377149_EX-10.11_Co-Branding Agreement3,cuad_468_0_3_0,Effective Date,Terms,26,5
"7th day of April, 2003",Terms,9,Governing Laws,0,0.5626527667045593,False,CUAD_external,distilbert-base-uncased,CUAD,"VISIUMTECHNOLOGIES,INC_10_20_2004-EX-10.20-DISTRIBUTOR AGREEMENT",cuad_369_0_3_0,Effective Date,Terms,22,5
Company will not modify or terminate any coverage without giving at least thirty (30) days' prior written notice to ACSI.,Insurances,11,Terminations,10,0.5599887371063232,False,CUAD_external,distilbert-base-uncased,CUAD,AudibleInc_20001113_10-Q_EX-10.32_2599586_EX-10.32_Co-Branding Agreement_ Marketing Agreement_ Investment Distribution Agreement,cuad_290_0_38_0,Insurance,Insurances,121,20
"17t h day of October, 2007",Terms,9,Governing Laws,0,0.5577161312103271,False,CUAD_external,distilbert-base-uncased,CUAD,REGANHOLDINGCORP_03_31_2008-EX-10-LICENSE AND HOSTING AGREEMENT,cuad_498_0_3_0,Effective Date,Terms,26,6
"During the Lease Term, PPI shall:",Insurances,11,General,16,0.5572048425674438,False,CUAD_external,distilbert-base-uncased,CUAD,"PACIRA PHARMACEUTICALS, INC. - A_R STRATEGIC LICENSING, DISTRIBUTION AND MARKETING AGREEMENT",cuad_9_0_38_3,Insurance,Insurances,33,6
"19th day of January, 2001",Terms,9,Governing Laws,0,0.5545812845230103,False,CUAD_external,distilbert-base-uncased,CUAD,EbixInc_20010515_10-Q_EX-10.3_4049767_EX-10.3_Co-Branding Agreement,cuad_464_0_3_0,Effective Date,Terms,25,5
"14t h day of April, 2015",Terms,9,Governing Laws,0,0.5542102456092834,False,CUAD_external,distilbert-base-uncased,CUAD,PenntexMidstreamPartnersLp_20150416_S-1A_EX-10.4_9042833_EX-10.4_Transportation Agreement,cuad_98_0_3_0,Effective Date,Terms,24,6
"23rd day of September, 1997",Terms,9,Governing Laws,0,0.552010715007782,False,CUAD_external,distilbert-base-uncased,CUAD,N2KINC_10_16_1997-EX-10.16-SPONSORSHIP AGREEMENT,cuad_92_0_3_0,Effective Date,Terms,27,5
This Agreement will remain in force for perpetuity or until and unless otherwise mutually agreed or amended in writing by both parties.,Terms,9,Terminations,10,0.5518090128898621,False,CUAD_external,distilbert-base-uncased,CUAD,LinkPlusCorp_20050802_8-K_EX-10_3240252_EX-10_Affiliate Agreement,cuad_206_0_4_0,Expiration Date,Terms,135,22
Any purported transaction not specifically permitted under this Section 14.3 shall be null and void ab initio.,Assignments,7,General,16,0.5516279339790344,False,CUAD_external,distilbert-base-uncased,CUAD,PlayboyEnterprisesInc_20090220_10-QA_EX-10.2_4091580_EX-10.2_Content License Agreement_ Marketing Agreement_ Sales-Purchase Agreement1,cuad_489_0_18_3,Anti-Assignment,Assignments,110,17
"The Manufacturing Companies utilised by the Agent to manufacture the products listed in Schedule A of this agreement shall maintain throughout the term of this agreement product liability insurance issued by a reputable insurance company under standard terms and conditions in the industry to cover the liability of the Customer and to indemnity the Customer from any costs, expenses, loss or damages resulting from any act, neglect or default of the company.",Insurances,11,Indemnifications,18,0.5492663383483887,False,CUAD_external,distilbert-base-uncased,CUAD,AgapeAtpCorp_20191202_10-KA_EX-10.1_11911128_EX-10.1_Supply Agreement,cuad_219_0_38_1,Insurance,Insurances,459,72
This Agreement and any action,Governing Laws,0,Entire Agreements,3,0.5480149388313293,False,CUAD_external,distilbert-base-uncased,CUAD,RaeSystemsInc_20001114_10-Q_EX-10.57_2631790_EX-10.57_Co-Branding Agreement,cuad_214_0_7_0,Governing Law,Governing Laws,29,5
"26 day of January, 2007",Terms,9,Governing Laws,0,0.5478459000587463,False,CUAD_external,distilbert-base-uncased,CUAD,OFGBANCORP_03_28_2007-EX-10.23-OUTSOURCING AGREEMENT,cuad_348_0_3_0,Effective Date,Terms,23,5
"16th day of February, 2000",Terms,9,Governing Laws,0,0.5434393882751465,False,CUAD_external,distilbert-base-uncased,CUAD,InvendaCorp_20000828_S-1A_EX-10.2_2588206_EX-10.2_Co-Branding Agreement,cuad_428_0_3_0,Effective Date,Terms,26,5
Any Transfer without such approval shall constitute a breach of this Agreement and shall be void and of no effect.,Assignments,7,Terminations,10,0.5371707677841187,False,CUAD_external,distilbert-base-uncased,CUAD,MRSFIELDSORIGINALCOOKIESINC_01_29_1998-EX-10-FRANCHISE AGREEMENT,cuad_162_0_18_0,Anti-Assignment,Assignments,114,20
"With respect to Beacon Optofluidic Machines (including related Hardware and Software), Consumables and Services for which Ginkgo has placed a Purchase Order pursuant to this Agreement, the Parties agree to the BLI Terms and Conditions that apply with respect to Beacon Optofluidic Machines (including related Hardware and Software), Consumables and Services, unless, notwithstanding anything to the contrary set forth in the BLI Terms and Conditions (including any language regarding the treatment of additional or different terms set forth therein), a term in such BLI Terms and Conditions is inconsistent with a term in this Agreement, in which case this Agreement shall control, including as follows:",Terminations,10,General,16,0.5311414003372192,False,CUAD_external,distilbert-base-uncased,CUAD,"BERKELEYLIGHTS,INC_06_26_2020-EX-10.12-COLLABORATION AGREEMENT",cuad_418_0_15_0,Termination For Convenience,Terminations,703,105
"4.7 Data protection. Each Party agrees to comply with all applicable data protection and privacy laws arising from its obligations, if any, under the Agreement and to reasonably co-operate with the other Party in order to allow the other Party to comply with any laws as deemed necessary from time to time. Each Party shall treat all data, information relating to Services, including but not limit to the customer personal data, as confidential. Each party warrants that it shall take appropriate technical and organizational measures against unauthorized or unlaw",Terms,9,Compliance With Laws,17,0.5310388207435608,False,CUAD_external,distilbert-base-uncased,CUAD,OPERALTD_04_30_2020-EX-4.14-SERVICE AGREEMENT,cuad_24_0_5_0,Renewal Term,Terms,564,89
"23rd day of September, 2016",Terms,9,Governing Laws,0,0.5292075872421265,False,CUAD_external,distilbert-base-uncased,CUAD,ADAPTIMMUNETHERAPEUTICSPLC_04_06_2017-EX-10.11-STRATEGIC ALLIANCE AGREEMENT,cuad_389_0_3_0,Effective Date,Terms,27,5
This Agreement and the performance of,Governing Laws,0,Entire Agreements,3,0.5273584127426147,False,CUAD_external,distilbert-base-uncased,CUAD,STAMPSCOMINC_06_24_1999-EX-10.18-SPONSORSHIP AGREEMENT,cuad_362_0_7_0,Governing Law,Governing Laws,37,6
"19 DAY OF MAY , 2010",Terms,9,Governing Laws,0,0.524620771408081,False,CUAD_external,distilbert-base-uncased,CUAD,"WASTE2ENERGYHOLDINGS,INC_06_03_2010-EX-10.2-STRATEGIC ALLIANCE AGREEMENT",cuad_56_0_3_1,Effective Date,Terms,20,6
"Such analysis will include, among other considerations, product risk characteristics, product litigation history,",Insurances,11,General,16,0.5204214453697205,False,CUAD_external,distilbert-base-uncased,CUAD,KINGPHARMACEUTICALSINC_08_09_2006-EX-10.1-PROMOTION AGREEMENT,cuad_508_0_38_0,Insurance,Insurances,113,13
"Owner shall deliver notice of any such assignment, pledge or transfer to Service Provider in writing as soon as reasonably practicable thereafter.",Assignments,7,Notices,1,0.5172792673110962,False,CUAD_external,distilbert-base-uncased,CUAD,"SPIENERGYCO,LTD_03_09_2011-EX-99.5-OPERATIONS AND MAINTENANCE AGREEMENT",cuad_483_0_18_1,Anti-Assignment,Assignments,146,22
"The following events shall constitute a default by Developer, which shall result in El Pollo Loco's right to declare the immediate termination of this Agreement.",Assignments,7,Terminations,10,0.5170838236808777,False,CUAD_external,distilbert-base-uncased,CUAD,ElPolloLocoHoldingsInc_20200306_10-K_EX-10.16_12041700_EX-10.16_Development Agreement,cuad_411_0_18_1,Anti-Assignment,Assignments,161,25
"26t h day of May, 2017",Terms,9,Governing Laws,0,0.5122092366218567,False,CUAD_external,distilbert-base-uncased,CUAD,"COOLTECHNOLOGIES,INC_10_25_2017-EX-10.71-Strategic Alliance Agreement",cuad_407_0_3_0,Effective Date,Terms,22,6
18th day of April 2000,Terms,9,Governing Laws,0,0.508368194103241,False,CUAD_external,distilbert-base-uncased,CUAD,TELEGLOBEINTERNATIONALHOLDINGSLTD_03_29_2004-EX-10.10-CONSTRUCTION AND MAINTENANCE AGREEMENT,cuad_80_0_3_0,Effective Date,Terms,22,5
"14th day of May, 1999",Terms,9,Governing Laws,0,0.5055464506149292,False,CUAD_external,distilbert-base-uncased,CUAD,STAMPSCOMINC_06_24_1999-EX-10.18-SPONSORSHIP AGREEMENT,cuad_362_0_3_0,Effective Date,Terms,21,5
"15th day of June, 2015",Terms,9,Governing Laws,0,0.49570953845977783,False,CUAD_external,distilbert-base-uncased,CUAD,NakedBrandGroupInc_20150731_POS AM (on S-1)_EX-10.75_9196027_EX-10.75_Endorsement Agreement,cuad_473_0_3_0,Effective Date,Terms,22,5
"Within ninety (90) days of our receipt of your notice to renew, we will furnish you with written notice of: (i) reasons which could cause us not to grant a renewal to you including but not limited to any deficiencies which require correction and a schedule for correction by you; and (ii) our then-current requirements relating to the image, appearance, decoration, furnishing, equipping and stocking of Buffalo Wild Wings businesses, and a schedule for effecting upgrading or modifications in order to bring the Franchised Restaurant in compliance, as a condition of renewal. Renewal of the franchise shall be conditioned upon your compliance with such requirements and continued compliance with all the terms and conditions of this Agreement up to the date of termination of the initial term.",Terms,9,Terminations,10,0.4927692413330078,False,CUAD_external,distilbert-base-uncased,CUAD,BUFFALOWILDWINGSINC_06_05_1998-EX-10.3-FRANCHISE AGREEMENT,cuad_199_0_5_1,Renewal Term,Terms,794,127
"2nd day of June, 2008",Terms,9,Governing Laws,0,0.4901909828186035,False,CUAD_external,distilbert-base-uncased,CUAD,MidwestEnergyEmissionsCorp_20080604_8-K_EX-10.2_3093976_EX-10.2_Content License Agreement,cuad_500_0_3_0,Effective Date,Terms,21,5
"1st day of January, 1998",Terms,9,Governing Laws,0,0.489502876996994,False,CUAD_external,distilbert-base-uncased,CUAD,NYLIACVARIABLEANNUITYSEPARATEACCOUNTIII_04_10_2020-EX-99.8.KK-SERVICE AGREEMENT,cuad_122_0_3_0,Effective Date,Terms,24,5
"In addition to your obligations under Section 15.7 above, on the first anniversary of the Effective Date, and on each subsequent anniversary of the Effective Date,",Insurances,11,Terms,9,0.488975465297699,False,CUAD_external,distilbert-base-uncased,CUAD,"GOOSEHEADINSURANCE,INC_04_02_2018-EX-10.6-Franchise Agreement",cuad_470_0_38_15,Insurance,Insurances,163,26
[ * ] may [ * ]any of its rights or obligations under this Agreement without the prior written consent of [ * ].,Assignments,7,General,16,0.48296481370925903,False,CUAD_external,distilbert-base-uncased,CUAD,"WHITESMOKE,INC_11_08_2011-EX-10.26-PROMOTION AND DISTRIBUTION AGREEMENT",cuad_1_0_18_0,Anti-Assignment,Assignments,112,24
"1st day of August, 2013",Terms,9,Governing Laws,0,0.47802889347076416,False,CUAD_external,distilbert-base-uncased,CUAD,BLACKBOXSTOCKSINC_08_05_2014-EX-10.1-DISTRIBUTOR AGREEMENT,cuad_493_0_3_0,Effective Date,Terms,23,5
The certificates shall provide that Calm will be given at least thirty (30) days prior written notice of cancellation or any material change in these policies.,Insurances,11,Notices,1,0.4772132933139801,False,CUAD_external,distilbert-base-uncased,CUAD,XpresspaGroupInc_20190401_10-K_EX-10.28_11599457_EX-10.28_Marketing Agreement,cuad_410_0_38_5,Insurance,Insurances,159,26
The COMPANY agrees to a one year engagement to contract the CELEBRITY to speak at the company meetings and seminars along with endorsement of the Company products.,Terms,9,General,16,0.4752151370048523,False,CUAD_external,distilbert-base-uncased,CUAD,"MARSHALLHOLDINGSINTERNATIONAL,INC_04_14_2004-EX-10.15-ENDORSEMENT AGREEMENT",cuad_491_0_4_0,Expiration Date,Terms,163,27
"The provisions of this Agreement, including the license rights provided in this Article III, shall not be terminable or revocable for any reason.",Terms,9,Severability,4,0.4704633057117462,False,CUAD_external,distilbert-base-uncased,CUAD,"OTISWORLDWIDECORP_04_03_2020-EX-10.4-INTELLECTUAL PROPERTY AGREEMENT by and among UNITED TECHNOLOGIES CORPORATION, OTIS WORLDWIDE CORPORATION and CARRIER ~1",cuad_243_0_4_0,Expiration Date,Terms,145,23
"15 th day of July, 2010",Terms,9,Governing Laws,0,0.4696398675441742,False,CUAD_external,distilbert-base-uncased,CUAD,ICORECONNECTINC_10_13_2010-EX-7.1-Strategic Alliance Agreement,cuad_434_0_3_0,Effective Date,Terms,23,6
"THIS SPONSORSHIP AGREEMENT (""Agreement"") is entered into and effective as of the date first written above (""Effective Date"") by and among PEEK Investments LLC, a Delaware limited liability company (""Purchaser""), and each other party hereto identified on the signature page(s) hereto (each, a ""Sponsor"").",Terms,9,General,16,0.46768292784690857,False,CUAD_external,distilbert-base-uncased,CUAD,LOOKSMARTLTD_07_20_2012-EX-99.(D)(I)-SPONSORSHIP AGREEMENT,cuad_448_0_3_0,Effective Date,Terms,303,44
"1st day of October, 2008",Terms,9,Governing Laws,0,0.46565523743629456,False,CUAD_external,distilbert-base-uncased,CUAD,INTRICONCORP_03_10_2009-EX-10.22-Strategic Alliance Agreement,cuad_20_0_3_0,Effective Date,Terms,24,5
"3rd day of November, 2010",Terms,9,Governing Laws,0,0.4638884961605072,False,CUAD_external,distilbert-base-uncased,CUAD,VERTEXENERGYINC_08_14_2014-EX-10.24-OPERATION AND MAINTENANCE AGREEMENT,cuad_121_0_3_0,Effective Date,Terms,25,5
"14th day of March, 2016",Terms,9,Governing Laws,0,0.4616430401802063,False,CUAD_external,distilbert-base-uncased,CUAD,LifewayFoodsInc_20160316_10-K_EX-10.24_9489766_EX-10.24_Endorsement Agreement,cuad_261_0_3_0,Effective Date,Terms,23,5
22nd day of August 2005,Terms,9,Governing Laws,0,0.45743876695632935,False,CUAD_external,distilbert-base-uncased,CUAD,TomOnlineInc_20060501_20-F_EX-4.46_749700_EX-4.46_Co-Branding Agreement,cuad_185_0_3_0,Effective Date,Terms,23,5
The policy hereof shall not expire by failure of payment of the premium and said premium shall not be revocable in a unilateral manner neither by the insurance company nor by the contractor.,Insurances,11,Terms,9,0.456569641828537,False,CUAD_external,distilbert-base-uncased,CUAD,GRANTIERRAENERGYINC_05_07_2012-EX-10.6-TRANSPORTATION CONTRACT,cuad_141_0_38_0,Insurance,Insurances,190,33
"20t h day of November, 2018",Terms,9,Governing Laws,0,0.4550548195838928,False,CUAD_external,distilbert-base-uncased,CUAD,SimplicityEsportsGamingCompany_20181130_8-K_EX-10.1_11444071_EX-10.1_Franchise Agreement,cuad_394_0_3_0,Effective Date,Terms,27,6
"1st day of January, 1997",Terms,9,Governing Laws,0,0.45280057191848755,False,CUAD_external,distilbert-base-uncased,CUAD,HYDRONTECHNOLOGIESINC_03_31_1997-EX-10.47-SPONSORSHIP AGREEMENT,cuad_502_0_3_0,Effective Date,Terms,24,5
"CRO may not subcontract any parts of the Services to a third party without the prior written approval of Client, which approval shall not unreasonably be withheld.",Assignments,7,General,16,0.4490470886230469,False,CUAD_external,distilbert-base-uncased,CUAD,"PAXMEDICA,INC_07_02_2020-EX-10.12-Master Service Agreement",cuad_356_0_18_1,Anti-Assignment,Assignments,163,27
"7th day of April, 2017",Terms,9,Governing Laws,0,0.4425467848777771,False,CUAD_external,distilbert-base-uncased,CUAD,BravatekSolutionsInc_20170418_8-K_EX-10.1_10205739_EX-10.1_Reseller Agreement,cuad_273_0_3_0,Effective Date,Terms,22,5
"Commercial General Liability: [***] dollars ($[***]) per occurrence; [***] dollars ($[***]) Product and Completed Operations aggregate, including Premises & Operations, Personal Injury, Product and Completed Operations; [***] dollars ($[***]) combined single limit on all owned, non-owned and hired vehicles of such Party.",Insurances,11,General,16,0.441205769777298,False,CUAD_external,distilbert-base-uncased,CUAD,PhasebioPharmaceuticalsInc_20200330_10-K_EX-10.21_12086810_EX-10.21_Development Agreement,cuad_177_0_38_6,Insurance,Insurances,322,42
"20 day of November, 1995.",Terms,9,Governing Laws,0,0.4387275278568268,False,CUAD_external,distilbert-base-uncased,CUAD,DYNAMEXINC_06_06_1996-EX-10.4-TRANSPORTATION SERVICES AGREEMENT,cuad_237_0_3_0,Effective Date,Terms,25,5
"THIS FRANCHISE AGREEMENT (the ""Agreement"") is made and entered into as of the ""Effective Date"" that we have indicated on the signature page of this Agreement by and between:",Terms,9,Entire Agreements,3,0.43521466851234436,False,CUAD_external,distilbert-base-uncased,CUAD,"GOOSEHEADINSURANCE,INC_04_02_2018-EX-10.6-Franchise Agreement",cuad_470_0_3_1,Effective Date,Terms,173,29
"15th day of December, 1997",Terms,9,Governing Laws,0,0.4346439242362976,False,CUAD_external,distilbert-base-uncased,CUAD,NETGROCERINC_07_31_1998-EX-10.15-SPONSORSHIP AGREEMENT,cuad_276_0_3_0,Effective Date,Terms,26,5
An Event of Default shall mean any of the following occurrences:,Assignments,7,General,16,0.4327302873134613,False,CUAD_external,distilbert-base-uncased,CUAD,Monsanto Company - SECOND A_R EXCLUSIVE AGENCY AND MARKETING AGREEMENT,cuad_408_0_18_7,Anti-Assignment,Assignments,64,11
Any attempted transfer in contravention of this Section 9.3 shall be null and void.,Assignments,7,Terminations,10,0.42009779810905457,False,CUAD_external,distilbert-base-uncased,CUAD,"GSITECHNOLOGYINC_11_16_2009-EX-10.2-INTELLECTUAL PROPERTY AGREEMENT between SONY ELECTRONICS INC. and GSI TECHNOLOGY, INC.",cuad_354_0_18_1,Anti-Assignment,Assignments,83,14
"20t h day of January, 2020",Terms,9,Governing Laws,0,0.41632869839668274,False,CUAD_external,distilbert-base-uncased,CUAD,"INTERSECTENT,INC_05_11_2020-EX-10.1-SUPPLY AGREEMENT",cuad_188_0_3_0,Effective Date,Terms,26,6
Any purported transfer or other encumbrance without such consent shall be void ab initio.,Assignments,7,Terminations,10,0.4099751114845276,False,CUAD_external,distilbert-base-uncased,CUAD,NmfSlfIInc_20200115_10-12GA_EX-10.5_11946987_EX-10.5_Trademark License Agreement,cuad_280_0_18_0,Anti-Assignment,Assignments,89,14
"5th day of January, 2015",Terms,9,Governing Laws,0,0.4051358699798584,False,CUAD_external,distilbert-base-uncased,CUAD,HPILHOLDING_01_07_2015-EX-99.1-COOPERATION AGREEMENT,cuad_272_0_3_0,Effective Date,Terms,24,5
"15th day of May, 2013",Terms,9,Governing Laws,0,0.4023633599281311,False,CUAD_external,distilbert-base-uncased,CUAD,SEASPINEHOLDINGSCORP_10_10_2018-EX-10.1-SUPPLY AGREEMENT,cuad_417_0_3_0,Effective Date,Terms,21,5
"14 day of SEPTEMBER, 200_",Terms,9,Governing Laws,0,0.40055572986602783,False,CUAD_external,distilbert-base-uncased,CUAD,WORLDWIDESTRATEGIESINC_11_02_2005-EX-10-RESELLER AGREEMENT,cuad_57_0_3_0,Effective Date,Terms,25,5
23rd day of September 1998,Terms,9,Governing Laws,0,0.3924286663532257,False,CUAD_external,distilbert-base-uncased,CUAD,VITAMINSHOPPECOMINC_09_13_1999-EX-10.26-SPONSORSHIP AGREEMENT,cuad_308_0_3_0,Effective Date,Terms,26,5
This Agreement will remain in effect for Thirty-six (36),Terms,9,Terminations,10,0.3839151859283447,False,CUAD_external,distilbert-base-uncased,CUAD,QuantumGroupIncFl_20090120_8-K_EX-99.2_3672910_EX-99.2_Hosting Agreement,cuad_250_0_4_0,Expiration Date,Terms,56,9
This Agreement was negotiated and is being contracted,Governing Laws,0,Assignments,7,0.37334176898002625,False,CUAD_external,distilbert-base-uncased,CUAD,"MARSHALLHOLDINGSINTERNATIONAL,INC_04_14_2004-EX-10.15-ENDORSEMENT AGREEMENT",cuad_491_0_7_0,Governing Law,Governing Laws,53,8
18t h day of August 2014,Terms,9,Governing Laws,0,0.36875471472740173,False,CUAD_external,distilbert-base-uncased,CUAD,"CARDAX,INC_08_19_2014-EX-10.1-COLLABORATION AGREEMENT",cuad_452_0_3_0,Effective Date,Terms,24,6
This Agreement takes effect upon the signatures and seals of both Parties in triplicate.,Terms,9,Amendments,5,0.347497820854187,False,CUAD_external,distilbert-base-uncased,CUAD,ZtoExpressCaymanInc_20160930_F-1_EX-10.10_9752871_EX-10.10_Transportation Agreement,cuad_446_0_3_0,Effective Date,Terms,88,14
"1s t day of June, 2004",Terms,9,Governing Laws,0,0.3434757888317108,False,CUAD_external,distilbert-base-uncased,CUAD,ASIANDRAGONGROUPINC_08_11_2005-EX-10.5-Reseller Agreement,cuad_442_0_3_0,Effective Date,Terms,22,6
"Customer will not modify, translate, alter, tamper with, repair, or otherwise create derivative works of any software included in any Service; reverse engineer, disassemble, or decompile any software or Service or apply any other process or procedure to derive source code of any software included in any Service; or resell, transfer, assign, or use as a service bureau any Service",Assignments,7,General,16,0.34183239936828613,False,CUAD_external,distilbert-base-uncased,CUAD,"KUBIENT,INC_07_02_2020-EX-10.14-MASTER SERVICES AGREEMENT_Part1",cuad_210_0_18_1,Anti-Assignment,Assignments,381,60
"Such certificate will provide that there shall be no cancellation, non-renewal, or modification of such coverage without thirty days' prior written notice to the Company.",Insurances,11,Notices,1,0.33818233013153076,False,CUAD_external,distilbert-base-uncased,CUAD,UAGHINC_04_14_2004-EX-10.18-MAINTENANCE AGREEMENT,cuad_331_0_38_0,Insurance,Insurances,170,25
20th day of March 2002,Terms,9,Governing Laws,0,0.329738974571228,False,CUAD_external,distilbert-base-uncased,CUAD,HOLIDAYRVSUPERSTORESINC_04_15_2002-EX-10.13-ENDORSEMENT AGREEMENT,cuad_291_0_3_1,Effective Date,Terms,22,5
MD Anderson shall not subcontract any of its or the Principal Investigator's responsibilities under this Agreement without the prior written consent of Adaptimmune.,Assignments,7,General,16,0.32124581933021545,False,CUAD_external,distilbert-base-uncased,CUAD,ADAPTIMMUNETHERAPEUTICSPLC_04_06_2017-EX-10.11-STRATEGIC ALLIANCE AGREEMENT,cuad_389_0_18_0,Anti-Assignment,Assignments,164,23
The license granted by this Agreement is personal to MusclePharm.,Assignments,7,Compliance With Laws,17,0.3199230134487152,False,CUAD_external,distilbert-base-uncased,CUAD,MusclepharmCorp_20170208_10-KA_EX-10.38_9893581_EX-10.38_Co-Branding Agreement,cuad_355_0_18_0,Anti-Assignment,Assignments,65,10
17t h day of February 2016,Terms,9,Governing Laws,0,0.3045971989631653,False,CUAD_external,distilbert-base-uncased,CUAD,"FTENETWORKS,INC_02_18_2016-EX-99.4-STRATEGIC ALLIANCE AGREEMENT",cuad_11_0_3_0,Effective Date,Terms,26,6
not be unreasonably withheld.,Assignments,7,Notices,1,0.3045167028903961,False,CUAD_external,distilbert-base-uncased,CUAD,"CURAEGISTECHNOLOGIES,INC_05_26_2010-EX-1-CORPORATE SPONSORSHIP AGREEMENT",cuad_281_0_18_1,Anti-Assignment,Assignments,29,4
"have been satisfactorily met and no objection on the part of the Federal Trade Commission or the Justice Department remains, or (c) the occurrence of the Acceptance Time (as defined in the Transaction Agreement).",Terms,9,General,16,0.30066901445388794,False,CUAD_external,distilbert-base-uncased,CUAD,"FOUNDATIONMEDICINE,INC_02_02_2015-EX-10.2-Collaboration Agreement",cuad_257_0_3_1,Effective Date,Terms,212,34
Chase may revoke Affiliate's license at any time.,Terminations,10,Compliance With Laws,17,0.2983498275279999,False,CUAD_external,distilbert-base-uncased,CUAD,CreditcardscomInc_20070810_S-1_EX-10.33_362297_EX-10.33_Affiliate Agreement,cuad_45_0_15_0,Termination For Convenience,Terminations,49,8
knowingly use the Services in violation of this Agreement.,Terms,9,Confidentiality,15,0.2441835105419159,False,CUAD_external,distilbert-base-uncased,CUAD,OPERALTD_04_30_2020-EX-4.14-SERVICE AGREEMENT,cuad_24_0_5_1,Renewal Term,Terms,58,9
other Party pursuant to Section 8.1.,Assignments,7,Expenses,8,0.18560586869716644,False,CUAD_external,distilbert-base-uncased,CUAD,MPLXLP_06_17_2015-EX-10.1-TRANSPORTATION SERVICES AGREEMENT,cuad_232_0_18_2,Anti-Assignment,Assignments,36,6
"The channel is expected to be uploaded on August 1, 201",Terms,9,Counterparts,2,0.18271535634994507,False,CUAD_external,distilbert-base-uncased,CUAD,LEJUHOLDINGSLTD_03_12_2014-EX-10.34-INTERNET CHANNEL COOPERATION AGREEMENT,cuad_384_0_4_1,Expiration Date,Terms,55,11
In the event of such an,Assignments,7,General,16,0.1337239295244217,False,CUAD_external,distilbert-base-uncased,CUAD,IntegrityMediaInc_20010329_10-K405_EX-10.17_2373875_EX-10.17_Co-Branding Agreement,cuad_338_0_18_2,Anti-Assignment,Assignments,23,6
