mode,text,label,label_id,raw_output,predicted_label,predicted_label_id,is_invalid,invalid_reason,model_name,dataset_name,split
zero_shot,"Except as otherwise expressly provided herein (including Section 4.05, Section 4.08, Section 5.04 and Section 5.05), each party hereto shall bear its own costs and expenses (including attorneys’ fees) incurred in connection with this Agreement and the Transactions; provided , that within five (5) Business Days after the Closing Date, the Company shall reimburse the Purchaser and its Affiliates in same day funds for their reasonable and documented out-of-pocket expenses (including fees and expenses of attorneys, accountants, investment bankers and consultants) incurred in connection with the execution of this Agreement and the purchase by the Purchaser of the Shares pursuant to this Agreement, provided that such reimbursable expenses shall not exceed $500,000 in the aggregate.",Expenses,8, Expenses,Expenses,8,False,,qwen_zero_shot,LEDGAR,test
zero_shot,The waiver by any of the parties hereto of a breach of any provision of this Agreement shall not be construed as a waiver of any subsequent breach. The failure of a party to insist upon strict adherence to any provision of this Agreement on one or more occasions shall not be considered a waiver or deprive that party of the right thereafter to insist upon strict adherence to that provision or any other provision of this Agreement. Any waiver must be in writing.,Waivers,19, Waivers,Waivers,19,False,,qwen_zero_shot,LEDGAR,test
zero_shot,"Borrower has obtained and has delivered to Lender original or certified copies of all of the Policies or ACORD certificates, with all premiums prepaid thereunder, reflecting the insurance coverages, amounts and other requirements set forth in this Agreement. There are no claims currently outstanding that have been made under any of the Policies and that would have a Material Adverse Effect, and to Borrower’s Knowledge, no Person, including any Borrower, has done, by act or omission, anything which would impair the coverage of any of the Policies.",Insurances,11, Compliance With Laws,Compliance With Laws,17,False,,qwen_zero_shot,LEDGAR,test
zero_shot,"Subject to the terms and conditions set forth herein, any Borrower, or the Company on behalf of the applicable Borrower, may request the issuance of Letters of Credit denominated in Agreed Currencies for its own account or for the account of a Restricted Subsidiary, in a form reasonably acceptable to the Administrative Agent and the relevant Issuing Bank, at any time and from time to time during the Availability Period. In the event of any inconsistency between the terms and conditions of this Agreement and the terms and conditions of any Letter of Credit Agreement, the terms and conditions of this Agreement shall control. All Existing Letters of Credit shall be deemed to have been issued pursuant hereto, and from and after the Effective Date shall be governed by the terms and conditions hereof. Notwithstanding anything herein to the contrary, no Issuing Bank shall have any obligation hereunder to issue, and shall not issue, any Letter of Credit the proceeds of which would be made available to any Person (i) to fund any activity or business of or with any Sanctioned Person, or in any country or territory that, at the time of such funding, is a Sanctioned Country or (ii) in any manner that would result in a violation of any Sanctions by any party to this Agreement or (iii) in any manner that would result in a violation of one or more policies of the Issuing Bank applicable to letters of credit generally.",General,16, Indemnifications,Indemnifications,18,False,,qwen_zero_shot,LEDGAR,test
zero_shot,"Any amendment to the Plan shall be deemed to be an amendment to this Agreement to the extent that the amendment is applicable hereto; provided , however , that (a) no amendment shall adversely affect the rights of Employee under this Agreement without Employee’s written consent, and (b) Employee’s consent shall not be required to an amendment that is deemed necessary by the Company to ensure compliance with Section 409A of the Code or Section 10D of the Exchange Act.",Amendments,5, Indemnifications,Indemnifications,18,False,,qwen_zero_shot,LEDGAR,test
zero_shot,This Non-Employee Share and Cash Award Plan and each Award Agreement shall be governed by the laws of England and Wales without regard to any conflict of laws principles and the English courts will have exclusive jurisdiction in respect of all disputes arising under or in connection with the Non-Employee Share and Cash Award Plan and any Awards.,Governing Laws,0, GoverningLaws,INVALID_PREDICTION,,True,not_in_allowed_label_set,qwen_zero_shot,LEDGAR,test
zero_shot,"This Agreement and the Loan Documents contain the entire agreement between the parties. This Agreement and the Loan Documents supersede any and all other agreements and communications, either oral or in writing, between the parties hereto with respect to the subject matter of this Agreement and the Loan Documents.",Entire Agreements,3, EntireAgreements,INVALID_PREDICTION,,True,not_in_allowed_label_set,qwen_zero_shot,LEDGAR,test
zero_shot,"At the time of an origination of a Receivable by AmeriCredit or a Dealer, each Financed Vehicle is required to be covered by a comprehensive and collision insurance policy, and each Receivable permits the holder thereof to obtain physical loss and damage insurance at the expense of the Obligor if the Obligor fails to do so.",Insurances,11, Insurances,Insurances,11,False,,qwen_zero_shot,LEDGAR,test
zero_shot,"Any notice to the Company provided for in this instrument shall be addressed to the Company in care of the General Counsel and any notice to the Participant shall be addressed to such Participant at the current address shown on the payroll of the Employer. Any notice shall be delivered by hand or enclosed in a properly sealed envelope addressed as stated above, registered and deposited, postage prepaid, in a post office regularly maintained by the United States Postal Service or by the postal authority of the country in which the Participant resides or to an internationally recognized expedited mail courier.",Notices,1, Notices,Notices,1,False,,qwen_zero_shot,LEDGAR,test
zero_shot,"The RSUs and any Dividend Equivalents are governed by, and subject to, United States federal and Illinois state law (without regard to the conflict of law provisions) and the requirements of the New York Stock Exchange as well as the terms and conditions set forth in the Plan and this Agreement. For purposes of litigating any dispute that arises directly or indirectly from the relationship of the parties evidenced by the RSUs and any Dividend Equivalents or this Agreement, the parties hereby submit to and consent to the exclusive jurisdiction of the State of Illinois, agree that such litigation shall be conducted in the courts of DuPage County, Illinois, or the federal courts for the United States for the Northern District of Illinois, where this grant is made and/or to be performed.",Governing Laws,0, GoverningLaws,INVALID_PREDICTION,,True,not_in_allowed_label_set,qwen_zero_shot,LEDGAR,test
zero_shot,"This Agreement may be executed in two or more identical counterparts, all of which shall be considered one and the same agreement and shall become effective when counterparts have been signed by each party and delivered to the other party; provided that a facsimile or pdf (or other electronic reproduction) signature shall be considered due execution and shall be binding upon the signatory thereto with the same force and effect as if the signature were an original, not a facsimile or PDF (or other electronic reproduction) signature.",Counterparts,2, Counterparts,Counterparts,2,False,,qwen_zero_shot,LEDGAR,test
zero_shot,"The Bank reserves the right to sell participations in or to sell and assign its rights, duties or obligations with respect to the Term Loan to such banks, lending institutions or other parties as it may choose and without the consent of the Borrowers, provided that the Bank shall notify the Borrowers promptly following such participation or assignment. The Bank may furnish any information concerning the Borrowers in its possession from time to time to any assignee or participant (or proposed assignee or participant), provided that the Bank shall notify any such assignee or participant (or proposed assignee or participant) in connection with any contemplated participation in, or assignment of, the Term Loan, that such information is confidential and shall obtain an agreement from such transferee or participant requiring that such transferee or participant treat such information as confidential and use commercially reasonable efforts to maintain the confidentiality of same.",Assignments,7, Assignments,Assignments,7,False,,qwen_zero_shot,LEDGAR,test
zero_shot,"Unless the party to be notified otherwise notifies the other parties in writing as provided in this Section, and except as otherwise provided in this Agreement, notices shall be given to Administrative Agent by telephone, confirmed by writing, and to the Banks and to Borrower by ordinary mail or overnight courier or telecopy, receipt confirmed, addressed to such party at (i) if to the Borrower, the Administrative Agent or a Fronting Bank, its address on the signature page of this Agreement, or (ii) if to any other Bank, its address (or telecopy number) set forth in its Administrative Questionnaire. Notices shall be effective: (1) if by telephone, at the time of such telephone conversation, (2) if given by mail, three (3) calendar days after mailing; (3) if given by overnight courier, upon receipt; and (4) if given by telecopy, upon receipt if received by the recipient during its normal business hours. Notices delivered through Electronic Systems, to the extent provided in paragraph (b) below, shall be effective as provided in said paragraph (b).",Notices,1,Notices,Notices,1,False,,qwen_zero_shot,LEDGAR,test
zero_shot,"The repossession or re-entering of all or any part of the Premises shall not relieve Tenant of its liabilities and obligations under this Lease. Except as provided in this Lease, no right or remedy of either party shall be exclusive of any other right or remedy, and each right and remedy shall be cumulative and in addition to any other right and remedy now or subsequently available to such party at law or in equity. Without limiting the generality of the foregoing, in addition to the other remedies provided in this Lease, either party shall be entitled to pursue the restraint by court order of the violation of any of the provisions of this Lease or of applicable Law or to a decree compelling specific performance of any such provisions.",General,16, Compliance With Laws,Compliance With Laws,17,False,,qwen_zero_shot,LEDGAR,test
zero_shot,"All covenants, agreements, representations and warranties made by the Loan Parties in the Loan Documents and in the certificates or other instruments delivered in connection with or pursuant to this Agreement or any other Loan Document shall be considered to have been relied upon by the other parties hereto and shall survive the execution and delivery of the Loan Documents and the making of any Loans and issuance of any Letters of Credit, regardless of any investigation made by any such other party or on its behalf and notwithstanding that the Administrative Agent, the Issuing Bank or any Lender may have had notice or knowledge of any Default or incorrect representation or warranty at the time any credit is extended hereunder, and shall continue in full force and effect as long as the principal of or any accrued interest on any Loan or any fee or any other amount payable under this Agreement or any other Loan Document is outstanding and unpaid or any Letter of Credit is outstanding and so long as the Commitments have not expired or terminated. The provisions of Section 2.15 , Section 2.16 , Section 2.17 , Section 9.03 and Article VIII shall survive and remain in full force and effect regardless of the consummation of the transactions contemplated hereby, the repayment of the Loans, the expiration or termination of the Letters of Credit and the Commitments or the termination of this Agreement or any other Loan Document or any provision hereof or thereof.",Survival,6, EntireAgreements,INVALID_PREDICTION,,True,not_in_allowed_label_set,qwen_zero_shot,LEDGAR,test
zero_shot,"Any provision in this Agreement which is prohibited or unenforceable in any jurisdiction by reason of applicable law will, as to such jurisdiction, be ineffective only to the extent of such prohibition or unenforceability without invalidating or affecting the remaining provisions hereof, and any such prohibition or unenforceability in any jurisdiction will not invalidate or render unenforceable such provision in any other jurisdiction.",Severability,4, Severability,Severability,4,False,,qwen_zero_shot,LEDGAR,test
zero_shot,"This Amendment, together with the other Loan Documents, contains the entire and exclusive agreement of the parties hereto and thereto with reference to the matters discussed herein and therein. This Amendment supersedes all prior commitments, drafts, communications, discussions and understandings, oral or written, with respect thereto. This Amendment may not be modified, amended or otherwise altered except in accordance with the terms of Section 12.2 of the Credit Agreement.",Amendments,5, EntireAgreements,INVALID_PREDICTION,,True,not_in_allowed_label_set,qwen_zero_shot,LEDGAR,test
zero_shot,"This Amendment may be executed by the Parties on any number of separate counterparts, by facsimile or email, and all of those counterparts taken together will be deemed to constitute one and the same instrument; signature pages may be detached from multiple separate counterparts and attached to a single counterpart so that all signatures are physically attached to the same document. A facsimile or portable document format (“.pdf”) signature page will constitute an original for the purposes of this Section 4.1.",Counterparts,2, Counterparts,Counterparts,2,False,,qwen_zero_shot,LEDGAR,test
zero_shot,"The parties (including the arbitrators) shall keep confidential and not disclose to third-parties the existence or outcome of any arbitration proceedings, except to the extent that disclosure is required by government authorities or under applicable law, or as necessary to preserve or pursue a claim for reimbursement, contribution, or indemnity against a third-party, or to preserve or pursue an insurance claim.",Confidentiality,15, Confidentiality,Confidentiality,15,False,,qwen_zero_shot,LEDGAR,test
zero_shot,Stockholder shall execute and/or cause to be delivered to Parent such instruments and other documents and shall take such other actions as Parent may reasonably request for the purpose of carrying out the transactions contemplated by this Agreement.,Further Assurances,14, Assignments,Assignments,7,False,,qwen_zero_shot,LEDGAR,test
zero_shot,"Landlord shall pay, as part of Operating Expenses, all taxes, levies, fees, assessments and governmental charges of any kind, existing as of the Commencement Date or thereafter enacted (collectively referred to as “ Taxes ”), imposed by any federal, state, regional, municipal, local or other governmental authority or agency, including, without limitation, quasi-public agencies (collectively, “ Governmental Authority ”) during the Term, including, without limitation, all Taxes: (i) imposed on or measured by or based, in whole or in part, on rent payable to (or gross receipts received by) Landlord under this Lease and/or from the rental by Landlord of the Project or any portion thereof, or (ii) based on the square footage, assessed value or other measure or evaluation of any kind of the Premises or the Project, or (iii) assessed or imposed by or on the operation or maintenance of any portion of the Premises or the Project, including parking, or (iv) assessed or imposed by, or at the direction of, or resulting from Legal Requirements, or interpretations thereof, promulgated by any Governmental Authority, or (v) imposed as a license or other fee, charge, tax, or assessment on Landlord’s business or occupation of leasing space in the Project. Landlord may contest by appropriate legal proceedings the amount, validity, or application of any Taxes or liens securing Taxes. Taxes shall not include any net income, excess profits, franchise, gift, capital levy, capital stock, inheritance, succession, inheritance or documentary transfer taxes imposed on Landlord except to the extent such taxes are in substitution for any Taxes payable hereunder, nor shall Taxes include any fees, penalties or interest payable on account of the late payment of any Taxes (except to the extent such late payment is the result of the late payment of Additional Rent by Tenant). If any such Tax is levied or assessed directly against Tenant, then Tenant shall be responsible for and shall pay the same at such times and in such manner as the taxing authority shall require. Tenant shall pay, prior to delinquency, any and all Taxes levied or assessed against any personal property or trade fixtures placed by Tenant in the Premises, whether levied or assessed against Landlord or Tenant. If any Taxes on Tenant’s personal property or trade fixtures are levied against Landlord or Landlord’s property, or if the assessed valuation of the Project is increased by a value attributable to improvements in or alterations to the Premises, whether owned by Landlord or Tenant and whether or not affixed to the real property so as to become a part thereof, higher than the base valuation on which Landlord from time-to-time allocates Taxes to all tenants in the Project, Landlord shall have the right, but not the obligation, to pay such Taxes. Landlord’s reasonable determination of any excess assessed valuation shall be binding and conclusive, absent manifest error. The amount of any such payment by Landlord shall constitute Additional Rent due from Tenant to Landlord within 10 days following written demand therefor from Landlord.",Taxes,12,ComplianceWithLaws,INVALID_PREDICTION,,True,not_in_allowed_label_set,qwen_zero_shot,LEDGAR,test
zero_shot,Any notice required or permitted hereunder shall be given in writing and shall be deemed effectively given upon delivery to the Employee at her/his address then on file with the Company.,Notices,1, Notices,Notices,1,False,,qwen_zero_shot,LEDGAR,test
zero_shot,"No member of the Board or the Committee (each such Person, a “ Covered Person ”) shall have any liability to any Person (including any Participant) for any action taken or omitted to be taken or any determination made in good faith with respect to the Plan or any Award. Each Covered Person shall be indemnified and held harmless by the Company against and from (i) any loss, cost, liability or expense (including attorneys’ fees) that may be imposed upon or incurred by such Covered Person in connection with or resulting from any action, suit or proceeding to which such Covered Person may be a party or in which such Covered Person may be involved by reason of any action taken or omitted to be taken under the Plan or any Award Agreement, in each case, in good faith and (ii) any and all amounts paid by such Covered Person, with the Company’s approval, in settlement thereof, or paid by such Covered Person in satisfaction of any judgment in any such action, suit or proceeding against such Covered Person, provided that the Company shall have the right, at its own expense, to assume and defend any such action, suit or proceeding and, once the Company gives notice of its intent to assume the defense, the Company shall have sole control over such defense with counsel of the Company’s choice. The foregoing right of indemnification shall not be available to a Covered Person to the extent that a court of competent jurisdiction in a final judgment or other final adjudication, in either case, not subject to further appeal, determines that the acts or omissions of such Covered Person giving rise to the indemnification claim resulted from such Covered Person’s bad faith, fraud or willful misconduct. The foregoing right of indemnification shall not be exclusive of any other rights of indemnification to which Covered Persons may be entitled under the Company’s memorandum and articles of association (as may be amended from time to time), as a matter of law, or otherwise, or any other power that the Company may have to indemnify such Persons or hold them harmless.",Indemnifications,18,Indemnifications,Indemnifications,18,False,,qwen_zero_shot,LEDGAR,test
zero_shot,"It is the desire and intent of the parties hereto that the provisions of this Agreement be enforced to the fullest extent permissible under the Laws and public policies applied in each jurisdiction in which enforcement is sought. Accordingly, if any particular provision of this Agreement shall be adjudicated by a court of competent jurisdiction to be invalid, prohibited or unenforceable for any reason, such provision, as to such jurisdiction, shall be ineffective, without invalidating the remaining provisions of this Agreement or affecting the validity or enforceability of this Agreement or affecting the validity or enforceability of such provision in any other jurisdiction. Notwithstanding the foregoing, if such provision could be more narrowly drawn so as not to be invalid, prohibited or unenforceable in such jurisdiction, it shall, as to such jurisdiction, be so narrowly drawn, without invalidating the remaining provisions of this Agreement or affecting the validity or enforceability of such provision in any other jurisdiction.",Severability,4, GoverningLaws,INVALID_PREDICTION,,True,not_in_allowed_label_set,qwen_zero_shot,LEDGAR,test
zero_shot,"This Agreement may be executed in any number of counterparts, each of which so executed shall be deemed to be an original, but all of such counterparts shall together constitute but one and the same instrument.",Counterparts,2, Counterparts,Counterparts,2,False,,qwen_zero_shot,LEDGAR,test
zero_shot,"All demands, notices and communications hereunder shall be in writing and shall be deemed to have been duly given if personally delivered at or mailed by registered mail, return receipt requested, to, in the case of (i) the Issuer, at c/o Wilmington Trust, National Association, Rodney Square North, 1100 North Market Street, Wilmington, DE 19890, Attention: Corporate Trust Administration, with a copy to BMW Financial Services NA, LLC, as Administrator, at 300 Chestnut Ridge Road, Woodcliff Lake, NJ 07677, Attention: General Counsel; (ii) the Indenture Trustee and the Secured Party, at 190 South LaSalle Street, 7th Floor, Chicago, Illinois 60603, Attention: Global Structured Finance/BMW Vehicle Lease Trust 2019-1; and (iii) the Securities Intermediary, at 190 South LaSalle Street, 7th Floor, Chicago, Illinois 60603, Attention: Global Structured Finance/BMW Vehicle Lease Trust 2019-1; or as to any of such parties, at such other address as shall be designated by such party in a written notice to the other parties.",Notices,1, Notices,Notices,1,False,,qwen_zero_shot,LEDGAR,test
zero_shot,"This Amendment sets forth the entire agreement and understanding of the parties with respect to the subject matter hereof and supersedes all prior understandings and agreements, whether written or oral, among the parties hereto relating to such subject matter. For the avoidance of doubt, there are no unwritten oral agreements among the parties hereto. No representation, promise, inducement or statement of intention has been made by any party that is not embodied in this Amendment, and no party shall be bound by or liable for any alleged representation, promise, inducement or statement of intention not set forth herein.",Entire Agreements,3, EntireAgreements,INVALID_PREDICTION,,True,not_in_allowed_label_set,qwen_zero_shot,LEDGAR,test
zero_shot,"The Agreement, and all rights under it, shall be governed by and construed in accordance with the laws of the State of Delaware, without giving effect to principles of conflicts of laws.",Governing Laws,0, GoverningLaws,INVALID_PREDICTION,,True,not_in_allowed_label_set,qwen_zero_shot,LEDGAR,test
zero_shot,This Agreement (including the Exhibits and Schedules hereto) constitutes the full and entire understanding and agreement among the parties with regard to the subject matter hereof and supersedes all prior and contemporaneous agreements or understandings with respect thereto.,Entire Agreements,3, EntireAgreements,INVALID_PREDICTION,,True,not_in_allowed_label_set,qwen_zero_shot,LEDGAR,test
zero_shot,"TPC has filed all returns and reports which were required to be filed on or prior to the date hereof, and has paid all Taxes (and any related penalties, fines and interest) which have become due pursuant to such returns or reports or pursuant to any assessment which has become payable, or, to the extent its liability for any Taxes (and any related penalties, fines and interest) has not been fully discharged, the same have been properly reflected as a liability on the books and records of TPC and adequate reserves therefore have been established. All such returns and reports filed on or prior to the date hereof have been properly prepared and arc true, correct (and to the extent such returns reflect judgments made by TPC such judgments were reasonable under the circumstances) and complete in all material respects. No extension for the filing of any such return or report is currently in effect No tax return or tax return liability of TPC has been audited or, presently under audit. All taxes and any penalties. fines and interest which have been asserted to be payable as a result of any audits have been paid. TPC has not given or been requested to give waivers of any statute of limitations relating to the payment of any Taxes (or any related penalties, fines and interest). There are no claims pending for past due Taxes. All payments for withholding taxes, unemployment insurance and other amounts required to be paid for periods prior to the date hereof to any governmental authority in respect of employment obligations of TPC have been paid or shall he paid prior to the Closing and have been duly provided for on the books and records of TPC and in the financial statements of TPC.",Taxes,12, Compliance With Laws,Compliance With Laws,17,False,,qwen_zero_shot,LEDGAR,test
zero_shot,"This Amendment may be executed by the parties hereto individually or in combination, in one or more counterparts, each of which shall be an original and all of which shall constitute one and the same agreement. Delivery of an executed counterpart of a signature page by telecopier or electronic mail (in a .pdf format) shall be effective as delivery of a manually executed counterpart.",Counterparts,2, Counterparts,Counterparts,2,False,,qwen_zero_shot,LEDGAR,test
zero_shot,"Employee agrees to make no disclosure or use of any proprietary or confidential information, including without limitation, data, developments, customer information, or trade secrets belonging to the Company or learned or acquired by Employee and will take all action necessary to preserve that confidentiality. Employee shall continue to comply with any confidentiality agreements, provisions, and policies by which Employee has previously agreed to abide. For purposes of emphasis and as a reminder, portions of this Agreement set forth obligations already imposed on Employee by agreement(s) of confidentiality, whether by acceptance of the Company policy(s) or provision(s) on confidentiality in writing, by electronic affirmation of such policy(s) or provision(s), or by the fact of Employee’s employment with the Company constituting an acceptance of the confidentiality requirements in policy(s) or provision(s) applicable to employees generally including, but not limited to, obligations related to nondisclosure. This Agreement does not supersede any such confidentiality agreement(s), policy(s) or provision(s), but instead supplements the terms of all such confidentiality agreement(s), policy(s) and provision(s).",Confidentiality,15, Confidentiality,Confidentiality,15,False,,qwen_zero_shot,LEDGAR,test
zero_shot,Tax Benefit ” shall have the meaning assigned to it in Section 8.3(d) .,Indemnifications,18, Terms,Terms,9,False,,qwen_zero_shot,LEDGAR,test
zero_shot,"Trustor will obtain and maintain, or cause to be maintained, in full force and effect at all times insurance with respect to Trustor and the Property as required pursuant to the Loan Agreement. In the event Trustor fails to obtain, maintain, keep in force or deliver to Administrative Agent the policies of insurance required by the Loan Agreement in accordance with the terms thereof, Administrative Agent may (but has no obligation to) procure (upon no less than five (5) Business Days’ notice to Trustor) such insurance or single-interest insurance for such risks covering Administrative Agent’s and the Lenders’ interests, and Trustor will pay all premiums thereon promptly upon demand by Administrative Agent, and until such payment is made by Trustor, the amount advanced by Administrative Agent with respect to all such premiums will, at Administrative Agent’s option, bear interest at the Default Rate.",Insurances,11, Insurances,Insurances,11,False,,qwen_zero_shot,LEDGAR,test
zero_shot,"To the extent not subject to federal law, this Release will be governed by and construed in accordance with the law of the State of Maryland applicable to contracts made and to be performed entirely within that state.",Governing Laws,0, GoverningLaws,INVALID_PREDICTION,,True,not_in_allowed_label_set,qwen_zero_shot,LEDGAR,test
zero_shot,"To the extent that any Person is entitled to any payment in respect of Fresh Water taken from any Take Point, including any taxes, Producer shall pay or cause to be paid and agrees to hold Antero Water harmless as to the payment of all such payments or taxes. Antero Water shall not become liable for such payments or taxes, unless designated to remit those taxes on behalf of Producer by any duly constituted Governmental Authority having authority to impose such obligations on Antero Water, in which event the amount of such taxes remitted on Producer’s behalf shall be reimbursed by Producer upon receipt of invoice, with corresponding documentation from Antero Water setting forth such payments. Antero Water shall pay or cause to be paid all taxes, charges and assessments of every kind and character required by statute or by order of Governmental Authorities with respect to its facilities, including the Fresh Water Facilities. Except as provided in Exhibit H attached hereto, neither Party shall be responsible nor liable for any taxes or other statutory charges levied or assessed against the facilities of the other Party, including ad valorem tax (however assessed), used for the purpose of carrying out the provisions of this Agreement or against the net worth or capital stock of such Party. Notwithstanding the foregoing, to the extent that such payments or taxes relate to Fresh Water that is made available to a third party pursuant to Section 8.4(d) , Antero Water shall look only to such third party, and not to Producer, for payment or reimbursement of such payments and taxes to the extent relating to the Fresh Water made available to such third party, and shall use reasonable efforts to ensure that Fresh Water not subject to such payments and taxes is made available to Producer in preference to third parties.",Taxes,12, Taxes,Taxes,12,False,,qwen_zero_shot,LEDGAR,test
zero_shot,"Section 9.07 of the Credit Agreement is incorporated by reference herein as if such Section appeared herein, mutatis mutandis .",Severability,4, Counterparts,Counterparts,2,False,,qwen_zero_shot,LEDGAR,test
zero_shot,"Except as provided in this Article, no action taken or inaction pursuant to this Agreement will be deemed to constitute a waiver of compliance with any warranties, conditions or covenants contained in this Agreement and will not operate or be construed as a waiver of any subsequent breach, whether of a similar or dissimilar nature. No waiver of any right under this Agreement shall be binding unless executed in writing by the Party to be bound thereby.",Waivers,19, Severability,Severability,4,False,,qwen_zero_shot,LEDGAR,test
zero_shot,"Terms used in this Form of Terms that are defined in the Plan will have the meanings ascribed to them in the Plan. The Long-Term Incentive Program Document (the “LTI Program Document”), an administrative document adopted by the Committee which is set forth at https:/mysource.southernco.com, contains additional provisions that apply to Performance Share Awards. Performance Share Awards are subject to the terms and conditions set forth in the Plan and any other administrative documents adopted by the Committee from time to time. If there is any inconsistency between the terms herein and the terms of the Plan or any administrative document adopted by the Committee, the Plan’s terms and the administrative document’s terms will supersede and replace the conflicting terms of this Form of Terms.",Terms,9, Terms,Terms,9,False,,qwen_zero_shot,LEDGAR,test
zero_shot,"Except as set forth in the SEC Documents, the Company and each of its Subsidiaries (i) has made or filed all U.S. federal and (to the Company’s Knowledge, solely with respect to foreign and state income tax returns) foreign, state income and all other tax returns, reports and declarations required by any jurisdiction to which it is subject, (ii) has paid all taxes and other governmental assessments and charges that are material in amount, shown or determined to be due on such returns, reports and declarations, except those being contested in good faith and (iii) has set aside on its books provision reasonably adequate for the payment of all taxes yet to become due for the periods to which such returns, reports or declarations apply. All tax returns are true and correct in all material respects. There is no liability for any tax to be imposed upon its or any of its Subsidiaries’ properties or assets as of the date of this Agreement for which adequate provision has not been made. There are no unpaid taxes in any material amount claimed to be due by the taxing authority of any jurisdiction, and the officers of the Company know of no basis for any such claim. No material tax returns of the Company have been audited, and to the Company’s Knowledge, no deficiency assessment or proposed adjustment of the Company’s or the Subsidiaries material taxes is pending.",Taxes,12, Compliance With Laws,Compliance With Laws,17,False,,qwen_zero_shot,LEDGAR,test
zero_shot,"The Escrow Agent shall be indemnified and held harmless by the Company from and against any expenses, including counsel fees and disbursements, or loss suffered by the Escrow Agent in connection with any action, suit or other proceeding involving any claim which in any way, directly or indirectly, arises out of or relates to this Agreement, the services of the Escrow Agent hereunder, or the Escrow Shares held by it hereunder, other than expenses or losses arising from the gross negligence or willful misconduct of the Escrow Agent. Promptly after the receipt by the Escrow Agent of notice of any demand or claim or the commencement of any action, suit or proceeding, the Escrow Agent shall notify the other parties hereto in writing. In the event of the receipt of such notice, the Escrow Agent, in its sole discretion, may commence an action in the nature of interpleader in an appropriate court to determine ownership or disposition of the Escrow Shares or it may deposit the Escrow Shares with the clerk of any appropriate court or it may retain the Escrow Shares pending receipt of a final, non-appealable order of a court having jurisdiction over all of the parties hereto directing to whom and under what circumstances the Escrow Shares are to be disbursed and delivered. The provisions of this Section 5.2 shall survive in the event the Escrow Agent resigns or is discharged pursuant to Sections 5.5 or 5.6 below.",Indemnifications,18, Indemnifications,Indemnifications,18,False,,qwen_zero_shot,LEDGAR,test
zero_shot,"This Agreement may be executed in two counterparts, each of which shall be an original and all of which shall be deemed to constitute one and the same instrument.",Counterparts,2, Counterparts,Counterparts,2,False,,qwen_zero_shot,LEDGAR,test
zero_shot,"Promptly upon reasonable request by the Administrative Agent (i) correct any material defect or error that may be discovered in the execution, acknowledgment, filing or recordation of any Collateral Document or other document or instrument relating to any Collateral, and (ii) do, execute, acknowledge, deliver, record, re-record, file, re-file, register and re-register any and all such further acts, deeds, certificates, assurances and other instruments as the Administrative Agent may reasonably request from time to time in order to carry out more effectively the purposes of any Collateral Documents, to the extent required pursuant to the Collateral and Guarantee Requirement.",Further Assurances,14, Compliance With Laws,Compliance With Laws,17,False,,qwen_zero_shot,LEDGAR,test
zero_shot,"Upon the termination of your employment pursuant to Section 9, your rights and the Employer’s obligations to you under this Agreement shall immediately terminate except as provided in this Section 10 and Section 11(s), and you (or your heirs or estate, as applicable) shall be entitled to receive any amounts or benefits set forth below (subject in all cases to Sections 10(f), 11(q) and 11(r)). The payments and benefits provided pursuant to this Section 10 are (x) in lieu of any severance or income continuation protection under any plan of the Activision Blizzard Group that may now or hereafter exist and (y) deemed to satisfy and be in full and final settlement of all obligations of the Activision Blizzard Group to you under this Agreement. You shall have no further right to receive any other compensation benefits following your termination of employment for any reason except as set forth in this Section 10.",General,16, Severability,Severability,4,False,,qwen_zero_shot,LEDGAR,test
zero_shot,Each RSU Award shall constitute an agreement by the Company to issue or deliver shares of Common Stock or cash to the Recipient following the end of the applicable Restricted Period in consideration of the performance of services. Each such grant of Restricted Stock Units may be made without additional consideration or in consideration of a payment by such Recipient that may be less than the Fair Market Value per share of Common Stock at the date of grant.,General,16, Indemnifications,Indemnifications,18,False,,qwen_zero_shot,LEDGAR,test
zero_shot,"All costs and expenses incurred in connection with this Agreement shall be paid by the Party incurring such cost or expense, whether or not the Merger is consummated.",Expenses,8, Expenses,Expenses,8,False,,qwen_zero_shot,LEDGAR,test
zero_shot,"(i) Maintain, preserve and protect all of its material Property and equipment necessary in the operation of its business in good working order and condition, ordinary wear and tear excepted; (ii) make all necessary repairs thereto and renewals and replacements thereof except where the failure to do so could not reasonably be expected to have a Material Adverse Effect; (iii) use the standard of care typical in the industry in the operation and maintenance of its facilities; and (iv) keep the Borrowing Base Properties in good order, repair, operating condition, and appearance, causing all necessary repairs, renewals, replacements, additions, and improvements to be promptly made, and not allow any of the Borrowing Base Properties to be misused, abused or wasted or to deteriorate (ordinary wear and tear excepted).",Insurances,11, Compliance With Laws,Compliance With Laws,17,False,,qwen_zero_shot,LEDGAR,test
zero_shot,"Subject to the other terms of this Agreement, the Parties agree to execute and deliver such other instruments and perform such acts, in addition to the matters in this Agreement specified, as may be reasonably appropriate or necessary from time to time, to effectuate the intent of this Agreement.",Further Assurances,14, General,General,16,False,,qwen_zero_shot,LEDGAR,test
zero_shot,"The Committee has the right to amend, alter, suspend, discontinue or cancel any unvested Nonqualified Stock Options granted under this Agreement, prospectively or retroactively; provided, that, no such amendment shall adversely affect the Holder’s material rights or vested Nonqualified Stock Options under this Agreement without the Holder’s consent.",Amendments,5, Amendments,Amendments,5,False,,qwen_zero_shot,LEDGAR,test
zero_shot,"The Borrower will, and will cause each Principal Subsidiary to, timely file complete and correct United States federal and applicable foreign, state and local tax returns required by law and pay when due Taxes imposed upon it or upon its property, except those which are being contested in good faith by appropriate proceedings and with respect to which adequate reserves have been set aside in accordance with generally accepted accounting principles or where nonpayment could not reasonably be expected to have a Material Adverse Effect.",Taxes,12, Compliance With Laws,Compliance With Laws,17,False,,qwen_zero_shot,LEDGAR,test
zero_shot,"The Parent shall, and shall cause each of its Subsidiaries to, comply with all laws, rules, regulations and orders of any Governmental Authority applicable to it or its Property, except where the failure to do so, individually or in the aggregate, could not reasonably be expected to result in a Material Adverse Effect.",Compliance With Laws,17, Compliance With Laws,Compliance With Laws,17,False,,qwen_zero_shot,LEDGAR,test
zero_shot,"All notices, approvals, requests, demands and other communications hereunder shall be delivered or made in the manner set forth in, and shall be effective in accordance with the terms of, the Credit Agreement; provided , that, to the extent any such communication (i) is being made or sent to a Grantor such communication shall be effective as to such Grantor if made or sent to the Borrower or in accordance with the foregoing or (ii) is being made or sent to the Agent, such communication shall be made to the Agent at the address set forth below the Agent’s signature hereto. The Grantors and the Agent may change their respective notice addresses by written notice given to the other parties hereto 10 days following the effectiveness of such change.",Notices,1, Notices,Notices,1,False,,qwen_zero_shot,LEDGAR,test
zero_shot,"Except as set forth on Schedule 3.6 as of the Closing Date, and except as hereafter disclosed to Lender in writing (including disclosures pursuant to Section 4.9 or otherwise, it being understood that any such disclosures shall not act as a consent or waiver of any Default or Event of Default arising under Section 4.9, Section 10.1(h) or any other provision of this Agreement), there is no Litigation pending against, or to such Credit Party’s knowledge threatened against or affecting, any Credit Party or, to such Credit Party’s knowledge, any party to any Operative Document other than a Credit Party. Other than as disclosed on Schedule 3.6, there is no Litigation pending in which an adverse decision could reasonably be expected to have a Material Adverse Effect or which in any manner draws into question the validity of any of the Operative Documents.",Litigations,13, Litigations,Litigations,13,False,,qwen_zero_shot,LEDGAR,test
zero_shot,"If, prior to the appointment of a permanent Chief Executive Officer of CBS other than yourself, a Corporate Event should be consummated during the period beginning October 1, 2019 and ending December 31, 2019 (a “Qualifying Corporate Event”), the Expiration Date shall, if requested by the Board, be extended for a period of up to ninety (90) days following consummation of the Qualifying Corporate Event, but in no event beyond March 31, 2020. The Board shall provide you with written notice of its request (including the length of the requested extension) at least ten (10) business days prior to the consummation of the Qualifying Corporate Event.",Terms,9, Terminations,Terminations,10,False,,qwen_zero_shot,LEDGAR,test
zero_shot,"This Agreement may be executed in any number of counterparts, each of which need not contain the signature of more than one Party but all such counterparts taken together shall constitute one and the same agreement, and may be executed through exchange of original signatures or electronic copies (PDF).",Counterparts,2, Counterparts,Counterparts,2,False,,qwen_zero_shot,LEDGAR,test
zero_shot,"Each Creditor agrees to indemnify the Collateral Agent and each of its Affiliates, and each of their respective directors, officers, employees, agents and advisors (to the extent not reimbursed by the Borrower), from and against such Lender’s ratable share (calculated based on the outstanding principal amount of the Secured Obligations owing to, including commitments of, such Creditors) of any and all liabilities, obligations, losses, damages, penalties, actions, judgments, suits, costs, expenses and disbursements (including fees, expenses and disbursements of financial and legal advisors) of any kind or nature whatsoever that may be imposed on, incurred by, or asserted against, the Collateral Agent or any of its Affiliates, directors, officers, employees, agents and advisors in any way relating to or arising out of this Agreement or the Transaction Documents or any action taken or omitted by the Collateral Agent under this Agreement or the other Transaction Documents; provided , that no such Lender shall be liable for any portion of such liabilities, obligations, losses, damages, penalties, actions, judgments, suits, costs, expenses or disbursements resulting from such Collateral Agent’s or such Affiliate’s gross negligence, bad faith or willful misconduct. Without limiting the foregoing, each such Lender further agrees to reimburse the Collateral Agent promptly upon demand for its ratable share (calculated based on the outstanding principal amount of the Secured Obligations owing to, and commitments of, such Creditors) of any out-of-pocket expenses (including fees, expenses and disbursements of financial and legal advisors) incurred by the Collateral Agent in connection with the preparation, execution, delivery, administration, modification, amendment or enforcement (whether through negotiations, legal proceedings or otherwise) of, or legal advice in respect of its rights or responsibilities under, this Agreement or the Transaction Documents, to the extent that the Collateral Agent is not reimbursed therefor by the Borrower.",Indemnifications,18,Indemnifications,Indemnifications,18,False,,qwen_zero_shot,LEDGAR,test
zero_shot,"This Agreement shall be governed by the internal laws (as opposed to the conflicts of law provisions) of the State of Colorado. The Parties agree that any and all disputes, claims or controversies arising out of or relating to this Agreement other than with respect to Section 6 shall be submitted to JAMS, (Denver Colorado office) or its successor, for mediation. Either party may commence mediation by providing to JAMS and the other party a written request for mediation, setting forth the subject of the dispute and the relief requested. The Parties will cooperate with JAMS and with one another in selecting a mediator from the JAMS panel of neutrals and in scheduling the mediation proceedings. The Parties agree that they will participate in the mediation in good faith and that all mediation costs will be borne by the Company. All offers, promises, conduct and statements, whether oral or written, made in the course of the mediation by any of the Parties, their agents, employees, experts and attorneys, and by the mediator or any JAMS employees, are confidential, privileged and inadmissible for any purpose, including impeachment, in any proceeding involving the Parties, provided that evidence that is otherwise admissible or discoverable shall not be rendered inadmissible or non-discoverable as a result of its use in the mediation.",Governing Laws,0, GoverningLaws,INVALID_PREDICTION,,True,not_in_allowed_label_set,qwen_zero_shot,LEDGAR,test
zero_shot,"The BAC shall administer the Plan in accordance with its terms and shall have all powers necessary to carry out the provisions of the Plan. The BAC shall direct the Trustee concerning all payments which shall be made out of the Trust pursuant to the Plan. The BAC shall have the discretionary authority to interpret and construe the terms of the Plan and determine all questions arising in the administration, interpretation, and application of the Plan, such determinations to be presumptively conclusive and binding on all persons to the maximum extent allowed by law, and uniformly and consistently applied to all persons in similar circumstances; adopt such rules and procedures as it deems necessary, desirable or appropriate for the administration of the Plan; appoint such agents, counsel, accountants, consultants and other persons as may be required to administer the Plan; determine all claims for benefits, and take such further action as the BAC shall deem advisable in the administration of the Plan.",General,16, Compliance With Laws,Compliance With Laws,17,False,,qwen_zero_shot,LEDGAR,test
zero_shot,"The invalidity or unenforceability of any provision of this Plan shall not affect the validity or enforceability of any other provision of this Plan, which shall remain in full force and effect, and any prohibition or unenforceability in any jurisdiction, shall not invalidate or render unenforceable such provision in any other jurisdiction.",Severability,4, Severability,Severability,4,False,,qwen_zero_shot,LEDGAR,test
zero_shot,"Any and all notices or other communications or deliveries required or permitted to be provided hereunder shall be in writing and shall be deemed given and effective on the earliest of: (a) the date of transmission, if such notice or communication is delivered via facsimile at the facsimile number set forth on the signature pages attached hereto at or prior to 4:00 p.m. (New York City time) on a Trading Day, (b) the next Trading Day after the date of transmission, if such notice or communication is delivered via facsimile at the facsimile number set forth on the signature pages attached hereto on a day that is not a Trading Day or later than 4:00 p.m. (New York City time) on any Trading Day, (c) the second (2 nd ) Trading Day following the date of mailing, if sent by U.S. nationally recognized overnight courier service or (d) upon actual receipt by the party to whom such notice is required to be given. The address for such notices and communications shall be as set forth on the signature pages attached hereto.",Notices,1,Notices,Notices,1,False,,qwen_zero_shot,LEDGAR,test
zero_shot,"The waiver by either party hereto of a breach of any provision of this Agreement shall not operate or be construed as a waiver of any subsequent breach. Notice or knowledge of any matter shall not constitute a waiver of any representation or warranty with respect to such matter. The waiver by any Party of any breach of any provision shall not be construed as a waiver of any other provision by such party. Each Party shall have the right to waive fulfillment of a condition or covenant or compliance with a representation or warranty of which it is the beneficiary, but such waiver may be made only by written instrument executed by such Party.",Waivers,19, Waivers,Waivers,19,False,,qwen_zero_shot,LEDGAR,test
zero_shot,"The parties to each assignment shall execute and deliver to the Administrative Agent an Assignment and Assumption, together with a processing and recordation fee of $3,500 for each assignment; provided that (A) only one such fee will be payable in connection with simultaneous assignments to two or more related Approved Funds by a Lender and (B) the Administrative Agent may, in its sole discretion, elect to waive such processing and recordation fee in the case of any assignment. The assignee, if it is not a Lender, shall deliver to the Administrative Agent an Administrative Questionnaire.",Assignments,7, Assignments,Assignments,7,False,,qwen_zero_shot,LEDGAR,test
zero_shot,"Upon reasonable request of the Lender whenever made, any Grantor shall promptly execute and deliver to the Lender such Collateral Assignment Agreements as the Lender shall request in connection with Grantor’s intellectual property. Grantor agrees that it will take such action, and deliver such documents or instruments, as the Lender shall reasonably request in connection with the preparation, filing or registration and enforcement of any Collateral Assignment Agreement.",Further Assurances,14, Indemnifications,Indemnifications,18,False,,qwen_zero_shot,LEDGAR,test
zero_shot,"Borrower shall, and shall cause each Credit Party to, keep its business and the Collateral insured for risks and in amounts standard for companies in Borrower’s industry and location and as Agent may reasonably request. Insurance policies shall be in a form, with companies, and in amounts that are satisfactory to Agent. All property policies shall have a lender’s loss payable endorsement showing Agent as primary lender’s loss payee and waive subrogation against Agent, and all liability policies shall show, or have endorsements showing, Agent as an additional insured. No other loss payees may be shown on the policies other than (i) loss payees showing on such policies as of the Closing Date and (ii) as Agent shall otherwise consent in writing. If required by Agent, all policies (or the loss payable and additional insured endorsements) shall provide that the insurer shall endeavor to give Agent at least [***] ( [***] for non-payment of premium) notice before canceling, amending, or declining to renew its policy. At Agent’s request, Borrower shall deliver certified copies of all such Credit Party insurance policies and evidence of all premium payments. If any Credit Party fails to obtain insurance as required under this Section 6.5 or to pay any amount or furnish any required proof of payment to third persons and Agent, Agent may make all or part of such payment or obtain such insurance policies required in this Section 6.5, and take any action under the policies Agent deems prudent.",Insurances,11,Insurances,Insurances,11,False,,qwen_zero_shot,LEDGAR,test
zero_shot,"The term of employment under this Agreement shall be for the period beginning on the Commencement Date and ending on the close of business on January 4, 2021 (the “Term”), or such earlier date upon which the Executive’s employment is terminated by either Party in accordance with the provisions of this Agreement.",Terms,9, Terms,Terms,9,False,,qwen_zero_shot,LEDGAR,test
zero_shot,"This Amendment may be executed in any number of counterparts (including counterparts by facsimile or electronic mail), each of which shall be deemed an original, but all of which together shall constitute one and the same instrument.",Counterparts,2, Counterparts,Counterparts,2,False,,qwen_zero_shot,LEDGAR,test
zero_shot,"Each Party shall deliver all notices, requests, consents, claims, demands, waivers and other communications under this Agreement in writing and addressed to the other Party at its address set forth below (or to such other address that the receiving Party may designate from time to time in accordance with this section). Each Party shall deliver all n otices by personal delivery, nationally recognized overnight courier, or certified or registered mail (in each case, return receipt requested, postage prepaid). Except as otherwise provided in this Agreement, a n otice is effective only upon on receipt or refusal.",Notices,1, Notices,Notices,1,False,,qwen_zero_shot,LEDGAR,test
zero_shot,"In the event that any provision of this Agreement is invalid or unenforceable under any applicable statute or rule of law, then such provision shall be deemed inoperative to the extent that it may conflict therewith and shall be deemed modified to conform with such statute or rule of law. Any provision hereof which may prove in valid or unenforceable under any law shall not affect the validity or enforceability of any other provision hereof.",Severability,4, Severability,Severability,4,False,,qwen_zero_shot,LEDGAR,test
zero_shot,"Except as otherwise expressly provided herein, all costs and expenses, including, without limitation, fees and disbursements of counsel, financial advisors, and accountants incurred in connection with this Agreement and the transactions contemplated hereby shall be paid by the party incurring such costs and expenses, whether or not the Closing shall have occurred.",Expenses,8, Expenses,Expenses,8,False,,qwen_zero_shot,LEDGAR,test
zero_shot,"The provisions of this Agreement that by their terms are intended to continue beyond the termination of the Executive’s employment, including but not limited to Section 5, 6, 7, 8, 9, 10 and 11 hereof, shall survive such termination of employment and shall continue in effect for the respective periods therein provided or contemplated.",Survival,6, Survival,Survival,6,False,,qwen_zero_shot,LEDGAR,test
zero_shot,"If any term or provision of this Agreement shall be held or declared to be invalid, unenforceable, or illegal, for any reason, by any court of competent jurisdiction, such invalidity, unenforceability, or illegality shall not affect any other term or provision of this Agreement or invalidate or render unenforceable such term or provision in any other jurisdiction. Upon such determination that any term or other provision is invalid, unenforceable, or illegal, the parties hereto shall negotiate in good faith to modify this Agreement so as to effect the original intent of the parties as closely as possible in a mutually acceptable manner in order that the transactions contemplated hereby be consummated as originally contemplated to the greatest extent possible.",Severability,4, Severability,Severability,4,False,,qwen_zero_shot,LEDGAR,test
zero_shot,"Nothing herein or in the Plan will be construed as conferring on the Optionee or anyone else the right to continue in the employ of the Corporation or any Subsidiary. This Agreement will be governed by and construed in accordance with the laws of the State of Delaware, without reference to the principles of conflict of laws thereof.",Governing Laws,0, GoverningLaws,INVALID_PREDICTION,,True,not_in_allowed_label_set,qwen_zero_shot,LEDGAR,test
zero_shot,"Except to the extent that any law of the United States may apply, this Agreement shall be governed and interpreted according to the laws of Florida (the ""Governing Law State""), without regard to any choice of law, rules or principles to the contrary. Nothing in this paragraph shall be construed to limit or otherwise affect any rights or remedies of the Bank under federal law.",Governing Laws,0, GoverningLaws,INVALID_PREDICTION,,True,not_in_allowed_label_set,qwen_zero_shot,LEDGAR,test
zero_shot,Each party’s obligations under this Section shall survive the Discharge of Obligations.,Survival,6, Survival,Survival,6,False,,qwen_zero_shot,LEDGAR,test
zero_shot,"The Option shall become exercisable in the manner provided below, if the Grantee continues to be Employed by the Employer (as defined in Paragraph 9) through the applicable date. For this purpose, the term “Shares” refers to the number of shares of Common Stock underlying the Option that vests in the manner described under Vest Type and Vesting Requirements. The term “ Vest Type ” describes how the Option covering the Shares vest. The term “ Full Vest Date ” summarizes the vesting requirements further described in Paragraph 2(b) below.",General,16, Terms,Terms,9,False,,qwen_zero_shot,LEDGAR,test
zero_shot,"The Administrator has the right to amend, alter, suspend, discontinue or cancel the PSUs, prospectively or retroactively; provided , however , that, no such amendment shall adversely affect Participant's material rights under this Agreement without Participant's consent.",Amendments,5, Amendments,Amendments,5,False,,qwen_zero_shot,LEDGAR,test
zero_shot,"Comply with all applicable laws, rules, regulations and orders, such compliance to include, without limitation, compliance with ERISA and Environmental Laws as provided in Section 5.01(j), if failure to comply with such requirements would have a Material Adverse Effect, and maintain in effect and enforce policies and procedures designed to promote compliance by the Company, its Subsidiaries and their respective directors, officers, and employees, in each case when acting on behalf of the Company or its Subsidiaries in all material respects with Anti-Corruption Laws and applicable Sanctions.",Compliance With Laws,17, Compliance With Laws,Compliance With Laws,17,False,,qwen_zero_shot,LEDGAR,test
zero_shot,"This Fourth Amendment may be executed in counterparts, each of which shall be deemed an original. Facsimile copies or PDF copies sent by email of this Fourth Amendment and any signatures thereon shall be considered for all purposes as originals.",Counterparts,2, Counterparts,Counterparts,2,False,,qwen_zero_shot,LEDGAR,test
zero_shot,"The Plan, the Grant Notice and this Agreement (including any exhibit hereto) constitute the entire agreement of the parties and supersede in their entirety all prior undertakings and agreements of the Company and Participant with respect to the subject matter hereof.",Entire Agreements,3, EntireAgreements,INVALID_PREDICTION,,True,not_in_allowed_label_set,qwen_zero_shot,LEDGAR,test
zero_shot,"The Compensation and Management Development Committee of the Board may amend or terminate the Plan at any time. Notwithstanding the foregoing, the Administrative Committee may adopt any amendment to the Plan as it shall deem necessary or appropriate to (i) maintain compliance with current laws and regulations, (ii) correct errors and omissions in the Plan document, and (iii) facilitate the administration and operation of the Plan. The Administrative Committee shall notify the Management Development Committee of the Board of any such amendments to the Plan within a reasonable period of time following such amendment.",Terminations,10, ComplianceWithLaws,INVALID_PREDICTION,,True,not_in_allowed_label_set,qwen_zero_shot,LEDGAR,test
zero_shot,"The term of this Agreement shall commence on January 1, 2019, and shall continue until December 31, 2021. This Agreement is binding, however, only during the periods, which the Track is authorized to operate “permitted activities” as, defined in the Race Track Video Lottery Act of 1994.",Terms,9, Compliance With Laws,Compliance With Laws,17,False,,qwen_zero_shot,LEDGAR,test
zero_shot,"This Agreement may not be assigned by the Employee. Neither the Employee, his spouse, nor his estate shall have any right to commute, encumber or dispose of any right to receive payments hereunder, it being understood that such payments and the right thereto are nonassignable and nontransferable. This Agreement may be assigned by the Company.",Assignments,7, Assignments,Assignments,7,False,,qwen_zero_shot,LEDGAR,test
zero_shot,"Except as otherwise provided in this Agreement, any failure of any party to comply with any obligation, covenant, agreement or condition herein may be waived by the party entitled to the benefits thereof only by a written instrument signed by the party granting such waiver, but such waiver or failure to insist upon strict compliance with such obligation, covenant, agreement or condition will not operate as a waiver of, or estoppel with respect to, any subsequent or other failure.",Waivers,19, Severability,Severability,4,False,,qwen_zero_shot,LEDGAR,test
zero_shot,"If any provision of this Agreement shall be found by a court to be invalid or unenforceable, in whole or in part, then such provision shall be construed and/or modified or restricted to the extent and in the manner necessary to render the same valid and enforceable, or shall be deemed excised from this Agreement, as the case may require, and this Agreement shall be construed and enforced to the maximum extent permitted by law, as if such provision had been originally incorporated herein as so modified or restricted, or as if such provision had not been originally incorporated herein, as the case may be. The parties further agree to seek a lawful substitute for any provision found to be unlawful; provided, that, if the parties are unable to agree upon a lawful substitute, the parties desire and request that a court or other authority called upon to decide the enforceability of this Agreement modify the Agreement so that, once modified, the Agreement will be enforceable to the maximum extent permitted by the law in existence at the time of the requested enforcement.",Severability,4, Severability,Severability,4,False,,qwen_zero_shot,LEDGAR,test
zero_shot,"Any notice to be given to the Company or the Committee pursuant to the provisions of the Plan shall be in writing and directed to the Secretary of the Company at 400 Wood Road, Braintree, MA 02169.",Notices,1, Notices,Notices,1,False,,qwen_zero_shot,LEDGAR,test
zero_shot,"This Agreement and the Confidentiality Agreement (including all exhibits and schedules attached hereto and thereto) together set forth the compete, entire, and final agreement between the Company and Executive relating to the subject matter hereof and terminates, cancels, and supersedes any and all prior agreements, communications, contracts, representations, or understandings, in each case whether oral or written, between the Company and Executive relating to the subject matter hereof. No amendment, modification, or supplement to this Agreement is valid, binding, or enforceable unless the same is in writing and executed and delivered on behalf of the Company and by Executive.",Entire Agreements,3, EntireAgreements,INVALID_PREDICTION,,True,not_in_allowed_label_set,qwen_zero_shot,LEDGAR,test
zero_shot,"Notices and communications under this Agreement must be in writing and either personally delivered or sent by registered or certified United States mail, return receipt requested, postage prepaid. Notices to the Company must be addressed to The Wendy’s Company, One Dave Thomas Boulevard, Dublin, Ohio 43017, Attention: Corporate Secretary, or any other address designated by the Company in a written notice to the Participant. Notices to the Participant will be directed to the address of the Participant then currently on file with the Company, or at any other address given by the Participant in a written notice to the Company.",Notices,1, Notices,Notices,1,False,,qwen_zero_shot,LEDGAR,test
zero_shot,This Agreement may be amended or modified only in writing signed by each party hereto.,Amendments,5, Amendments,Amendments,5,False,,qwen_zero_shot,LEDGAR,test
zero_shot,"The term of this Agreement shall commence on the Effective Date and shall continue until May 8 th , 2020 (the “Consultation Period”).",Terms,9, Terminations,Terminations,10,False,,qwen_zero_shot,LEDGAR,test
zero_shot,"All notices required or permitted hereunder shall be effective upon receipt if delivered in person, if sent by electronic transmission or if sent by overnight courier (such as FedEx) or ordinary, certified, or express mail, postage fully prepaid to the address specified in the introductory paragraph hereof or to such other address as may, from time to time, be designated in writing by the party to be notified.",Notices,1, Notices,Notices,1,False,,qwen_zero_shot,LEDGAR,test
zero_shot,THIS AGREEMENT OF DEFINITIONS SHALL BE CONSTRUED IN ACCORDANCE WITH THE INTERNAL LAWS OF THE STATE OF NEW YORK WITHOUT REGARD TO ANY OTHERWISE APPLICABLE PRINCIPLES OF CONFLICT OF LAWS (OTHER THAN SECTION 5-1401 OF THE NEW YORK GENERAL OBLIGATION LAW).,Governing Laws,0, GoverningLaws,INVALID_PREDICTION,,True,not_in_allowed_label_set,qwen_zero_shot,LEDGAR,test
zero_shot,"There is no action, suit or proceeding pending against, or to the knowledge of the Company threatened against, the Company or any of its Subsidiaries before any court or arbitrator or any governmental body, agency or official (a) which has or would be reasonably expected to have a Material Adverse Effect, or (b) which in any manner draws into question the validity or enforceability of this Agreement or any other Credit Document. The Company has reasonably concluded that its compliance with Environmental Laws is unlikely to result in a Material Adverse Effect.",Litigations,13, Compliance With Laws,Compliance With Laws,17,False,,qwen_zero_shot,LEDGAR,test
zero_shot,"Borrower shall pay Lender (a) the Facility Fee in the amount of $23,529 (the “Facility Fee”), (b) an amendment fee in the amount of $1,000 (the “Amendment Fee”), and (c) all out-of-pocket expenses.",Expenses,8, Expenses,Expenses,8,False,,qwen_zero_shot,LEDGAR,test
zero_shot,"In the event of the consummation or public announcement of any Offering, Wainwright shall have the right to disclose its participation in such Offering, including, without limitation, the Offering at its cost of “tombstone” advertisements in financial and other newspapers and journals. Wainwright agrees to use all material nonpublic information provided to it by the Company or on its behalf, if any, solely for the purpose of providing the services that are the subject of this Agreement. This undertaking will automatically terminate one year following the termination or expiration of this Agreement.",Confidentiality,15, Terminations,Terminations,10,False,,qwen_zero_shot,LEDGAR,test
zero_shot,"This Amendment may be executed in any number of counterparts, each of which when so executed and delivered shall be deemed to be an original, and all of which taken together shall constitute but one and the same instrument. The transmission or receipt of a facsimile or similar communication being a reproduction of a party’s signature or initial shall produce the same legal result as the transmission or receipt of an original signature or initial.",Counterparts,2, Counterparts,Counterparts,2,False,,qwen_zero_shot,LEDGAR,test
zero_shot,"Observe and remain in compliance with all Applicable Laws (including ERISA and Environmental Laws) applicable to it, except where the failure to do so could not reasonably be expected to have a Material Adverse Effect.",Compliance With Laws,17, Compliance With Laws,Compliance With Laws,17,False,,qwen_zero_shot,LEDGAR,test
zero_shot,"This Agreement shall not be assignable by either party except by the Company to any successor in interest of the Company’s business, which assumes the obligations of the Company hereunder.",Assignments,7, Assignments,Assignments,7,False,,qwen_zero_shot,LEDGAR,test
zero_shot,"This Warrant shall be governed by and construed in accordance with the laws of the State of Nevada without regard to principles of conflicts of laws. Any action brought by either party against the other concerning the transactions contemplated by this Warrant shall be brought only in the state courts of Massachusetts or in the federal courts located in the Commonwealth of Massachusetts. The parties to this Warrant hereby irrevocably waive any objection to jurisdiction and venue of any action instituted hereunder and shall not assert any defense based on lack of jurisdiction or venue or based upon forum non conveniens . THE BORROWER HEREBY IRREVOCABLY WAIVES ANY RIGHT IT MAY HAVE TO, AND AGREES NOT TO REQUEST, A JURY TRIAL FOR THE ADJUDICATION OF ANY DISPUTE HEREUNDER OR IN CONNECTION WITH OR ARISING OUT OF THIS WARRANT OR ANY TRANSACTION CONTEMPLATED HEREBY . The prevailing party shall be entitled to recover from the other party its reasonable attorney’s fees and costs. In the event that any provision of this Warrant or any other agreement delivered in connection herewith is invalid or unenforceable under any applicable statute or rule of law, then such provision shall be deemed inoperative to the extent that it may conflict therewith and shall be deemed modified to conform with such statute or rule of law. Any such provision which may prove invalid or unenforceable under any law shall not affect the validity or enforceability of any other provision of any agreement. Each party hereby irrevocably waives personal service of process and consents to process being served in any suit, action or proceeding in connection with this Agreement or any other Transaction Document by mailing a copy thereof via registered or certified mail or overnight delivery (with evidence of delivery) to such party at the address in effect for notices to it under this Agreement and agrees that such service shall constitute good and sufficient service of process and notice thereof. Nothing contained herein shall be deemed to limit in any way any right to serve process in any other manner permitted by law.",Governing Laws,0, GoverningLaws,INVALID_PREDICTION,,True,not_in_allowed_label_set,qwen_zero_shot,LEDGAR,test
zero_shot,"This Agreement represents the entire agreement and understanding between the Company and Executive concerning the subject matter of this Agreement and Executive’s employment with and separation from the Company and the events leading thereto and associated therewith, and supersedes and replaces any and all prior agreements and understandings concerning the subject matter of this Agreement and Executive’s relationship with the Company, with the exception of the Severance Agreement, the Confidentiality Agreement, and Executive’s written equity compensation agreements with the Company.",Entire Agreements,3, EntireAgreements,INVALID_PREDICTION,,True,not_in_allowed_label_set,qwen_zero_shot,LEDGAR,test
zero_shot,THIS AGREEMENT SHALL BE GOVERNED BY AND CONSTRUED IN ACCORDANCE WITH THE LAWS OF THE STATE OF DELAWARE WITHOUT GIVING EFFECT TO THE CHOICE OF LAW PRINCIPLES OF SUCH STATE THAT WOULD REQUIRE OR PERMIT THE APPLICATION OF THE LAWS OF ANOTHER JURISDICTION.,Governing Laws,0, GoverningLaws,INVALID_PREDICTION,,True,not_in_allowed_label_set,qwen_zero_shot,LEDGAR,test
zero_shot,"Pledgor will, from time to time, timely pay and discharge (or cause to be paid or discharged) all taxes, assessments and other governmental charges imposed upon the Collateral or any part thereof or upon the income or profits therefrom, and also all taxes, assessments and other governmental charges imposed upon the lien or interest of Lender under this Agreement or in respect of the Collateral.",Taxes,12, Insurances,Insurances,11,False,,qwen_zero_shot,LEDGAR,test
zero_shot,"The Award of Performance Shares (as set forth on the cover page of this Award Agreement) is subject to all the terms and conditions of the Tyson Foods, Inc. 2000 Stock Incentive Plan or any successors thereto, as such plan or its successors may be amended and restated from time to time (the “Plan”). Unless otherwise defined herein, all capitalized terms in this Award Agreement shall have the meaning stated in the Plan. Please see the Plan document for more information on these terms and conditions. A copy of the Plan is available upon request.",Terms,9, EntireAgreements,INVALID_PREDICTION,,True,not_in_allowed_label_set,qwen_zero_shot,LEDGAR,test
zero_shot,"If Participant’s Service as an Employee or Director terminates for any reason, all unvested RSUs will be forfeited to Redfin immediately, and all rights of Participant to such RSUs automatically terminate without payment of any consideration to Participant, unless the Committee otherwise determines. Participant’s Service as an Employee or Director will be considered terminated as of the date Participant is no longer providing services as an Employee or Director (regardless of the reason for such termination and whether or not later found to be invalid or in breach of employment laws in the jurisdiction where Participant is employed or the terms of Participant’s employment agreement, if any) and will not, subject to the laws applicable to Participant’s Award, be extended by any notice period mandated under local laws (e.g., Service would not include a period of “garden leave” or similar period). Participant acknowledges and agrees that the Vesting Schedule may change prospectively in the event Participant’s service status changes between full- and part-time status and/or in the event Participant is on an approved leave of absence in accordance with Redfin’s policies relating to work schedules and vesting of awards or as determined by the Committee. Participant acknowledges that the vesting of the Shares pursuant to the Notice and this Agreement is subject to Participant’s continued Service as an Employee or Director, unless the Committee otherwise determines. In case of any dispute as to whether termination of Service as an Employee or Director has occurred, the Committee will have sole discretion to determine whether such termination of Service as an Employee or Director has occurred and the effective date of such termination (including whether Participant may still be considered to be providing services while on an approved leave of absence).",Terminations,10,Terminations,Terminations,10,False,,qwen_zero_shot,LEDGAR,test
zero_shot,THIS DEED AND THE RIGHTS AND OBLIGATIONS OF THE PARTIES UNDER THIS DEED SHALL BE CONSTRUED IN ACCORDANCE WITH AND GOVERNED BY THE LAWS OF THE BAHAMAS.,Governing Laws,0, GoverningLaws,INVALID_PREDICTION,,True,not_in_allowed_label_set,qwen_zero_shot,LEDGAR,test
zero_shot,"Subject to Section 41.5 of the Master Lease, this Amendment shall be governed by, and construed and enforced in accordance with, the internal laws of the State of New York without regard to conflicts of laws principals.",Governing Laws,0, GoverningLaws,INVALID_PREDICTION,,True,not_in_allowed_label_set,qwen_zero_shot,LEDGAR,test
zero_shot,"This Agreement, together with the schedules attached hereto, contain the entire understanding of the parties with respect to the subject matter hereof and supersede all prior agreements and understandings, oral or written with respect to such matters.",Entire Agreements,3, EntireAgreements,INVALID_PREDICTION,,True,not_in_allowed_label_set,qwen_zero_shot,LEDGAR,test
zero_shot,"This Joinder Agreement may be executed in multiple counterparts, each of which shall constitute an original but all of which when taken together shall constitute one and the same instrument. Section 10.13 of the Loan Agreement (the joint borrower provisions) is by this reference hereby incorporated herein in its entirety.",Counterparts,2, Counterparts,Counterparts,2,False,,qwen_zero_shot,LEDGAR,test
zero_shot,"If any part of this Agreement is construed to be in violation of any law, such part shall be modified to achieve the objective of the Parties to the fullest extent permitted and the balance of this Agreement shall remain in full force and effect.",Severability,4, Severability,Severability,4,False,,qwen_zero_shot,LEDGAR,test
zero_shot,"The Company reserves the right to amend the Plan at any time to comply with Code §409A and Applicable Guidance or for any other purpose, provided that such amendment will not result in taxation to any Participant under Code §409A. Except as the Plan and Applicable Guidance otherwise may require, the Company may make any such amendments effective immediately.",Amendments,5, Amendments,Amendments,5,False,,qwen_zero_shot,LEDGAR,test
zero_shot,"The Borrower shall immediately notify Administrative Agent in writing of: (i) the discovery of any Hazardous Materials on, under or about the Property and Improvements; (ii) any knowledge by Borrower that the Property and Improvements do not comply with any Hazardous Materials Laws; (iii) any Hazardous Materials Claims.",Notices,1, Compliance With Laws,Compliance With Laws,17,False,,qwen_zero_shot,LEDGAR,test
zero_shot,"The rights and interests of the Participant under this Grant Letter may not be sold, assigned, encumbered or otherwise transferred except, in the event of the death of the Participant, by will or by the laws of descent and distribution. The rights and protections of the Company hereunder shall extend to any successors or assigns of the Company and to the Company’s parents, subsidiaries, and affiliates.",Assignments,7, Assignments,Assignments,7,False,,qwen_zero_shot,LEDGAR,test
zero_shot,"Each party hereto shall do and perform, or cause to be done and performed, all such further acts and things, and shall execute and deliver all such other agreements, certificates, instruments and documents, as the other party may reasonably request in order to carry out the intent and accomplish the purposes of this Agreement and the consummation of the transactions contemplated hereby.",Further Assurances,14, FurtherAssurances,INVALID_PREDICTION,,True,not_in_allowed_label_set,qwen_zero_shot,LEDGAR,test
zero_shot,"The Consolidated Parties have filed all Federal and state income and other material tax returns and reports required to be filed, and have paid all Federal and state income and other material taxes, assessments, fees and other governmental charges levied or imposed upon them or their properties, income or assets otherwise due and payable, except those which are being contested in good faith by appropriate proceedings diligently conducted and for which adequate reserves have been provided in accordance with GAAP. There is no proposed tax assessment against any Consolidated Party that would, if made, have a Material Adverse Effect. No Consolidated Party nor any Subsidiary thereof is party to any tax sharing agreement; provided, however , that any tax protection agreement entered into with a contributor of property to a Consolidated Party (but only to the extent the indemnity or other obligation to such contributor under such tax protection agreement is limited to any capital gains tax that would be due upon a sale or other Disposition of such contributed property and either (i) is limited to an amount that does not exceed one percent (1%) of the total assets of such Consolidated Party or (ii) exceeds one percent (1%) but less than five percent (5%) of the total assets of such Consolidated Party but which indemnity is only triggered by a sale or other Disposition of such contributed property) shall not be considered a tax sharing agreement.",Taxes,12, Compliance With Laws,Compliance With Laws,17,False,,qwen_zero_shot,LEDGAR,test
zero_shot,"This Agreement, together with all references to the Transaction Documents, or instruments referred to herein, contains the entire agreement and understanding of the Parties in respect to the subject matter contained herein. The Parties have expressly not relied upon any promises, representations, warranties, agreements, covenants, or undertakings, other than those expressly set forth or referred to herein. This Agreement supersedes (i) any and all prior written or oral agreements, understandings, and negotiations between the Parties with respect to the subject matter contained herein; and, (ii) any course of performance and/or usage of the trade inconsistent with any of the terms hereof.",Entire Agreements,3, EntireAgreements,INVALID_PREDICTION,,True,not_in_allowed_label_set,qwen_zero_shot,LEDGAR,test
zero_shot,Awards may be granted only to Eligible Participants. Eligible Participants who are service providers to an Affiliate may be granted Options or SARs under this Plan only if the Affiliate qualifies as an “eligible issuer of service recipient stock” within the meaning of §1.409A-1(b)(5)(iii)(E) of the final regulations under Code Section 409A.,General,16, Compliance With Laws,Compliance With Laws,17,False,,qwen_zero_shot,LEDGAR,test
zero_shot,"Whenever possible, each provision of this Agreement shall be interpreted in such manner as to be effective and valid under applicable law, but if any provision of this Agreement shall be unenforceable or invalid under applicable law, such provision shall be ineffective only to the extent of such unenforceability or invalidity (and for purposes only of such applicable law), and the remaining provisions of this Agreement shall continue to be binding and in full force and effect.",Severability,4, Severability,Severability,4,False,,qwen_zero_shot,LEDGAR,test
zero_shot,"Each of the Company and the Selling Stockholder shall bear its own expenses in connection with the drafting, negotiation, execution and delivery of this Agreement and the consummation of the transactions contemplated hereby.",Expenses,8, Expenses,Expenses,8,False,,qwen_zero_shot,LEDGAR,test
zero_shot,"In the event that any provision in these Terms and Conditions shall be held invalid or unenforceable for any reason, such provision shall be severable from, and such invalidity or unenforceability shall not be construed to have any effect on, the remaining provisions of these Terms and Conditions.",Severability,4, Severability,Severability,4,False,,qwen_zero_shot,LEDGAR,test
zero_shot,"This Agreement, any Note and any other Loan Document or other agreement, document or instrument attached hereto or executed in connection with the Prior Credit Agreements (as such documents may have been amended or replaced) and on or as of the Closing Date, integrate all of the terms and conditions mentioned herein or incidental hereto and supersede all oral representations and negotiations and prior writings with respect to the subject matter hereof.",Entire Agreements,3, EntireAgreements,INVALID_PREDICTION,,True,not_in_allowed_label_set,qwen_zero_shot,LEDGAR,test
zero_shot,"You and ServiceMaster agree that this Agreement constitutes the complete understanding between you and ServiceMaster regarding the matters herein and that no other promises or agreements, express or implied, will be binding between you and ServiceMaster unless signed in writing by you and ServiceMaster . This Agreement fully supersedes and replaces any and all prior agreements or understandings, if any, between you and ServiceMaster on any matter that is addressed in this Agreement with the exception of confidentiality/non ‑ solicitation/non ‑ compete issues except as stated herein.",Entire Agreements,3, EntireAgreements,INVALID_PREDICTION,,True,not_in_allowed_label_set,qwen_zero_shot,LEDGAR,test
zero_shot,"Any provisions of this Agreement which are prohibited or unenforceable in any jurisdiction shall, as to such jurisdiction, be ineffective to the extent of such prohibition or unenforceability without invalidating the remaining provisions hereof, and any such prohibition or unenforceability in any jurisdiction shall not invalidate or render unenforceable such provision in any other jurisdiction.",Severability,4, Severability,Severability,4,False,,qwen_zero_shot,LEDGAR,test
zero_shot,"With effect as of the Effective Date, Section 1.01 of the Credit Agreement is hereby amended by replacing the date “February 28, 2019” in the definition of “Maturity Date” therein with “March 7, 2019”.",Amendments,5, Amendments,Amendments,5,False,,qwen_zero_shot,LEDGAR,test
zero_shot,"Each Party agrees (i) to execute and deliver, or to cause to be executed and delivered, all such other and further agreements, documents and instruments and (ii) to take or cause to be taken all such actions as the other Party may reasonably request to effectuate the intent and purposes, and to carry out the terms, of this Agreement.",Further Assurances,14, General,General,16,False,,qwen_zero_shot,LEDGAR,test
zero_shot,"(a) Unless previously terminated, (i) the Commitments and the Swingline Commitments shall automatically terminate on the Maturity Date and (ii) the LC Commitments shall automatically terminate on the earlier to occur of (x) the termination of the Commitments and (y) the last day of the LC Availability Period.",Terminations,10, Terminations,Terminations,10,False,,qwen_zero_shot,LEDGAR,test
zero_shot,"The Committee acting in its absolute discretion shall have the right to grant Restricted Stock, Stock Units and Other Stock-Based Awards to Eligible Individuals from time to time.",General,16, Indemnifications,Indemnifications,18,False,,qwen_zero_shot,LEDGAR,test
zero_shot,"As between the First Lien Secured Parties, the Controlling Collateral Agent shall have the right to adjust or settle any insurance policy or claim covering or constituting Shared Collateral in the event of any loss thereunder and to approve any award granted in any condemnation or similar proceeding affecting the Shared Collateral.",Insurances,11, Insurances,Insurances,11,False,,qwen_zero_shot,LEDGAR,test
zero_shot,"This Agreement is governed by the internal substantive laws of the state of Nevada, without regard to conflict of laws principles.",Governing Laws,0, GoverningLaws,INVALID_PREDICTION,,True,not_in_allowed_label_set,qwen_zero_shot,LEDGAR,test
zero_shot,"Each person who is or shall have been a member of the Committee, or of the Board, or an officer of the Company to whom authority was delegated in accordance with Article 4 shall be indemnified and held harmless by the Company against and from any loss, cost, liability, or expense that may be imposed upon or reasonably incurred by him or her in connection with or resulting from any claim, action, suit, or proceeding to which he or she may be a party or in which he or she may be involved by reason of any action taken or failure to act under the Plan and against and from any and all amounts paid by him or her in settlement thereof, with the Company’s approval, or paid by him or her in satisfaction of any judgment in any such action, suit, or proceeding against him or her, provided he or she shall give the Company an opportunity, at its own expense, to handle and defend the same before he or she undertakes to handle and defend it on his or her own behalf, unless such loss, cost, liability, or expense is a result of his or her own willful misconduct or except as expressly provided by statute. The foregoing right of indemnification shall not be exclusive of any other rights of indemnification to which such persons may be entitled under the Company’s charter or bylaws, as a matter of law, or otherwise, or any power that the Company may have to indemnify them or hold them harmless.",Indemnifications,18,Indemnifications,Indemnifications,18,False,,qwen_zero_shot,LEDGAR,test
zero_shot,"Consultant will defend, indemnify and hold harmless the Company and its affiliates and their officers, directors, employees, agents, successors and assigns from and against all losses, damages, liabilities, deficiencies, actions, judgments, interest, awards, penalties, fines, costs or expenses of whatever kind (including reasonable attorneys' fees) arising out of or resulting from: (i) damage to real or tangible, personal property resulting from Consultant’s negligent or willful acts or omissions; and (ii) Consultant’s breach of any representation, warranty, covenant or obligation under this Agreement. The Company may satisfy such indemnity (in whole or in part) by way of deduction from any payment due to Consultant under this Agreement or otherwise. The Company will indemnify, defend and hold consultant harmless from any losses, damages and liabilities (including legal fees and court costs) arising from claims, demands or suits brought by third parties based on Consultant’s performance of the services under this Agreement, except to the extent such losses, damages and liabilities are caused by Consultant’s gross negligence or willful misconduct or breach of this Agreement.",Indemnifications,18,Indemnifications,Indemnifications,18,False,,qwen_zero_shot,LEDGAR,test
zero_shot,The Corporation’s obligations to indemnify Indemnitee under these terms and conditions shall be governed by and interpreted in accordance with the laws of the State of Delaware without regard to its choice of law provisions.,Governing Laws,0, GoverningLaws,INVALID_PREDICTION,,True,not_in_allowed_label_set,qwen_zero_shot,LEDGAR,test
zero_shot,Consultant shall maintain such insurance as shall be reasonably necessary to insure itself against any claim or claims for damages arising out of the Services or this Agreement.,Insurances,11, Insurances,Insurances,11,False,,qwen_zero_shot,LEDGAR,test
zero_shot,This Agreement will be governed by the laws of the State of California without giving effect to any choice or conflict of law principles of any jurisdiction.,Governing Laws,0, GoverningLaws,INVALID_PREDICTION,,True,not_in_allowed_label_set,qwen_zero_shot,LEDGAR,test
zero_shot,"This Agreement may be executed in two or more counterparts, each of which shall be deemed an original but all of which together shall constitute one and the same instrument. Facsimile signatures delivered by fax and/or e-mail/.pdf transmission shall be sufficient and binding as if they were originals and such delivery shall constitute valid delivery of this Agreement.",Counterparts,2, Counterparts,Counterparts,2,False,,qwen_zero_shot,LEDGAR,test
zero_shot,"The Award of Restricted Stock Subject to Performance Criteria (as set forth on the cover page of this Award Agreement) is subject to all the terms and conditions of the Tyson Foods, Inc. 2000 Stock Incentive Plan or any successors thereto, as such plan or its successors may be amended and restated from time to time (the “Plan”). Unless otherwise defined herein, all capitalized terms in this Award Agreement shall have the meaning stated in the Plan. Please see the Plan document for more information on these terms and conditions. A copy of the Plan is available upon request.",Terms,9, EntireAgreements,INVALID_PREDICTION,,True,not_in_allowed_label_set,qwen_zero_shot,LEDGAR,test
zero_shot,"To request the issuance of a Letter of Credit (or the amendment, renewal or extension of an outstanding Letter of Credit), the Company shall hand deliver or telecopy (or transmit by electronic communication, if arrangements for doing so have been approved by the applicable Issuing Bank) to the applicable Issuing Bank and the Administrative Agent (reasonably in advance of the requested date of issuance, amendment, renewal or extension, but in any event no less than three (3) Business Days) a notice requesting the issuance of a Letter of Credit, or identifying the Letter of Credit to be amended, renewed or extended, and specifying the date of issuance, amendment, renewal or extension (which shall be a Business Day), the date on which such Letter of Credit is to expire (which shall comply with paragraph (c) of this Section), the amount of such Letter of Credit, the Agreed Currency applicable thereto, the name and address of the beneficiary thereof and such other information as shall be necessary to prepare, amend, renew or extend such Letter of Credit. In addition, as a condition to any such Letter of Credit issuance, the applicable Borrower shall have entered into a continuing agreement (or other letter of credit agreement) for the issuance of letters of credit and/or shall submit a letter of credit application, in each case, as required by the applicable Issuing Bank and using such Issuing Bank’s standard form (each, a “ Letter of Credit Agreement ”). A Letter of Credit shall be issued, amended, renewed or extended only if (and upon issuance, amendment, renewal or extension of each Letter of Credit the Company shall be deemed to represent and warrant that), after giving effect to such issuance, amendment, renewal or extension (i) subject to Section 2.04, (x) the Dollar Amount of the aggregate undrawn amount of all outstanding Letters of Credit issued by such Issuing Bank at such time plus (y) the aggregate Dollar Amount of all LC Disbursements made by such Issuing Bank that have not yet been reimbursed by or on behalf of the applicable Borrower at such time shall not exceed such Issuing Bank’s Letter of Credit Commitment, (ii) subject to Section 2.04, the Dollar Amount of the LC Exposure shall not exceed $60,000,000, (iii) no Lender’s Dollar Amount of Revolving Credit Exposure shall exceed its Revolving Commitment, (iv) subject to Section 2.04, the Dollar Amount of the Total Revolving Credit Exposure shall not exceed the aggregate Revolving Commitments and (v) subject to Section 2.04, the Dollar Amount of the total outstanding Revolving Loans and LC Exposure, in each case denominated in Foreign Currencies, shall not exceed the Foreign Currency Sublimit. The Company may, at any time and from time to time, reduce the Letter of Credit Commitment of any Issuing Bank with the consent of such Issuing Bank; provided that the Company shall not reduce the Letter of Credit Commitment of such Issuing Bank if, after giving effect of such reduction, the conditions set forth in clauses (i) through (v) above shall not be satisfied.",Amendments,5, Compliance With Laws,Compliance With Laws,17,False,,qwen_zero_shot,LEDGAR,test
zero_shot,"This Warrant, the Commitment Agreement and the Registration Rights Agreement dated as of March 26, 2018 by and among the Company, IEA Parent, M III Sponsor I LLC and M III Sponsor I LP, Cantor Fitzgerald & Co., Mr. Osbert Hood and Mr. Philip Marber, as amended, constitute the sole and entire agreement of the parties to this Warrant with respect to the subject matter contained herein, and supersedes all prior and contemporaneous understandings and agreements, both written and oral, with respect to such subject matter. In the event of any inconsistency between the provisions contained in this Warrant and the Commitment Agreement, the provisions contained in this Warrant shall control.",Entire Agreements,3, EntireAgreements,INVALID_PREDICTION,,True,not_in_allowed_label_set,qwen_zero_shot,LEDGAR,test
zero_shot,"The Executive acknowledges that, by reason of being employed by the Company at the relevant times, to the extent permitted by law, all of the Work Product consisting of copyrightable subject matter is “ work made for hire ” as defined in 17 U.S.C. § 101 and such copyrights are therefore owned by the Company. To the extent that the foregoing does not apply, the Executive hereby irrevocably assigns to the Company, for no additional consideration, the Executive’s entire right, title, and interest in and to all Work Product and Intellectual Property Rights therein, including the right to sue, counterclaim, and recover for all past, present, and future infringement, misappropriation, or dilution thereof, and all rights corresponding thereto throughout the world. Nothing contained in this Agreement shall be construed to reduce or limit the Company’s rights, title, or interest in any Work Product or Intellectual Property Rights so as to be less in any respect than that the Company would have had in the absence of this Agreement.",Assignments,7,Indemnifications,Indemnifications,18,False,,qwen_zero_shot,LEDGAR,test
zero_shot,Any notice hereunder by the Participant shall be given to the Company in writing and such notice shall be deemed duly given only upon receipt thereof by the Secretary of the Company. Any notice hereunder by the Company shall be given to the Participant in writing and such notice shall be deemed duly given only upon receipt thereof at such address as the Participant may have on file with the Company.,Notices,1, Notices,Notices,1,False,,qwen_zero_shot,LEDGAR,test
zero_shot,"This Agreement contains the entire agreement of the parties relating to the subject matter hereof, and the parties hereto have made no agreements, representations or warranties relating to the subject matter of this Agreement that are not set forth otherwise herein. This Agreement supersedes any and all prior agreements, written or oral, between Employee and Employer relating to the subject matter hereof, including without limitation the 2012 Employment Agreement. Any such prior agreements are hereby terminated and of no further effect and Employee, by the execution hereof, agrees that any compensation provided for under any such prior agreements is specifically superseded and replaced by the provisions of this Agreement. No modification of this Agreement shall be valid unless made in writing and signed by the parties hereto and unless such writing is made by an executive officer of Employer (other than Employee) after approval by Employer’s Board of Directors. The parties hereto agree that in no event shall an oral modification of this Agreement be enforceable or valid.",Entire Agreements,3, EntireAgreements,INVALID_PREDICTION,,True,not_in_allowed_label_set,qwen_zero_shot,LEDGAR,test
zero_shot,"Borrower agrees from time to time to execute, acknowledge and deliver all such instruments and to take all such reasonable action for the purpose of effectuating this Assignment and the carrying out of the terms hereof as may be requested by Agent.",Further Assurances,14, Assignments,Assignments,7,False,,qwen_zero_shot,LEDGAR,test
zero_shot,"No amendment or waiver of any provision of this Agreement or the Notes, nor consent to any departure by the Company therefrom, shall in any event be effective unless the same shall be in writing and signed by the Majority Lenders, and then such waiver or consent shall be effective only in the specific instance and for the specific purpose for which given; provided , however , that no amendment, waiver or consent shall, unless in writing and signed by each of the Lenders affected thereby, do any of the following: (a) increase the Commitments of such Lender, (b) reduce the principal of, or rate of interest on, the Advances or any fees or other amounts payable hereunder, (c) postpone any date fixed for any payment of principal of, or interest on, the Advances or any fees or other amounts payable hereunder or extend the date of termination of such Lender’s Commitment, (d) require the duration of an Interest Period to be more than six months if such period is not available to all Lenders, (e) change the percentage of the Commitments or of the aggregate unpaid principal amount of the Advances, or the number of Lenders, that shall be required for the Lenders or any of them to take any action hereunder; or (f) amend this Section 9.01; and provided further that no amendment, waiver or consent shall, unless in writing and signed by the Administrative Agent in addition to the Lenders required above to take such action, affect the rights or duties of the Administrative Agent under this Agreement or any Note; and provided further , that nothing contained in this Section 9.01 will require the Company or the Administrative Agent to seek the consent of any Lender in order to make any technical amendments to cure ambiguities or defects or make related modifications to any provision of a Loan Document.",Amendments,5, Amendments,Amendments,5,False,,qwen_zero_shot,LEDGAR,test
zero_shot,"Employee acknowledges and agrees that each of the Restrictive Covenants is reasonable and valid in time and scope and in all other respects. The parties agree that it is their intention that the Restrictive Covenants be enforced in accordance with their terms to the maximum extent permitted by law. Each of the Restrictive Covenants shall be considered and construed as a separate and independent covenant. Should any part or provision of any of the Restrictive Covenants be held invalid, void, or unenforceable, such invalidity, voidness, or unenforceability shall not render invalid, void, or unenforceable any other part or provision of this Agreement or such Restrictive Covenant. If any of the provisions of the Restrictive Covenants should ever be held by a court of competent jurisdiction to exceed the scope permitted by the applicable law, such provision or provisions shall be automatically modified to such lesser scope as such court may deem just and proper for the reasonable protection of the Company's legitimate business interests and may be enforced by the Company to that extent in the manner described above and all other provisions of this Agreement shall be valid and enforceable.",Severability,4, Severability,Severability,4,False,,qwen_zero_shot,LEDGAR,test
zero_shot,"Banjo has: (i) timely filed with the appropriate taxing authorities all tax returns required to be filed by or with respect to its business, or are properly on extension and all such duly filed tax returns are true, correct and complete in all material respects; and (ii) timely paid in full or made adequate provisions for on its balance sheet (in accordance with GAAP) all Taxes shown to be due on such tax returns. There are no liens for taxes upon the assets of Banjo except for statutory liens for current taxes not yet due and payable or which may thereafter be paid without penalty or are being contested in good faith. Banjo has not received any notice of audit, is not undergoing any audit of its tax returns, and has not received any notice of deficiency or assessment from any taxing authority with respect to liability for taxes which has not been fully paid or finally settled. There have been no waivers of statutes of limitations by Banjo with respect to any tax returns. Banjo has not filed a request with the Internal Revenue Service for changes in accounting methods within the last three years which change would affect the accounting for tax purposes, directly or indirectly, of its business. Banjo has not executed an extension or waiver of any statute of limitations on the assessment or collection of any taxes due (excluding such statutes that relate to years currently under examination by the Internal Revenue Service or other applicable taxing authorities) that is currently in effect.",Taxes,12, Compliance With Laws,Compliance With Laws,17,False,,qwen_zero_shot,LEDGAR,test
zero_shot,"The Employee shall be entitled to be indemnified and insured by the Company against liability and expense relating to his employment to the same extent and subject to the same conditions and limitations as all other executive officers of the Company in accordance with and as authorized by the Company’s Certificate of Incorporation, by-laws, Board of Directors resolutions and applicable law.",Indemnifications,18, Indemnifications,Indemnifications,18,False,,qwen_zero_shot,LEDGAR,test
zero_shot,"The provisions of Sections 8, 9, 10, 11, 14 and 18 of this Agreement shall survive any termination of this Agreement.",Survival,6, Survival,Survival,6,False,,qwen_zero_shot,LEDGAR,test
zero_shot,All notices and other communications under this Agreement shall be in writing and shall be given to the address and in the manner agreed to by the parties.,Notices,1, Notices,Notices,1,False,,qwen_zero_shot,LEDGAR,test
zero_shot,"This Assignment constitutes the entire and final agreement amongst the parties with respect to the subject matter hereof and may not be changed, terminated or otherwise varied, except by a writing duly executed by the parties.",Entire Agreements,3, Assignments,Assignments,7,False,,qwen_zero_shot,LEDGAR,test
zero_shot,"Any notice required or permitted under this Agreement shall be deemed given when delivered either personally, by overnight courier, or when deposited in a United States Post Office, postage prepaid, addressed as appropriate, to the Participant either at his/her address set forth below or such other address as he or she may designate in writing to the Company, or to the Company: Attention: General Counsel (or said designee), at the Company’s address or such other address as the Company may designate in writing to the Participant.",Notices,1, Notices,Notices,1,False,,qwen_zero_shot,LEDGAR,test
zero_shot,"This letter agreement and the Employment Agreement shall constitute the sole and exclusive understanding between the Company and you concerning the subject matter of this letter agreement, and expressly supersedes any and all prior agreements or understandings, written or oral, concerning the subject matter hereof. The parties acknowledge that this letter agreement is intended to embody a complete and final resolution of the employer-employee relationship. You further acknowledge and agree that the payments and benefits described in this letter agreement are all that you are entitled to receive from the Company (other than the payment of any shares of the Company’s common stock that you may earn pursuant to and subject to the terms and conditions of your 2016 to 2018 Performance Share Award Agreement, 2017 to 2019 Performance Share Award Agreement and 2018 to 2020 Performance Share Award Agreement), and that the Company shall have no liability or obligation to you in excess of such amounts (other than the payment of any shares of the Company’s common stock that you may earn pursuant to and subject to the terms and conditions of your 2016 to 2018 Performance Share Award Agreement, 2017 to 2019 Performance Share Award Agreement and 2018 to 2020 Performance Share Award Agreement).",Entire Agreements,3,EntireAgreements,INVALID_PREDICTION,,True,not_in_allowed_label_set,qwen_zero_shot,LEDGAR,test
zero_shot,"All notices, requests, consents, claims, demands, waivers and other communications under this Agreement must be in writing and addressed to the signatory to this Agreement for the other party at its address set forth below via nationally recognized overnight courier.",Notices,1, Notices,Notices,1,False,,qwen_zero_shot,LEDGAR,test
zero_shot,"Seller shall and shall cause the REO Subsidiary to pay and discharge or cause to be paid and discharged, when due all taxes, assessments and governmental charges or levies imposed upon it or upon its income and profits or upon any of its Property, real, personal or mixed (including without limitation, the Purchased Assets) or upon any part thereof, as well as any other lawful claims which, if unpaid, might become a Lien upon such properties or any part thereof, except for any such taxes, assessments and governmental charges, levies or claims as are appropriately contested in good faith by appropriate proceedings diligently conducted and with respect to which adequate reserves are provided. Seller shall file on a timely basis all federal, and state and local tax and information returns, reports and any other information statements or schedules required to be filed by or in respect of it.",Taxes,12, ComplianceWithLaws,INVALID_PREDICTION,,True,not_in_allowed_label_set,qwen_zero_shot,LEDGAR,test
zero_shot,"First Lien Creditor and Second Lien Creditor each agrees to take such further action and shall execute and deliver such additional documents and instruments (in recordable form, if requested) as First Lien Creditor or Second Lien Creditor may reasonably request to effectuate the terms of and the Lien priorities contemplated by this Agreement, all at the expense of the Debtor. In furtherance of the foregoing, (a) the First Lien Creditor agrees that, if there is a Refinancing of the Second Lien Debt and if the agent or other representative of the holders of the indebtedness that Refinances the Second Lien Debt so requests, it will execute and deliver either an acknowledgement of the joinder of such agent or representative to this Agreement or an agreement with such agent or representative identical to this Agreement (subject to changing names of parties, documents and addresses, as appropriate) in favor of any such agent or representative, and (b) the Second Lien Creditor agrees that, (i) if there is a Refinancing of the First Lien Debt and if the agent or other representative of the holders of the indebtedness that Refinances the First Lien Debt so requests, it will execute and deliver either an acknowledgement of the joinder of such agent or representative to this Agreement or an agreement with such agent or representative identical to this Agreement (subject to changing names of parties, documents and addresses, as appropriate) in favor of any such agent or representative.",Further Assurances,14, Assignments,Assignments,7,False,,qwen_zero_shot,LEDGAR,test
zero_shot,"All reasonable legal fees and expenses of Buyer incurred in connection with the preparation, negotiation, execution and delivery of this Amendment and each related document entered into in connection herewith shall be paid by the Sellers promptly on demand.",Expenses,8, Expenses,Expenses,8,False,,qwen_zero_shot,LEDGAR,test
zero_shot,"The term of this Sublease (""Term"") shall commence on the earlier of (the “Commencement Date”): (i) Sublessee’s commencement of its business operations in any portion of the Premises, and (ii) the one hundred fiftieth (150 th ) day after the date on which the Early Access Period (as defined below) has commenced, and shall end on October 15, 2028 (""Expiration Date""), unless this Sublease is sooner terminated pursuant to its terms or the Master Lease is sooner terminated pursuant to its terms; provided, however, that the Commencement Date shall be (i) advanced by one (1) day for each day that the commencement of the Early Access Period is delayed by any act or omission of Sublessee, and (ii) extended by one (1) day for each day that the “Substantial Completion of the Tenant Improvements” (defined below) has been delayed by a “Landlord Caused Delay” (defined below), but only if and to the extent any such Landlord Caused Delay is responsible for causing the Substantial Completion of the Tenant Improvements to be delayed beyond the one hundred fiftieth (150 th ) day after the date on which the Early Access Period has commenced. Once the Commencement Date has been established, Sublessor and Sublessee shall execute a commencement date memorandum setting forth the Commencement Date; provided, however, that the failure to execute such a memorandum shall not affect Sublessee’s liability hereunder. The parties acknowledge that Sublessee has no option to extend the Term of this Sublease.",Terms,9, Terms,Terms,9,False,,qwen_zero_shot,LEDGAR,test
zero_shot,"If any provision of this Agreement is or becomes or is deemed to be invalid, illegal, or unenforceable in any jurisdiction, such provision shall be construed or deemed amended to conform to the applicable law or, if it cannot be construed or deemed amended without, in the determination of the Committee, materially altering the intent of this Agreement, such provision shall be stricken as to such jurisdiction, and the remainder of this Agreement shall remain in full force and effect.",Severability,4, Severability,Severability,4,False,,qwen_zero_shot,LEDGAR,test
zero_shot,"If any provision of this Agreement is held to be illegal, invalid or unenforceable under any present or future law, (a) such provision shall be fully severable, (b) this Agreement shall be construed and enforced as if such illegal, invalid or unenforceable provision had never comprised a part hereof, and (c) the remaining provisions of this Agreement shall remain in full force and effect and shall not be affected by the illegal, invalid or unenforceable provision or by its severance herefrom.",Severability,4, Severability,Severability,4,False,,qwen_zero_shot,LEDGAR,test
zero_shot,"The Guarantor shall pay on demand all out-of-pocket expenses (including reasonable attorneys’ fees and expenses) in any way relating to the enforcement, or protection of the Guarantee Beneficiaries’ rights, under this Guaranty or in respect of the Guaranteed Obligations, including any incurred during any “workout” or restructuring in respect of the Guaranteed Obligations and any incurred in the preservation, protection or enforcement of any rights of the Guaranteed Beneficiaries in any proceeding pursuant to or in connection with any Debtor Relief Laws, in each case in accordance with the terms of the Credit Agreement. The obligations of the Guarantor under this paragraph shall survive the payment in full of the Guaranteed Obligations and termination of this Guaranty.",Expenses,8, Severability,Severability,4,False,,qwen_zero_shot,LEDGAR,test
zero_shot,"This offer, once accepted, constitutes the entire agreement between you and the Company with respect to the subject matter hereof and supersedes all prior offers, negotiations and agreements, if any, whether written or oral, relating to such subject matter. You acknowledge that neither the Company nor its agents have made any promise, representation or warranty whatsoever, either express or implied, written or oral, which is not contained in this agreement for the purpose of inducing you to execute the agreement, and you acknowledge that you have executed this agreement in reliance only upon such promises, representations and warranties as are contained herein.",Entire Agreements,3, EntireAgreements,INVALID_PREDICTION,,True,not_in_allowed_label_set,qwen_zero_shot,LEDGAR,test
zero_shot,"The validity, interpretation, construction and performance of this Agreement will be governed by and construed in accordance with the laws of the State of Maryland, without giving effect to the principles of conflict of laws.",Governing Laws,0, GoverningLaws,INVALID_PREDICTION,,True,not_in_allowed_label_set,qwen_zero_shot,LEDGAR,test
zero_shot,"Any notice or document required to be filed with the Committee under the Plan will be properly filed if delivered or mailed by registered mail, postage prepaid, to the Committee, in care of the Company or the Related Company, as applicable, at its principal executive offices. The Committee may, by advance written notice to affected persons, revise such notice procedure from time to time. Any notice required under the Plan (other than a notice of election) may be waived by the person entitled to notice.",Notices,1, Notices,Notices,1,False,,qwen_zero_shot,LEDGAR,test
zero_shot,This Agreement constitutes the entire agreement between the Parties pertaining to its subject matter.,Entire Agreements,3, EntireAgreements,INVALID_PREDICTION,,True,not_in_allowed_label_set,qwen_zero_shot,LEDGAR,test
zero_shot,"There is no litigation pending or, to the knowledge of any Credit Party, threatened (i) with respect to the Credit Documents or (ii) which would reasonably be expected to have, either individually or in the aggregate, a Material Adverse Effect.",Litigations,13, Compliance With Laws,Compliance With Laws,17,False,,qwen_zero_shot,LEDGAR,test
zero_shot,"The respective obligations and benefits afforded to the Company and you as provided in Sections 3, 5 (to the extent that payments or benefits are owed as a result of a termination of employment that occurs during the term of this Agreement), 6, 8, 12, 15 and 17 shall survive the termination of this Agreement.",Survival,6, Survival,Survival,6,False,,qwen_zero_shot,LEDGAR,test
zero_shot,"This Agreement and the award of Units and the issuance of shares of Common Stock hereunder are subject to and governed by the provisions of the LTIP. In the event there are any inconsistencies between this Agreement and the LTIP, the provisions of the LTIP shall govern, as it may be amended or interpreted at Deluxe’s discretion, to meet any applicable requirements of Section 409A of the Internal Revenue Code.",Terms,9, GoverningLaws,INVALID_PREDICTION,,True,not_in_allowed_label_set,qwen_zero_shot,LEDGAR,test
zero_shot,"Any notice to the Company provided for in this Agreement shall be addressed to the Company in care of the General Counsel at the corporate headquarters of the Company, and any notice to the Participant shall be addressed to such Participant at the current address shown on the payroll of the Employer. Any notice shall be delivered by hand, or enclosed in a properly sealed envelope addressed as stated above, registered and deposited, postage prepaid, in a post office regularly maintained by the United States Postal Service or by the postal authority of the country in which the Participant resides or to an internationally recognized expedited mail courier.",Notices,1, Notices,Notices,1,False,,qwen_zero_shot,LEDGAR,test
zero_shot,"Neither the Company nor the Executive may make any assignment of this Agreement or any interest herein, by operation of law or otherwise, without the prior written consent of the other; provided, however, that the Company may assign its rights and obligations under this Agreement without the consent of the Executive in the event that the Executive is transferred to a position with any of the Affiliates, or in the event that the Company shall hereafter effect a reorganization, consolidate with, or merge into, any Person or transfer all or substantially all of its properties or assets to any Person. This Agreement shall inure to the benefit of and be binding upon the Company and the Executive, their respective successors, executors, administrators, heirs and permitted assigns.",Assignments,7, Assignments,Assignments,7,False,,qwen_zero_shot,LEDGAR,test
zero_shot,This Sublease shall be construed and enforced in accordance with the laws of the State of California.,Governing Laws,0, GoverningLaws,INVALID_PREDICTION,,True,not_in_allowed_label_set,qwen_zero_shot,LEDGAR,test
zero_shot,All notices and other communications provided for hereunder shall be sent to the addresses and in the manner provided for in Section 13.4 of the Loan Agreement. All such notices and communications shall be effective as provided in Section 13.4 of the Loan Agreement.,Notices,1, Notices,Notices,1,False,,qwen_zero_shot,LEDGAR,test
zero_shot,The provisions of Section 18 of the Repurchase Agreement are incorporated herein by reference.,Governing Laws,0, GoverningLaws,INVALID_PREDICTION,,True,not_in_allowed_label_set,qwen_zero_shot,LEDGAR,test
zero_shot,"This Option Agreement shall be construed and interpreted in accordance with the laws of the State of Delaware, without regard to the principles of conflicts of law thereof. Notwithstanding anything contained in this Option Agreement, the Grant Notice or the Plan to the contrary, if any suit or claim is instituted by the Participant or the Company relating to this Option Agreement, the Grant Notice or the Plan, the Participant hereby submits to the exclusive jurisdiction of and venue in the courts of Delaware.",Governing Laws,0, GoverningLaws,INVALID_PREDICTION,,True,not_in_allowed_label_set,qwen_zero_shot,LEDGAR,test
zero_shot,The term of this Agreement shall continue until expiration of all payment obligations hereunder.,Terms,9, Terms,Terms,9,False,,qwen_zero_shot,LEDGAR,test
zero_shot,"Each party’s obligations under this Section 4.6 shall survive the resignation or replacement of the Administrative Agent or any assignment of rights by, or the replacement of, a Lender, the termination of the Commitments and the repayment, satisfaction or discharge of all obligations under any Loan Document.",Survival,6, Severability,Severability,4,False,,qwen_zero_shot,LEDGAR,test
zero_shot,"This Agreement shall be construed in accordance with and governed exclusively by the law of The Commonwealth of Massachusetts, without reference to its rules of conflict of law.",Governing Laws,0, GoverningLaws,INVALID_PREDICTION,,True,not_in_allowed_label_set,qwen_zero_shot,LEDGAR,test
zero_shot,"This Grant Agreement, together with the Plan, sets forth the entire agreement between the parties with reference to the subject matter hereof, and there are no agreements, understandings, warranties, or representations, written, express, or implied, between them with respect to the Stock Unit Grant other than as set forth herein or therein, all prior agreements, promises, representations and understandings relative thereto being herein merged.",Entire Agreements,3, EntireAgreements,INVALID_PREDICTION,,True,not_in_allowed_label_set,qwen_zero_shot,LEDGAR,test
zero_shot,"Whenever possible, each provision or portion of any provision of this Warrant shall be interpreted in such manner as to be effective and valid under applicable law, but if any provision or portion of any provision of this Warrant is held to be invalid, illegal or unenforceable in any respect under any applicable law or rule in any jurisdiction, such invalidity, illegality or unenforceability shall not affect any other provision or portion of any provision in such jurisdiction, and this Warrant shall be reformed, construed and enforced in such jurisdiction as if such invalid, illegal or unenforceable provision or portion of any provision had never been contained herein.",Severability,4, Severability,Severability,4,False,,qwen_zero_shot,LEDGAR,test
zero_shot,"This Proxy shall be governed by and construed in accordance with the laws of the State of Nevada, without giving effect to principles of conflicts of laws.",Governing Laws,0, GoverningLaws,INVALID_PREDICTION,,True,not_in_allowed_label_set,qwen_zero_shot,LEDGAR,test
zero_shot,"During the period between the date hereof and the Closing Date, each Party will use its best efforts to take all actions and do all things necessary, proper or advisable to consummate, make effective, and comply with all of the terms of this Agreement and the Transaction applicable to such Party (including satisfaction, but not waiver, of the Closing conditions for which it is responsible or otherwise in control, as set forth in Article 7). Each Party shall cooperate with each other and use best efforts to satisfy each of the conditions precedent for which it is responsible.",General,16, Compliance With Laws,Compliance With Laws,17,False,,qwen_zero_shot,LEDGAR,test
zero_shot,"During his employment and thereafter, the Company agrees to indemnify and hold the Executive harmless in connection with actual, potential or threatened actions or investigations related to the Executive’s services for, or employment by, the Company and/or its subsidiaries in the same manner as other officers and directors to the fullest extent provided in the Company’s by-laws and to be covered by directors’ and officers’ (“D&O”) insurance to the maximum extent and length of coverage of any other officer or director of the Company.",Indemnifications,18, Indemnifications,Indemnifications,18,False,,qwen_zero_shot,LEDGAR,test
zero_shot,"This Amendment may be executed in counterparts (and by different parties hereto in different counterparts), each of which shall constitute an original, but all of which when taken together shall constitute a single contract. Delivery of an executed counterpart of a signature page of this Amendment by facsimile or other electronic imaging means (e.g., “pdf” or “tif”) shall be effective as delivery of a manually executed counterpart of this Amendment.",Counterparts,2, Counterparts,Counterparts,2,False,,qwen_zero_shot,LEDGAR,test
zero_shot,"Except for the Buyer’s delinquent periodic reports required to be filed with the SEC, (i) neither the Buyer nor subsidiaries of the Buyer nor, to the Knowledge of the Buyer, any officer, manager or employee of the Buyer, in such capacity, has received notice from any Governmental Entity of, or to the Knowledge of the Buyer, is charged or threatened with or under investigation with respect to, any violation of any provision of any applicable Law and (ii) the Buyer and the Buyer’s subsidiaries are, and have been for the past three (3) years, in compliance in all material respects with all Laws applicable to it or any of its businesses, properties or assets.",Compliance With Laws,17, Compliance With Laws,Compliance With Laws,17,False,,qwen_zero_shot,LEDGAR,test
zero_shot,"There is no pending or threatened notice, claim, litigation, proceeding or investigation against or affecting the Borrowers or any property of the Borrowers, whether or not covered by insurance, that would involve the payment by a Borrower of an amount that would be reasonably likely to have a material adverse effect on the financial condition, business, prospects, property or operations of a Borrower, and there is no basis for any such order, notice, claim, litigation, proceeding or investigation.",Litigations,13, Compliance With Laws,Compliance With Laws,17,False,,qwen_zero_shot,LEDGAR,test
zero_shot,"Notices authorized or required to be sent pursuant to this Agreement shall be in writing and sent by personal delivery or postage prepaid, by Certified or Registered Mail, return receipt requested, directed to the other party at its address as may be designated by notice from time to time. Notices to the Company shall be addressed to the attention of the Chief Executive Officer. Notice shall be deemed given on the date the envelope in which such notice is enclosed, as provided above, is deposited for mailing in a mailbox or post office. Executive agrees to provide at least two (2) month prior written notice of Executive’s resignation.",Notices,1, Notifies,INVALID_PREDICTION,,True,not_in_allowed_label_set,qwen_zero_shot,LEDGAR,test
zero_shot,"Whenever the Exercise Price or number of Shares purchasable hereunder shall be adjusted pursuant to Section 9 hereof, the Company shall execute and deliver to the Holder a certificate setting forth, in reasonable detail, the event requiring the adjustment, the amount of the adjustment, the method by which such adjustment was calculated and the Exercise Price and number of and kind of securities purchasable hereunder after giving effect to such adjustment, and shall cause a copy of such certificate to be mailed (by first class mail, postage prepaid) to the Holder.",Notices,1, Compliance With Laws,Compliance With Laws,17,False,,qwen_zero_shot,LEDGAR,test
zero_shot,"All of Employee’s compensation, including, without limitation, the Base Salary and Bonus, shall be subject to withholding for all applicable federal, state and local employment-related taxes, including income, social security, and similar taxes.",Taxes,12, ComplianceWithLaws,INVALID_PREDICTION,,True,not_in_allowed_label_set,qwen_zero_shot,LEDGAR,test
zero_shot,"The term of this Agreement shall extend from the Effective Date until the sooner of (a) the expiration of the Termination Protection Period, (b) the Key Employee’s Date of Termination, except in the case of a Qualified Termination (as defined in subparagraph 3a., below), or (c) the date on which the parties agree in writing to terminate this Agreement.",Terms,9, Terms,Terms,9,False,,qwen_zero_shot,LEDGAR,test
zero_shot,This Agreement shall be construed under the laws of the State of Delaware.,Governing Laws,0, GoverningLaws,INVALID_PREDICTION,,True,not_in_allowed_label_set,qwen_zero_shot,LEDGAR,test
zero_shot,"Any notice, request, consent or approval required or permitted to be given under this Agreement or pursuant to law shall be sufficient if in writing, and if and when sent by certified or registered mail, with postage prepaid, to Executive’s residence (as noted in the Company’s records), or to the Company’s principal office, as the case may be.",Notices,1, Notices,Notices,1,False,,qwen_zero_shot,LEDGAR,test
zero_shot,"There is no action, suit, inquiry, notice of violation, proceeding or investigation pending or, to the knowledge of the Company, threatened against or affecting the Company, any Subsidiary or any of their respective properties before or by any court, arbitrator, governmental or administrative agency or regulatory authority (federal, state, county, local or foreign) (collectively, an “ Action ”) which (i) adversely affects or challenges the legality, validity or enforceability of any of the Transaction Documents or the Shares or (ii) could, if there were an unfavorable decision, have or reasonably be expected to result in a Material Adverse Effect. Neither the Company nor any Subsidiary, nor, to the Company’s knowledge, any director or officer thereof, is or has been the subject of any Action involving a claim of violation of or liability under federal or state securities laws or a claim of breach of fiduciary duty. There has not been, and to the knowledge of the Company, there is not pending or contemplated, any investigation by the Commission involving the Company or any current or former director or officer of the Company. The Commission has not issued any stop order or other order suspending the effectiveness of any registration statement filed by the Company or any Subsidiary under the Exchange Act or the Securities Act.",Litigations,13, Compliance With Laws,Compliance With Laws,17,False,,qwen_zero_shot,LEDGAR,test
zero_shot,"The Company agrees to indemnify the Director for his activities as a member of the Board to the fullest extent permitted under applicable law and shall use its best efforts to maintain Directors and Officers Insurance benefitting the Board. The Company will use is best efforts to obtain a $10,000,000 D&O Policy to cover the actions of the Board.",Indemnifications,18, Indemnifications,Indemnifications,18,False,,qwen_zero_shot,LEDGAR,test
zero_shot,The Seller will comply with all Applicable Laws to which it may be subject if the failure to comply could reasonably be expected to have a Material Adverse Effect.,Compliance With Laws,17, Compliance With Laws,Compliance With Laws,17,False,,qwen_zero_shot,LEDGAR,test
zero_shot,"The Company has complied, and is now complying, with all applicable federal, state, local and self-regulatory laws, rules, regulations, statutes, ordinances, declarations or other governing regimes applicable to ownership and use of the Purchased Assets or the Business. Except as listed on Schedule 3.11 (a) the Company has only conducted the Business in the state of New York, and (b) each Investor and each Funder is located in the state of New York. The Company has not received any written notice to the effect that the Company is not in compliance in all material respects with any such laws or orders. The Company is not a “foreign person” as that term is used in Treasury Regulations Section 1.1445-2.",Compliance With Laws,17, Compliance With Laws,Compliance With Laws,17,False,,qwen_zero_shot,LEDGAR,test
zero_shot,"This Confirmation is effective as of April 1, 2017, and shall continue through March 31, 2032 (the “Primary Term”) and continue after the Primary Term on a Year-to-Year basis unless terminated at the end of the Primary Term or any Yearly extension period thereafter by either Party giving at least six (6) Months prior written notice, provided however, Shipper shall have two (2) successive options to extend the Primary Term by five (5) Years each by giving Transporter at least nine (9) Months prior written notice and Transporter’s right to terminate this Confirmation at the end of the Primary Term or any Yearly extension period thereafter shall be subject to, and limited by, Shipper’s options to extend the Primary Term. Unless otherwise agreed by Shipper and Transporter in writing, the MDCQs during any Yearly extension periods will be the applicable MDCQ in effect on March 31, 2032.",Terms,9, Terms,Terms,9,False,,qwen_zero_shot,LEDGAR,test
zero_shot,"Each Credit Party executing this Agreement acknowledges that it is not authorized to file any financing statement or amendment or termination statement with respect to any financing statement without the prior written consent of Agent and agrees that it will not do so without the prior written consent of Agent, subject to Borrower’s rights under Section 9-509(d)(2) of the UCC.",Terminations,10, Securitizations,INVALID_PREDICTION,,True,not_in_allowed_label_set,qwen_zero_shot,LEDGAR,test
zero_shot,"This Agreement may be executed in any number of counterparts, each of which shall be an original and all of which together shall constitute one and the same instrument.",Counterparts,2, Counterparts,Counterparts,2,False,,qwen_zero_shot,LEDGAR,test
zero_shot,"If any provision of this Agreement or the application thereof is held invalid or unenforceable, the invalidity or unenforceability thereof shall not affect any other provisions or applications of this Agreement which can be given effect without the invalid or unenforceable provision or application.",Severability,4, Severability,Severability,4,False,,qwen_zero_shot,LEDGAR,test
zero_shot,"Except as disclosed on the Disclosure Schedule on the Closing Date or, after the Closing Date, pursuant to Section 6.7, there are no actions, suits, proceedings or investigations pending or, to the knowledge of the Responsible Officers, threatened in writing by or against any Credit Party or any Subsidiary thereof which involves the possibility of any judgment or liability of more than [***] or that could reasonably be expected to result in a Material Adverse Change, or which questions the validity of the Financing Documents, or the other documents required thereby or any action to be taken pursuant to any of the foregoing, nor does any Credit Party have reason to believe that any such actions, suits, proceedings or investigations are threatened.",Litigations,13, Compliance With Laws,Compliance With Laws,17,False,,qwen_zero_shot,LEDGAR,test
zero_shot,"To request the issuance of a Letter of Credit or the amendment, renewal or extension of an outstanding Letter of Credit, a Borrower shall hand deliver or telecopy (or transmit by electronic communication, if arrangements for doing so have been approved by the applicable Issuing Bank) an LC Request to the applicable Issuing Bank and the Administrative Agent not later than the Applicable Time specified by the Administrative Agent on the third Business Day preceding the requested date of issuance, amendment, renewal or extension (or such later date and time as is reasonably acceptable to the applicable Issuing Bank). A request for an initial issuance of a Letter of Credit shall specify in form and detail reasonably satisfactory to the applicable Issuing Bank: (i) the proposed issuance date of the requested Letter of Credit (which shall be a Business Day); (ii) the amount and currency thereof; (iii) the expiry date thereof; (iv) the name and address of the beneficiary thereof; (v) the documents to be presented by such beneficiary in case of any drawing thereunder; (vi) the full text of any certificate to be presented by such beneficiary in case of any drawing thereunder; and (vii) such other matters as the applicable Issuing Bank may reasonably require and shall attach the agreed form of the Letter of Credit. A request for an amendment, renewal or extension of any outstanding Letter of Credit shall specify in form and detail reasonably satisfactory to the applicable Issuing Bank, (w) the Letter of Credit to be amended, renewed or extended; (x) the proposed date of amendment, renewal or extension thereof (which shall be a Business Day), (y) the nature of the proposed amendment, renewal or extension; and (z) such other matters as the applicable Issuing Bank may reasonably require. If requested by the applicable Issuing Bank, the applicable Borrower also shall submit a letter of credit application substantially on such Issuing Bank’s standard form in connection with any request for a Letter of Credit. A Letter of Credit shall be issued, amended, renewed or extended only if (and upon issuance, amendment, renewal or extension of each Letter of Credit, the applicable Borrower shall be deemed to represent and warrant (solely in the case of (w) and (x)) that, after giving effect to such issuance, amendment, renewal or extension) (A) the LC Exposure shall not exceed $150,000,000 (the “ LC Sublimit ”), (B) the European LC Exposure shall not exceed $40,000,000 (the “ European LC Sublimit ”), (C) the Availability Conditions are satisfied, (D) the European LC Exposure attributable to European Letters of Credit issued by any European Issuing Bank shall not exceed the Dollar Equivalent of such European Issuing Bank’s European Issuing Bank Sublimit, (E) the U.S. LC Exposure attributable to U.S. Letters of Credit issued by any U.S. Issuing Bank shall not exceed the Dollar Equivalent of such U.S. Issuing Bank’s U.S. Issuing Bank Sublimit and (F) if a Defaulting Lender exists, either such Lender or the Lead Borrower has entered into arrangements satisfactory to the Administrative Agent and the applicable Issuing Bank to eliminate any Fronting Exposure associated with such Lender.",Amendments,5, Compliance With Laws,Compliance With Laws,17,False,,qwen_zero_shot,LEDGAR,test
zero_shot,"This Fourth Amendment may be executed in one or more counterparts, and each of which shall be deemed to be an original, and all of which shall constitute one and the same instrument.",Counterparts,2, Counterparts,Counterparts,2,False,,qwen_zero_shot,LEDGAR,test
zero_shot,"Each Party will, and will ensure that its Affiliates and Sublicensees will, comply with all relevant Laws and regulations and good laboratory and clinical practices and cGMP in exercising its rights and fulfilling its obligations under this Agreement.",Compliance With Laws,17, Compliance With Laws,Compliance With Laws,17,False,,qwen_zero_shot,LEDGAR,test
zero_shot,"The Company has, and has caused all of its Subsidiaries to have, (a) all insurance policies sufficient for the compliance by each of them with all material Governmental Requirements and all material agreements and (b) insurance coverage in at least amounts and against such risk (including, without limitation, public liability) that are usually insured against by companies similarly situated and engaged in the same or a similar business for the assets and operations of the Company and its Subsidiaries.",Insurances,11, Compliance With Laws,Compliance With Laws,17,False,,qwen_zero_shot,LEDGAR,test
static_few_shot,"Except as otherwise expressly provided herein (including Section 4.05, Section 4.08, Section 5.04 and Section 5.05), each party hereto shall bear its own costs and expenses (including attorneys’ fees) incurred in connection with this Agreement and the Transactions; provided , that within five (5) Business Days after the Closing Date, the Company shall reimburse the Purchaser and its Affiliates in same day funds for their reasonable and documented out-of-pocket expenses (including fees and expenses of attorneys, accountants, investment bankers and consultants) incurred in connection with the execution of this Agreement and the purchase by the Purchaser of the Shares pursuant to this Agreement, provided that such reimbursable expenses shall not exceed $500,000 in the aggregate.",Expenses,8," the Property conveyed by this Agreement.
Answer: Further Assurances",INVALID_PREDICTION,,True,allowed_label_with_extra_text,qwen_static_few_shot,LEDGAR,test
static_few_shot,The waiver by any of the parties hereto of a breach of any provision of this Agreement shall not be construed as a waiver of any subsequent breach. The failure of a party to insist upon strict adherence to any provision of this Agreement on one or more occasions shall not be considered a waiver or deprive that party of the right thereafter to insist upon strict adherence to that provision or any other provision of this Agreement. Any waiver must be in writing.,Waivers,19," the Property conveyed by this Agreement.
Answer: Further Assurances",INVALID_PREDICTION,,True,allowed_label_with_extra_text,qwen_static_few_shot,LEDGAR,test
static_few_shot,"Borrower has obtained and has delivered to Lender original or certified copies of all of the Policies or ACORD certificates, with all premiums prepaid thereunder, reflecting the insurance coverages, amounts and other requirements set forth in this Agreement. There are no claims currently outstanding that have been made under any of the Policies and that would have a Material Adverse Effect, and to Borrower’s Knowledge, no Person, including any Borrower, has done, by act or omission, anything which would impair the coverage of any of the Policies.",Insurances,11," the Property conveyed by this Agreement.
Answer: Further Assurances",INVALID_PREDICTION,,True,allowed_label_with_extra_text,qwen_static_few_shot,LEDGAR,test
static_few_shot,"Subject to the terms and conditions set forth herein, any Borrower, or the Company on behalf of the applicable Borrower, may request the issuance of Letters of Credit denominated in Agreed Currencies for its own account or for the account of a Restricted Subsidiary, in a form reasonably acceptable to the Administrative Agent and the relevant Issuing Bank, at any time and from time to time during the Availability Period. In the event of any inconsistency between the terms and conditions of this Agreement and the terms and conditions of any Letter of Credit Agreement, the terms and conditions of this Agreement shall control. All Existing Letters of Credit shall be deemed to have been issued pursuant hereto, and from and after the Effective Date shall be governed by the terms and conditions hereof. Notwithstanding anything herein to the contrary, no Issuing Bank shall have any obligation hereunder to issue, and shall not issue, any Letter of Credit the proceeds of which would be made available to any Person (i) to fund any activity or business of or with any Sanctioned Person, or in any country or territory that, at the time of such funding, is a Sanctioned Country or (ii) in any manner that would result in a violation of any Sanctions by any party to this Agreement or (iii) in any manner that would result in a violation of one or more policies of the Issuing Bank applicable to letters of credit generally.",General,16," the Property conveyed by this Agreement.
Answer: Further Assurances",INVALID_PREDICTION,,True,allowed_label_with_extra_text,qwen_static_few_shot,LEDGAR,test
static_few_shot,"Any amendment to the Plan shall be deemed to be an amendment to this Agreement to the extent that the amendment is applicable hereto; provided , however , that (a) no amendment shall adversely affect the rights of Employee under this Agreement without Employee’s written consent, and (b) Employee’s consent shall not be required to an amendment that is deemed necessary by the Company to ensure compliance with Section 409A of the Code or Section 10D of the Exchange Act.",Amendments,5," the Property conveyed by this Agreement.
Answer: Further Assurances",INVALID_PREDICTION,,True,allowed_label_with_extra_text,qwen_static_few_shot,LEDGAR,test
static_few_shot,This Non-Employee Share and Cash Award Plan and each Award Agreement shall be governed by the laws of England and Wales without regard to any conflict of laws principles and the English courts will have exclusive jurisdiction in respect of all disputes arising under or in connection with the Non-Employee Share and Cash Award Plan and any Awards.,Governing Laws,0," the Property conveyed by this Agreement.
Answer: Further Assurances",INVALID_PREDICTION,,True,allowed_label_with_extra_text,qwen_static_few_shot,LEDGAR,test
static_few_shot,"This Agreement and the Loan Documents contain the entire agreement between the parties. This Agreement and the Loan Documents supersede any and all other agreements and communications, either oral or in writing, between the parties hereto with respect to the subject matter of this Agreement and the Loan Documents.",Entire Agreements,3," the Property conveyed by this Agreement.
Answer: Further Assurances",INVALID_PREDICTION,,True,allowed_label_with_extra_text,qwen_static_few_shot,LEDGAR,test
static_few_shot,"At the time of an origination of a Receivable by AmeriCredit or a Dealer, each Financed Vehicle is required to be covered by a comprehensive and collision insurance policy, and each Receivable permits the holder thereof to obtain physical loss and damage insurance at the expense of the Obligor if the Obligor fails to do so.",Insurances,11," the Property conveyed by this Agreement.
Answer: Further Assurances",INVALID_PREDICTION,,True,allowed_label_with_extra_text,qwen_static_few_shot,LEDGAR,test
static_few_shot,"Any notice to the Company provided for in this instrument shall be addressed to the Company in care of the General Counsel and any notice to the Participant shall be addressed to such Participant at the current address shown on the payroll of the Employer. Any notice shall be delivered by hand or enclosed in a properly sealed envelope addressed as stated above, registered and deposited, postage prepaid, in a post office regularly maintained by the United States Postal Service or by the postal authority of the country in which the Participant resides or to an internationally recognized expedited mail courier.",Notices,1," the Property conveyed by this Agreement.
Answer: Further Assurances",INVALID_PREDICTION,,True,allowed_label_with_extra_text,qwen_static_few_shot,LEDGAR,test
static_few_shot,"The RSUs and any Dividend Equivalents are governed by, and subject to, United States federal and Illinois state law (without regard to the conflict of law provisions) and the requirements of the New York Stock Exchange as well as the terms and conditions set forth in the Plan and this Agreement. For purposes of litigating any dispute that arises directly or indirectly from the relationship of the parties evidenced by the RSUs and any Dividend Equivalents or this Agreement, the parties hereby submit to and consent to the exclusive jurisdiction of the State of Illinois, agree that such litigation shall be conducted in the courts of DuPage County, Illinois, or the federal courts for the United States for the Northern District of Illinois, where this grant is made and/or to be performed.",Governing Laws,0," the Property conveyed by this Agreement.
Answer: Further Assurances",INVALID_PREDICTION,,True,allowed_label_with_extra_text,qwen_static_few_shot,LEDGAR,test
static_few_shot,"This Agreement may be executed in two or more identical counterparts, all of which shall be considered one and the same agreement and shall become effective when counterparts have been signed by each party and delivered to the other party; provided that a facsimile or pdf (or other electronic reproduction) signature shall be considered due execution and shall be binding upon the signatory thereto with the same force and effect as if the signature were an original, not a facsimile or PDF (or other electronic reproduction) signature.",Counterparts,2," the Property conveyed by this Agreement.
Answer: Further Assurances",INVALID_PREDICTION,,True,allowed_label_with_extra_text,qwen_static_few_shot,LEDGAR,test
static_few_shot,"The Bank reserves the right to sell participations in or to sell and assign its rights, duties or obligations with respect to the Term Loan to such banks, lending institutions or other parties as it may choose and without the consent of the Borrowers, provided that the Bank shall notify the Borrowers promptly following such participation or assignment. The Bank may furnish any information concerning the Borrowers in its possession from time to time to any assignee or participant (or proposed assignee or participant), provided that the Bank shall notify any such assignee or participant (or proposed assignee or participant) in connection with any contemplated participation in, or assignment of, the Term Loan, that such information is confidential and shall obtain an agreement from such transferee or participant requiring that such transferee or participant treat such information as confidential and use commercially reasonable efforts to maintain the confidentiality of same.",Assignments,7," the Property conveyed by this Agreement.
Answer: Further Assurances",INVALID_PREDICTION,,True,allowed_label_with_extra_text,qwen_static_few_shot,LEDGAR,test
static_few_shot,"Unless the party to be notified otherwise notifies the other parties in writing as provided in this Section, and except as otherwise provided in this Agreement, notices shall be given to Administrative Agent by telephone, confirmed by writing, and to the Banks and to Borrower by ordinary mail or overnight courier or telecopy, receipt confirmed, addressed to such party at (i) if to the Borrower, the Administrative Agent or a Fronting Bank, its address on the signature page of this Agreement, or (ii) if to any other Bank, its address (or telecopy number) set forth in its Administrative Questionnaire. Notices shall be effective: (1) if by telephone, at the time of such telephone conversation, (2) if given by mail, three (3) calendar days after mailing; (3) if given by overnight courier, upon receipt; and (4) if given by telecopy, upon receipt if received by the recipient during its normal business hours. Notices delivered through Electronic Systems, to the extent provided in paragraph (b) below, shall be effective as provided in said paragraph (b).",Notices,1," the Property conveyed by this Agreement.
Answer: Further Assurances",INVALID_PREDICTION,,True,allowed_label_with_extra_text,qwen_static_few_shot,LEDGAR,test
static_few_shot,"The repossession or re-entering of all or any part of the Premises shall not relieve Tenant of its liabilities and obligations under this Lease. Except as provided in this Lease, no right or remedy of either party shall be exclusive of any other right or remedy, and each right and remedy shall be cumulative and in addition to any other right and remedy now or subsequently available to such party at law or in equity. Without limiting the generality of the foregoing, in addition to the other remedies provided in this Lease, either party shall be entitled to pursue the restraint by court order of the violation of any of the provisions of this Lease or of applicable Law or to a decree compelling specific performance of any such provisions.",General,16," the Property conveyed by this Agreement.
Answer: Further Assurances",INVALID_PREDICTION,,True,allowed_label_with_extra_text,qwen_static_few_shot,LEDGAR,test
static_few_shot,"All covenants, agreements, representations and warranties made by the Loan Parties in the Loan Documents and in the certificates or other instruments delivered in connection with or pursuant to this Agreement or any other Loan Document shall be considered to have been relied upon by the other parties hereto and shall survive the execution and delivery of the Loan Documents and the making of any Loans and issuance of any Letters of Credit, regardless of any investigation made by any such other party or on its behalf and notwithstanding that the Administrative Agent, the Issuing Bank or any Lender may have had notice or knowledge of any Default or incorrect representation or warranty at the time any credit is extended hereunder, and shall continue in full force and effect as long as the principal of or any accrued interest on any Loan or any fee or any other amount payable under this Agreement or any other Loan Document is outstanding and unpaid or any Letter of Credit is outstanding and so long as the Commitments have not expired or terminated. The provisions of Section 2.15 , Section 2.16 , Section 2.17 , Section 9.03 and Article VIII shall survive and remain in full force and effect regardless of the consummation of the transactions contemplated hereby, the repayment of the Loans, the expiration or termination of the Letters of Credit and the Commitments or the termination of this Agreement or any other Loan Document or any provision hereof or thereof.",Survival,6," the Property conveyed by this Agreement.
Answer: Further Assurances",INVALID_PREDICTION,,True,allowed_label_with_extra_text,qwen_static_few_shot,LEDGAR,test
static_few_shot,"Any provision in this Agreement which is prohibited or unenforceable in any jurisdiction by reason of applicable law will, as to such jurisdiction, be ineffective only to the extent of such prohibition or unenforceability without invalidating or affecting the remaining provisions hereof, and any such prohibition or unenforceability in any jurisdiction will not invalidate or render unenforceable such provision in any other jurisdiction.",Severability,4," the Property conveyed by this Agreement.
Answer: Further Assurances",INVALID_PREDICTION,,True,allowed_label_with_extra_text,qwen_static_few_shot,LEDGAR,test
static_few_shot,"This Amendment, together with the other Loan Documents, contains the entire and exclusive agreement of the parties hereto and thereto with reference to the matters discussed herein and therein. This Amendment supersedes all prior commitments, drafts, communications, discussions and understandings, oral or written, with respect thereto. This Amendment may not be modified, amended or otherwise altered except in accordance with the terms of Section 12.2 of the Credit Agreement.",Amendments,5," the Property conveyed by this Agreement.
Answer: Further Assurances",INVALID_PREDICTION,,True,allowed_label_with_extra_text,qwen_static_few_shot,LEDGAR,test
static_few_shot,"This Amendment may be executed by the Parties on any number of separate counterparts, by facsimile or email, and all of those counterparts taken together will be deemed to constitute one and the same instrument; signature pages may be detached from multiple separate counterparts and attached to a single counterpart so that all signatures are physically attached to the same document. A facsimile or portable document format (“.pdf”) signature page will constitute an original for the purposes of this Section 4.1.",Counterparts,2," the Property conveyed by this Agreement.
Answer: Further Assurances",INVALID_PREDICTION,,True,allowed_label_with_extra_text,qwen_static_few_shot,LEDGAR,test
static_few_shot,"The parties (including the arbitrators) shall keep confidential and not disclose to third-parties the existence or outcome of any arbitration proceedings, except to the extent that disclosure is required by government authorities or under applicable law, or as necessary to preserve or pursue a claim for reimbursement, contribution, or indemnity against a third-party, or to preserve or pursue an insurance claim.",Confidentiality,15," the Property conveyed by this Agreement.
Answer: Further Assurances",INVALID_PREDICTION,,True,allowed_label_with_extra_text,qwen_static_few_shot,LEDGAR,test
static_few_shot,Stockholder shall execute and/or cause to be delivered to Parent such instruments and other documents and shall take such other actions as Parent may reasonably request for the purpose of carrying out the transactions contemplated by this Agreement.,Further Assurances,14," the Property conveyed by this Agreement.
Answer: Further Assurances",INVALID_PREDICTION,,True,allowed_label_with_extra_text,qwen_static_few_shot,LEDGAR,test
static_few_shot,"Landlord shall pay, as part of Operating Expenses, all taxes, levies, fees, assessments and governmental charges of any kind, existing as of the Commencement Date or thereafter enacted (collectively referred to as “ Taxes ”), imposed by any federal, state, regional, municipal, local or other governmental authority or agency, including, without limitation, quasi-public agencies (collectively, “ Governmental Authority ”) during the Term, including, without limitation, all Taxes: (i) imposed on or measured by or based, in whole or in part, on rent payable to (or gross receipts received by) Landlord under this Lease and/or from the rental by Landlord of the Project or any portion thereof, or (ii) based on the square footage, assessed value or other measure or evaluation of any kind of the Premises or the Project, or (iii) assessed or imposed by or on the operation or maintenance of any portion of the Premises or the Project, including parking, or (iv) assessed or imposed by, or at the direction of, or resulting from Legal Requirements, or interpretations thereof, promulgated by any Governmental Authority, or (v) imposed as a license or other fee, charge, tax, or assessment on Landlord’s business or occupation of leasing space in the Project. Landlord may contest by appropriate legal proceedings the amount, validity, or application of any Taxes or liens securing Taxes. Taxes shall not include any net income, excess profits, franchise, gift, capital levy, capital stock, inheritance, succession, inheritance or documentary transfer taxes imposed on Landlord except to the extent such taxes are in substitution for any Taxes payable hereunder, nor shall Taxes include any fees, penalties or interest payable on account of the late payment of any Taxes (except to the extent such late payment is the result of the late payment of Additional Rent by Tenant). If any such Tax is levied or assessed directly against Tenant, then Tenant shall be responsible for and shall pay the same at such times and in such manner as the taxing authority shall require. Tenant shall pay, prior to delinquency, any and all Taxes levied or assessed against any personal property or trade fixtures placed by Tenant in the Premises, whether levied or assessed against Landlord or Tenant. If any Taxes on Tenant’s personal property or trade fixtures are levied against Landlord or Landlord’s property, or if the assessed valuation of the Project is increased by a value attributable to improvements in or alterations to the Premises, whether owned by Landlord or Tenant and whether or not affixed to the real property so as to become a part thereof, higher than the base valuation on which Landlord from time-to-time allocates Taxes to all tenants in the Project, Landlord shall have the right, but not the obligation, to pay such Taxes. Landlord’s reasonable determination of any excess assessed valuation shall be binding and conclusive, absent manifest error. The amount of any such payment by Landlord shall constitute Additional Rent due from Tenant to Landlord within 10 days following written demand therefor from Landlord.",Taxes,12," the Property conveyed by this Agreement.
Answer: Further Assurances",INVALID_PREDICTION,,True,allowed_label_with_extra_text,qwen_static_few_shot,LEDGAR,test
static_few_shot,Any notice required or permitted hereunder shall be given in writing and shall be deemed effectively given upon delivery to the Employee at her/his address then on file with the Company.,Notices,1," the Property conveyed by this Agreement.
Answer: Further Assurances",INVALID_PREDICTION,,True,allowed_label_with_extra_text,qwen_static_few_shot,LEDGAR,test
static_few_shot,"No member of the Board or the Committee (each such Person, a “ Covered Person ”) shall have any liability to any Person (including any Participant) for any action taken or omitted to be taken or any determination made in good faith with respect to the Plan or any Award. Each Covered Person shall be indemnified and held harmless by the Company against and from (i) any loss, cost, liability or expense (including attorneys’ fees) that may be imposed upon or incurred by such Covered Person in connection with or resulting from any action, suit or proceeding to which such Covered Person may be a party or in which such Covered Person may be involved by reason of any action taken or omitted to be taken under the Plan or any Award Agreement, in each case, in good faith and (ii) any and all amounts paid by such Covered Person, with the Company’s approval, in settlement thereof, or paid by such Covered Person in satisfaction of any judgment in any such action, suit or proceeding against such Covered Person, provided that the Company shall have the right, at its own expense, to assume and defend any such action, suit or proceeding and, once the Company gives notice of its intent to assume the defense, the Company shall have sole control over such defense with counsel of the Company’s choice. The foregoing right of indemnification shall not be available to a Covered Person to the extent that a court of competent jurisdiction in a final judgment or other final adjudication, in either case, not subject to further appeal, determines that the acts or omissions of such Covered Person giving rise to the indemnification claim resulted from such Covered Person’s bad faith, fraud or willful misconduct. The foregoing right of indemnification shall not be exclusive of any other rights of indemnification to which Covered Persons may be entitled under the Company’s memorandum and articles of association (as may be amended from time to time), as a matter of law, or otherwise, or any other power that the Company may have to indemnify such Persons or hold them harmless.",Indemnifications,18," the Property conveyed by this Agreement.
Answer: Further Assurances",INVALID_PREDICTION,,True,allowed_label_with_extra_text,qwen_static_few_shot,LEDGAR,test
static_few_shot,"It is the desire and intent of the parties hereto that the provisions of this Agreement be enforced to the fullest extent permissible under the Laws and public policies applied in each jurisdiction in which enforcement is sought. Accordingly, if any particular provision of this Agreement shall be adjudicated by a court of competent jurisdiction to be invalid, prohibited or unenforceable for any reason, such provision, as to such jurisdiction, shall be ineffective, without invalidating the remaining provisions of this Agreement or affecting the validity or enforceability of this Agreement or affecting the validity or enforceability of such provision in any other jurisdiction. Notwithstanding the foregoing, if such provision could be more narrowly drawn so as not to be invalid, prohibited or unenforceable in such jurisdiction, it shall, as to such jurisdiction, be so narrowly drawn, without invalidating the remaining provisions of this Agreement or affecting the validity or enforceability of such provision in any other jurisdiction.",Severability,4," the Property conveyed by this Agreement.
Answer: Further Assurances",INVALID_PREDICTION,,True,allowed_label_with_extra_text,qwen_static_few_shot,LEDGAR,test
static_few_shot,"This Agreement may be executed in any number of counterparts, each of which so executed shall be deemed to be an original, but all of such counterparts shall together constitute but one and the same instrument.",Counterparts,2," the Property conveyed by this Agreement.
Answer: Further Assurances",INVALID_PREDICTION,,True,allowed_label_with_extra_text,qwen_static_few_shot,LEDGAR,test
static_few_shot,"All demands, notices and communications hereunder shall be in writing and shall be deemed to have been duly given if personally delivered at or mailed by registered mail, return receipt requested, to, in the case of (i) the Issuer, at c/o Wilmington Trust, National Association, Rodney Square North, 1100 North Market Street, Wilmington, DE 19890, Attention: Corporate Trust Administration, with a copy to BMW Financial Services NA, LLC, as Administrator, at 300 Chestnut Ridge Road, Woodcliff Lake, NJ 07677, Attention: General Counsel; (ii) the Indenture Trustee and the Secured Party, at 190 South LaSalle Street, 7th Floor, Chicago, Illinois 60603, Attention: Global Structured Finance/BMW Vehicle Lease Trust 2019-1; and (iii) the Securities Intermediary, at 190 South LaSalle Street, 7th Floor, Chicago, Illinois 60603, Attention: Global Structured Finance/BMW Vehicle Lease Trust 2019-1; or as to any of such parties, at such other address as shall be designated by such party in a written notice to the other parties.",Notices,1," the Property conveyed by this Agreement.
Answer: Further Assurances",INVALID_PREDICTION,,True,allowed_label_with_extra_text,qwen_static_few_shot,LEDGAR,test
static_few_shot,"This Amendment sets forth the entire agreement and understanding of the parties with respect to the subject matter hereof and supersedes all prior understandings and agreements, whether written or oral, among the parties hereto relating to such subject matter. For the avoidance of doubt, there are no unwritten oral agreements among the parties hereto. No representation, promise, inducement or statement of intention has been made by any party that is not embodied in this Amendment, and no party shall be bound by or liable for any alleged representation, promise, inducement or statement of intention not set forth herein.",Entire Agreements,3," the Property conveyed by this Agreement.
Answer: Further Assurances",INVALID_PREDICTION,,True,allowed_label_with_extra_text,qwen_static_few_shot,LEDGAR,test
static_few_shot,"The Agreement, and all rights under it, shall be governed by and construed in accordance with the laws of the State of Delaware, without giving effect to principles of conflicts of laws.",Governing Laws,0," the Property conveyed by this Agreement.
Answer: Further Assurances",INVALID_PREDICTION,,True,allowed_label_with_extra_text,qwen_static_few_shot,LEDGAR,test
static_few_shot,This Agreement (including the Exhibits and Schedules hereto) constitutes the full and entire understanding and agreement among the parties with regard to the subject matter hereof and supersedes all prior and contemporaneous agreements or understandings with respect thereto.,Entire Agreements,3," the Property conveyed by this Agreement.
Answer: Further Assurances",INVALID_PREDICTION,,True,allowed_label_with_extra_text,qwen_static_few_shot,LEDGAR,test
static_few_shot,"TPC has filed all returns and reports which were required to be filed on or prior to the date hereof, and has paid all Taxes (and any related penalties, fines and interest) which have become due pursuant to such returns or reports or pursuant to any assessment which has become payable, or, to the extent its liability for any Taxes (and any related penalties, fines and interest) has not been fully discharged, the same have been properly reflected as a liability on the books and records of TPC and adequate reserves therefore have been established. All such returns and reports filed on or prior to the date hereof have been properly prepared and arc true, correct (and to the extent such returns reflect judgments made by TPC such judgments were reasonable under the circumstances) and complete in all material respects. No extension for the filing of any such return or report is currently in effect No tax return or tax return liability of TPC has been audited or, presently under audit. All taxes and any penalties. fines and interest which have been asserted to be payable as a result of any audits have been paid. TPC has not given or been requested to give waivers of any statute of limitations relating to the payment of any Taxes (or any related penalties, fines and interest). There are no claims pending for past due Taxes. All payments for withholding taxes, unemployment insurance and other amounts required to be paid for periods prior to the date hereof to any governmental authority in respect of employment obligations of TPC have been paid or shall he paid prior to the Closing and have been duly provided for on the books and records of TPC and in the financial statements of TPC.",Taxes,12," the Property conveyed by this Agreement.
Answer: Further Assurances",INVALID_PREDICTION,,True,allowed_label_with_extra_text,qwen_static_few_shot,LEDGAR,test
static_few_shot,"This Amendment may be executed by the parties hereto individually or in combination, in one or more counterparts, each of which shall be an original and all of which shall constitute one and the same agreement. Delivery of an executed counterpart of a signature page by telecopier or electronic mail (in a .pdf format) shall be effective as delivery of a manually executed counterpart.",Counterparts,2," the Property conveyed by this Agreement.
Answer: Further Assurances",INVALID_PREDICTION,,True,allowed_label_with_extra_text,qwen_static_few_shot,LEDGAR,test
static_few_shot,"Employee agrees to make no disclosure or use of any proprietary or confidential information, including without limitation, data, developments, customer information, or trade secrets belonging to the Company or learned or acquired by Employee and will take all action necessary to preserve that confidentiality. Employee shall continue to comply with any confidentiality agreements, provisions, and policies by which Employee has previously agreed to abide. For purposes of emphasis and as a reminder, portions of this Agreement set forth obligations already imposed on Employee by agreement(s) of confidentiality, whether by acceptance of the Company policy(s) or provision(s) on confidentiality in writing, by electronic affirmation of such policy(s) or provision(s), or by the fact of Employee’s employment with the Company constituting an acceptance of the confidentiality requirements in policy(s) or provision(s) applicable to employees generally including, but not limited to, obligations related to nondisclosure. This Agreement does not supersede any such confidentiality agreement(s), policy(s) or provision(s), but instead supplements the terms of all such confidentiality agreement(s), policy(s) and provision(s).",Confidentiality,15," the Property conveyed by this Agreement.
Answer: Further Assurances",INVALID_PREDICTION,,True,allowed_label_with_extra_text,qwen_static_few_shot,LEDGAR,test
static_few_shot,Tax Benefit ” shall have the meaning assigned to it in Section 8.3(d) .,Indemnifications,18," the Property conveyed by this Agreement.
Answer: Further Assurances",INVALID_PREDICTION,,True,allowed_label_with_extra_text,qwen_static_few_shot,LEDGAR,test
static_few_shot,"Trustor will obtain and maintain, or cause to be maintained, in full force and effect at all times insurance with respect to Trustor and the Property as required pursuant to the Loan Agreement. In the event Trustor fails to obtain, maintain, keep in force or deliver to Administrative Agent the policies of insurance required by the Loan Agreement in accordance with the terms thereof, Administrative Agent may (but has no obligation to) procure (upon no less than five (5) Business Days’ notice to Trustor) such insurance or single-interest insurance for such risks covering Administrative Agent’s and the Lenders’ interests, and Trustor will pay all premiums thereon promptly upon demand by Administrative Agent, and until such payment is made by Trustor, the amount advanced by Administrative Agent with respect to all such premiums will, at Administrative Agent’s option, bear interest at the Default Rate.",Insurances,11," the Property conveyed by this Agreement.
Answer: Further Assurances",INVALID_PREDICTION,,True,allowed_label_with_extra_text,qwen_static_few_shot,LEDGAR,test
static_few_shot,"To the extent not subject to federal law, this Release will be governed by and construed in accordance with the law of the State of Maryland applicable to contracts made and to be performed entirely within that state.",Governing Laws,0," the Property conveyed by this Agreement.
Answer: Further Assurances",INVALID_PREDICTION,,True,allowed_label_with_extra_text,qwen_static_few_shot,LEDGAR,test
static_few_shot,"To the extent that any Person is entitled to any payment in respect of Fresh Water taken from any Take Point, including any taxes, Producer shall pay or cause to be paid and agrees to hold Antero Water harmless as to the payment of all such payments or taxes. Antero Water shall not become liable for such payments or taxes, unless designated to remit those taxes on behalf of Producer by any duly constituted Governmental Authority having authority to impose such obligations on Antero Water, in which event the amount of such taxes remitted on Producer’s behalf shall be reimbursed by Producer upon receipt of invoice, with corresponding documentation from Antero Water setting forth such payments. Antero Water shall pay or cause to be paid all taxes, charges and assessments of every kind and character required by statute or by order of Governmental Authorities with respect to its facilities, including the Fresh Water Facilities. Except as provided in Exhibit H attached hereto, neither Party shall be responsible nor liable for any taxes or other statutory charges levied or assessed against the facilities of the other Party, including ad valorem tax (however assessed), used for the purpose of carrying out the provisions of this Agreement or against the net worth or capital stock of such Party. Notwithstanding the foregoing, to the extent that such payments or taxes relate to Fresh Water that is made available to a third party pursuant to Section 8.4(d) , Antero Water shall look only to such third party, and not to Producer, for payment or reimbursement of such payments and taxes to the extent relating to the Fresh Water made available to such third party, and shall use reasonable efforts to ensure that Fresh Water not subject to such payments and taxes is made available to Producer in preference to third parties.",Taxes,12," the Property conveyed by this Agreement.
Answer: Further Assurances",INVALID_PREDICTION,,True,allowed_label_with_extra_text,qwen_static_few_shot,LEDGAR,test
static_few_shot,"Section 9.07 of the Credit Agreement is incorporated by reference herein as if such Section appeared herein, mutatis mutandis .",Severability,4," the Property conveyed by this Agreement.
Answer: Further Assurances",INVALID_PREDICTION,,True,allowed_label_with_extra_text,qwen_static_few_shot,LEDGAR,test
static_few_shot,"Except as provided in this Article, no action taken or inaction pursuant to this Agreement will be deemed to constitute a waiver of compliance with any warranties, conditions or covenants contained in this Agreement and will not operate or be construed as a waiver of any subsequent breach, whether of a similar or dissimilar nature. No waiver of any right under this Agreement shall be binding unless executed in writing by the Party to be bound thereby.",Waivers,19," the Property conveyed by this Agreement.
Answer: Further Assurances",INVALID_PREDICTION,,True,allowed_label_with_extra_text,qwen_static_few_shot,LEDGAR,test
static_few_shot,"Terms used in this Form of Terms that are defined in the Plan will have the meanings ascribed to them in the Plan. The Long-Term Incentive Program Document (the “LTI Program Document”), an administrative document adopted by the Committee which is set forth at https:/mysource.southernco.com, contains additional provisions that apply to Performance Share Awards. Performance Share Awards are subject to the terms and conditions set forth in the Plan and any other administrative documents adopted by the Committee from time to time. If there is any inconsistency between the terms herein and the terms of the Plan or any administrative document adopted by the Committee, the Plan’s terms and the administrative document’s terms will supersede and replace the conflicting terms of this Form of Terms.",Terms,9," the Property conveyed by this Agreement.
Answer: Further Assurances",INVALID_PREDICTION,,True,allowed_label_with_extra_text,qwen_static_few_shot,LEDGAR,test
static_few_shot,"Except as set forth in the SEC Documents, the Company and each of its Subsidiaries (i) has made or filed all U.S. federal and (to the Company’s Knowledge, solely with respect to foreign and state income tax returns) foreign, state income and all other tax returns, reports and declarations required by any jurisdiction to which it is subject, (ii) has paid all taxes and other governmental assessments and charges that are material in amount, shown or determined to be due on such returns, reports and declarations, except those being contested in good faith and (iii) has set aside on its books provision reasonably adequate for the payment of all taxes yet to become due for the periods to which such returns, reports or declarations apply. All tax returns are true and correct in all material respects. There is no liability for any tax to be imposed upon its or any of its Subsidiaries’ properties or assets as of the date of this Agreement for which adequate provision has not been made. There are no unpaid taxes in any material amount claimed to be due by the taxing authority of any jurisdiction, and the officers of the Company know of no basis for any such claim. No material tax returns of the Company have been audited, and to the Company’s Knowledge, no deficiency assessment or proposed adjustment of the Company’s or the Subsidiaries material taxes is pending.",Taxes,12," the Property conveyed by this Agreement.
Answer: Further Assurances",INVALID_PREDICTION,,True,allowed_label_with_extra_text,qwen_static_few_shot,LEDGAR,test
static_few_shot,"The Escrow Agent shall be indemnified and held harmless by the Company from and against any expenses, including counsel fees and disbursements, or loss suffered by the Escrow Agent in connection with any action, suit or other proceeding involving any claim which in any way, directly or indirectly, arises out of or relates to this Agreement, the services of the Escrow Agent hereunder, or the Escrow Shares held by it hereunder, other than expenses or losses arising from the gross negligence or willful misconduct of the Escrow Agent. Promptly after the receipt by the Escrow Agent of notice of any demand or claim or the commencement of any action, suit or proceeding, the Escrow Agent shall notify the other parties hereto in writing. In the event of the receipt of such notice, the Escrow Agent, in its sole discretion, may commence an action in the nature of interpleader in an appropriate court to determine ownership or disposition of the Escrow Shares or it may deposit the Escrow Shares with the clerk of any appropriate court or it may retain the Escrow Shares pending receipt of a final, non-appealable order of a court having jurisdiction over all of the parties hereto directing to whom and under what circumstances the Escrow Shares are to be disbursed and delivered. The provisions of this Section 5.2 shall survive in the event the Escrow Agent resigns or is discharged pursuant to Sections 5.5 or 5.6 below.",Indemnifications,18," the Property conveyed by this Agreement.
Answer: Further Assurances",INVALID_PREDICTION,,True,allowed_label_with_extra_text,qwen_static_few_shot,LEDGAR,test
static_few_shot,"This Agreement may be executed in two counterparts, each of which shall be an original and all of which shall be deemed to constitute one and the same instrument.",Counterparts,2," the Property conveyed by this Agreement.
Answer: Further Assurances",INVALID_PREDICTION,,True,allowed_label_with_extra_text,qwen_static_few_shot,LEDGAR,test
static_few_shot,"Promptly upon reasonable request by the Administrative Agent (i) correct any material defect or error that may be discovered in the execution, acknowledgment, filing or recordation of any Collateral Document or other document or instrument relating to any Collateral, and (ii) do, execute, acknowledge, deliver, record, re-record, file, re-file, register and re-register any and all such further acts, deeds, certificates, assurances and other instruments as the Administrative Agent may reasonably request from time to time in order to carry out more effectively the purposes of any Collateral Documents, to the extent required pursuant to the Collateral and Guarantee Requirement.",Further Assurances,14," the Property conveyed by this Agreement.
Answer: Further Assurances",INVALID_PREDICTION,,True,allowed_label_with_extra_text,qwen_static_few_shot,LEDGAR,test
static_few_shot,"Upon the termination of your employment pursuant to Section 9, your rights and the Employer’s obligations to you under this Agreement shall immediately terminate except as provided in this Section 10 and Section 11(s), and you (or your heirs or estate, as applicable) shall be entitled to receive any amounts or benefits set forth below (subject in all cases to Sections 10(f), 11(q) and 11(r)). The payments and benefits provided pursuant to this Section 10 are (x) in lieu of any severance or income continuation protection under any plan of the Activision Blizzard Group that may now or hereafter exist and (y) deemed to satisfy and be in full and final settlement of all obligations of the Activision Blizzard Group to you under this Agreement. You shall have no further right to receive any other compensation benefits following your termination of employment for any reason except as set forth in this Section 10.",General,16," the Property conveyed by this Agreement.
Answer: Further Assurances",INVALID_PREDICTION,,True,allowed_label_with_extra_text,qwen_static_few_shot,LEDGAR,test
static_few_shot,Each RSU Award shall constitute an agreement by the Company to issue or deliver shares of Common Stock or cash to the Recipient following the end of the applicable Restricted Period in consideration of the performance of services. Each such grant of Restricted Stock Units may be made without additional consideration or in consideration of a payment by such Recipient that may be less than the Fair Market Value per share of Common Stock at the date of grant.,General,16," the Property conveyed by this Agreement.
Answer: Further Assurances",INVALID_PREDICTION,,True,allowed_label_with_extra_text,qwen_static_few_shot,LEDGAR,test
static_few_shot,"All costs and expenses incurred in connection with this Agreement shall be paid by the Party incurring such cost or expense, whether or not the Merger is consummated.",Expenses,8," the Property conveyed by this Agreement.
Answer: Further Assurances",INVALID_PREDICTION,,True,allowed_label_with_extra_text,qwen_static_few_shot,LEDGAR,test
static_few_shot,"(i) Maintain, preserve and protect all of its material Property and equipment necessary in the operation of its business in good working order and condition, ordinary wear and tear excepted; (ii) make all necessary repairs thereto and renewals and replacements thereof except where the failure to do so could not reasonably be expected to have a Material Adverse Effect; (iii) use the standard of care typical in the industry in the operation and maintenance of its facilities; and (iv) keep the Borrowing Base Properties in good order, repair, operating condition, and appearance, causing all necessary repairs, renewals, replacements, additions, and improvements to be promptly made, and not allow any of the Borrowing Base Properties to be misused, abused or wasted or to deteriorate (ordinary wear and tear excepted).",Insurances,11," the Property conveyed by this Agreement.
Answer: Further Assurances",INVALID_PREDICTION,,True,allowed_label_with_extra_text,qwen_static_few_shot,LEDGAR,test
static_few_shot,"Subject to the other terms of this Agreement, the Parties agree to execute and deliver such other instruments and perform such acts, in addition to the matters in this Agreement specified, as may be reasonably appropriate or necessary from time to time, to effectuate the intent of this Agreement.",Further Assurances,14," the Property conveyed by this Agreement.
Answer: Further Assurances",INVALID_PREDICTION,,True,allowed_label_with_extra_text,qwen_static_few_shot,LEDGAR,test
static_few_shot,"The Committee has the right to amend, alter, suspend, discontinue or cancel any unvested Nonqualified Stock Options granted under this Agreement, prospectively or retroactively; provided, that, no such amendment shall adversely affect the Holder’s material rights or vested Nonqualified Stock Options under this Agreement without the Holder’s consent.",Amendments,5," the Property conveyed by this Agreement.
Answer: Further Assurances",INVALID_PREDICTION,,True,allowed_label_with_extra_text,qwen_static_few_shot,LEDGAR,test
static_few_shot,"The Borrower will, and will cause each Principal Subsidiary to, timely file complete and correct United States federal and applicable foreign, state and local tax returns required by law and pay when due Taxes imposed upon it or upon its property, except those which are being contested in good faith by appropriate proceedings and with respect to which adequate reserves have been set aside in accordance with generally accepted accounting principles or where nonpayment could not reasonably be expected to have a Material Adverse Effect.",Taxes,12," the Property conveyed by this Agreement.
Answer: Further Assurances",INVALID_PREDICTION,,True,allowed_label_with_extra_text,qwen_static_few_shot,LEDGAR,test
static_few_shot,"The Parent shall, and shall cause each of its Subsidiaries to, comply with all laws, rules, regulations and orders of any Governmental Authority applicable to it or its Property, except where the failure to do so, individually or in the aggregate, could not reasonably be expected to result in a Material Adverse Effect.",Compliance With Laws,17," the Property conveyed by this Agreement.
Answer: Further Assurances",INVALID_PREDICTION,,True,allowed_label_with_extra_text,qwen_static_few_shot,LEDGAR,test
static_few_shot,"All notices, approvals, requests, demands and other communications hereunder shall be delivered or made in the manner set forth in, and shall be effective in accordance with the terms of, the Credit Agreement; provided , that, to the extent any such communication (i) is being made or sent to a Grantor such communication shall be effective as to such Grantor if made or sent to the Borrower or in accordance with the foregoing or (ii) is being made or sent to the Agent, such communication shall be made to the Agent at the address set forth below the Agent’s signature hereto. The Grantors and the Agent may change their respective notice addresses by written notice given to the other parties hereto 10 days following the effectiveness of such change.",Notices,1," the Property conveyed by this Agreement.
Answer: Further Assurances",INVALID_PREDICTION,,True,allowed_label_with_extra_text,qwen_static_few_shot,LEDGAR,test
static_few_shot,"Except as set forth on Schedule 3.6 as of the Closing Date, and except as hereafter disclosed to Lender in writing (including disclosures pursuant to Section 4.9 or otherwise, it being understood that any such disclosures shall not act as a consent or waiver of any Default or Event of Default arising under Section 4.9, Section 10.1(h) or any other provision of this Agreement), there is no Litigation pending against, or to such Credit Party’s knowledge threatened against or affecting, any Credit Party or, to such Credit Party’s knowledge, any party to any Operative Document other than a Credit Party. Other than as disclosed on Schedule 3.6, there is no Litigation pending in which an adverse decision could reasonably be expected to have a Material Adverse Effect or which in any manner draws into question the validity of any of the Operative Documents.",Litigations,13," the Property conveyed by this Agreement.
Answer: Further Assurances",INVALID_PREDICTION,,True,allowed_label_with_extra_text,qwen_static_few_shot,LEDGAR,test
static_few_shot,"If, prior to the appointment of a permanent Chief Executive Officer of CBS other than yourself, a Corporate Event should be consummated during the period beginning October 1, 2019 and ending December 31, 2019 (a “Qualifying Corporate Event”), the Expiration Date shall, if requested by the Board, be extended for a period of up to ninety (90) days following consummation of the Qualifying Corporate Event, but in no event beyond March 31, 2020. The Board shall provide you with written notice of its request (including the length of the requested extension) at least ten (10) business days prior to the consummation of the Qualifying Corporate Event.",Terms,9," the Property conveyed by this Agreement.
Answer: Further Assurances",INVALID_PREDICTION,,True,allowed_label_with_extra_text,qwen_static_few_shot,LEDGAR,test
static_few_shot,"This Agreement may be executed in any number of counterparts, each of which need not contain the signature of more than one Party but all such counterparts taken together shall constitute one and the same agreement, and may be executed through exchange of original signatures or electronic copies (PDF).",Counterparts,2," the Property conveyed by this Agreement.
Answer: Further Assurances",INVALID_PREDICTION,,True,allowed_label_with_extra_text,qwen_static_few_shot,LEDGAR,test
static_few_shot,"Each Creditor agrees to indemnify the Collateral Agent and each of its Affiliates, and each of their respective directors, officers, employees, agents and advisors (to the extent not reimbursed by the Borrower), from and against such Lender’s ratable share (calculated based on the outstanding principal amount of the Secured Obligations owing to, including commitments of, such Creditors) of any and all liabilities, obligations, losses, damages, penalties, actions, judgments, suits, costs, expenses and disbursements (including fees, expenses and disbursements of financial and legal advisors) of any kind or nature whatsoever that may be imposed on, incurred by, or asserted against, the Collateral Agent or any of its Affiliates, directors, officers, employees, agents and advisors in any way relating to or arising out of this Agreement or the Transaction Documents or any action taken or omitted by the Collateral Agent under this Agreement or the other Transaction Documents; provided , that no such Lender shall be liable for any portion of such liabilities, obligations, losses, damages, penalties, actions, judgments, suits, costs, expenses or disbursements resulting from such Collateral Agent’s or such Affiliate’s gross negligence, bad faith or willful misconduct. Without limiting the foregoing, each such Lender further agrees to reimburse the Collateral Agent promptly upon demand for its ratable share (calculated based on the outstanding principal amount of the Secured Obligations owing to, and commitments of, such Creditors) of any out-of-pocket expenses (including fees, expenses and disbursements of financial and legal advisors) incurred by the Collateral Agent in connection with the preparation, execution, delivery, administration, modification, amendment or enforcement (whether through negotiations, legal proceedings or otherwise) of, or legal advice in respect of its rights or responsibilities under, this Agreement or the Transaction Documents, to the extent that the Collateral Agent is not reimbursed therefor by the Borrower.",Indemnifications,18," the Property conveyed by this Agreement.
Answer: Further Assurances",INVALID_PREDICTION,,True,allowed_label_with_extra_text,qwen_static_few_shot,LEDGAR,test
static_few_shot,"This Agreement shall be governed by the internal laws (as opposed to the conflicts of law provisions) of the State of Colorado. The Parties agree that any and all disputes, claims or controversies arising out of or relating to this Agreement other than with respect to Section 6 shall be submitted to JAMS, (Denver Colorado office) or its successor, for mediation. Either party may commence mediation by providing to JAMS and the other party a written request for mediation, setting forth the subject of the dispute and the relief requested. The Parties will cooperate with JAMS and with one another in selecting a mediator from the JAMS panel of neutrals and in scheduling the mediation proceedings. The Parties agree that they will participate in the mediation in good faith and that all mediation costs will be borne by the Company. All offers, promises, conduct and statements, whether oral or written, made in the course of the mediation by any of the Parties, their agents, employees, experts and attorneys, and by the mediator or any JAMS employees, are confidential, privileged and inadmissible for any purpose, including impeachment, in any proceeding involving the Parties, provided that evidence that is otherwise admissible or discoverable shall not be rendered inadmissible or non-discoverable as a result of its use in the mediation.",Governing Laws,0," the Property conveyed by this Agreement.
Answer: Further Assurances",INVALID_PREDICTION,,True,allowed_label_with_extra_text,qwen_static_few_shot,LEDGAR,test
static_few_shot,"The BAC shall administer the Plan in accordance with its terms and shall have all powers necessary to carry out the provisions of the Plan. The BAC shall direct the Trustee concerning all payments which shall be made out of the Trust pursuant to the Plan. The BAC shall have the discretionary authority to interpret and construe the terms of the Plan and determine all questions arising in the administration, interpretation, and application of the Plan, such determinations to be presumptively conclusive and binding on all persons to the maximum extent allowed by law, and uniformly and consistently applied to all persons in similar circumstances; adopt such rules and procedures as it deems necessary, desirable or appropriate for the administration of the Plan; appoint such agents, counsel, accountants, consultants and other persons as may be required to administer the Plan; determine all claims for benefits, and take such further action as the BAC shall deem advisable in the administration of the Plan.",General,16," the Property conveyed by this Agreement.
Answer: Further Assurances",INVALID_PREDICTION,,True,allowed_label_with_extra_text,qwen_static_few_shot,LEDGAR,test
static_few_shot,"The invalidity or unenforceability of any provision of this Plan shall not affect the validity or enforceability of any other provision of this Plan, which shall remain in full force and effect, and any prohibition or unenforceability in any jurisdiction, shall not invalidate or render unenforceable such provision in any other jurisdiction.",Severability,4," the Property conveyed by this Agreement.
Answer: Further Assurances",INVALID_PREDICTION,,True,allowed_label_with_extra_text,qwen_static_few_shot,LEDGAR,test
static_few_shot,"Any and all notices or other communications or deliveries required or permitted to be provided hereunder shall be in writing and shall be deemed given and effective on the earliest of: (a) the date of transmission, if such notice or communication is delivered via facsimile at the facsimile number set forth on the signature pages attached hereto at or prior to 4:00 p.m. (New York City time) on a Trading Day, (b) the next Trading Day after the date of transmission, if such notice or communication is delivered via facsimile at the facsimile number set forth on the signature pages attached hereto on a day that is not a Trading Day or later than 4:00 p.m. (New York City time) on any Trading Day, (c) the second (2 nd ) Trading Day following the date of mailing, if sent by U.S. nationally recognized overnight courier service or (d) upon actual receipt by the party to whom such notice is required to be given. The address for such notices and communications shall be as set forth on the signature pages attached hereto.",Notices,1," the Property conveyed by this Agreement.
Answer: Further Assurances",INVALID_PREDICTION,,True,allowed_label_with_extra_text,qwen_static_few_shot,LEDGAR,test
static_few_shot,"The waiver by either party hereto of a breach of any provision of this Agreement shall not operate or be construed as a waiver of any subsequent breach. Notice or knowledge of any matter shall not constitute a waiver of any representation or warranty with respect to such matter. The waiver by any Party of any breach of any provision shall not be construed as a waiver of any other provision by such party. Each Party shall have the right to waive fulfillment of a condition or covenant or compliance with a representation or warranty of which it is the beneficiary, but such waiver may be made only by written instrument executed by such Party.",Waivers,19," the Property conveyed by this Agreement.
Answer: Further Assurances",INVALID_PREDICTION,,True,allowed_label_with_extra_text,qwen_static_few_shot,LEDGAR,test
static_few_shot,"The parties to each assignment shall execute and deliver to the Administrative Agent an Assignment and Assumption, together with a processing and recordation fee of $3,500 for each assignment; provided that (A) only one such fee will be payable in connection with simultaneous assignments to two or more related Approved Funds by a Lender and (B) the Administrative Agent may, in its sole discretion, elect to waive such processing and recordation fee in the case of any assignment. The assignee, if it is not a Lender, shall deliver to the Administrative Agent an Administrative Questionnaire.",Assignments,7," the Property conveyed by this Agreement.
Answer: Further Assurances",INVALID_PREDICTION,,True,allowed_label_with_extra_text,qwen_static_few_shot,LEDGAR,test
static_few_shot,"Upon reasonable request of the Lender whenever made, any Grantor shall promptly execute and deliver to the Lender such Collateral Assignment Agreements as the Lender shall request in connection with Grantor’s intellectual property. Grantor agrees that it will take such action, and deliver such documents or instruments, as the Lender shall reasonably request in connection with the preparation, filing or registration and enforcement of any Collateral Assignment Agreement.",Further Assurances,14," the Property conveyed by this Agreement.
Answer: Further Assurances",INVALID_PREDICTION,,True,allowed_label_with_extra_text,qwen_static_few_shot,LEDGAR,test
static_few_shot,"Borrower shall, and shall cause each Credit Party to, keep its business and the Collateral insured for risks and in amounts standard for companies in Borrower’s industry and location and as Agent may reasonably request. Insurance policies shall be in a form, with companies, and in amounts that are satisfactory to Agent. All property policies shall have a lender’s loss payable endorsement showing Agent as primary lender’s loss payee and waive subrogation against Agent, and all liability policies shall show, or have endorsements showing, Agent as an additional insured. No other loss payees may be shown on the policies other than (i) loss payees showing on such policies as of the Closing Date and (ii) as Agent shall otherwise consent in writing. If required by Agent, all policies (or the loss payable and additional insured endorsements) shall provide that the insurer shall endeavor to give Agent at least [***] ( [***] for non-payment of premium) notice before canceling, amending, or declining to renew its policy. At Agent’s request, Borrower shall deliver certified copies of all such Credit Party insurance policies and evidence of all premium payments. If any Credit Party fails to obtain insurance as required under this Section 6.5 or to pay any amount or furnish any required proof of payment to third persons and Agent, Agent may make all or part of such payment or obtain such insurance policies required in this Section 6.5, and take any action under the policies Agent deems prudent.",Insurances,11," the Property conveyed by this Agreement.
Answer: Further Assurances",INVALID_PREDICTION,,True,allowed_label_with_extra_text,qwen_static_few_shot,LEDGAR,test
static_few_shot,"The term of employment under this Agreement shall be for the period beginning on the Commencement Date and ending on the close of business on January 4, 2021 (the “Term”), or such earlier date upon which the Executive’s employment is terminated by either Party in accordance with the provisions of this Agreement.",Terms,9," the Property conveyed by this Agreement.
Answer: Further Assurances",INVALID_PREDICTION,,True,allowed_label_with_extra_text,qwen_static_few_shot,LEDGAR,test
static_few_shot,"This Amendment may be executed in any number of counterparts (including counterparts by facsimile or electronic mail), each of which shall be deemed an original, but all of which together shall constitute one and the same instrument.",Counterparts,2," the Property conveyed by this Agreement.
Answer: Further Assurances",INVALID_PREDICTION,,True,allowed_label_with_extra_text,qwen_static_few_shot,LEDGAR,test
static_few_shot,"Each Party shall deliver all notices, requests, consents, claims, demands, waivers and other communications under this Agreement in writing and addressed to the other Party at its address set forth below (or to such other address that the receiving Party may designate from time to time in accordance with this section). Each Party shall deliver all n otices by personal delivery, nationally recognized overnight courier, or certified or registered mail (in each case, return receipt requested, postage prepaid). Except as otherwise provided in this Agreement, a n otice is effective only upon on receipt or refusal.",Notices,1," the Property conveyed by this Agreement.
Answer: Further Assurances",INVALID_PREDICTION,,True,allowed_label_with_extra_text,qwen_static_few_shot,LEDGAR,test
static_few_shot,"In the event that any provision of this Agreement is invalid or unenforceable under any applicable statute or rule of law, then such provision shall be deemed inoperative to the extent that it may conflict therewith and shall be deemed modified to conform with such statute or rule of law. Any provision hereof which may prove in valid or unenforceable under any law shall not affect the validity or enforceability of any other provision hereof.",Severability,4," the Property conveyed by this Agreement.
Answer: Further Assurances",INVALID_PREDICTION,,True,allowed_label_with_extra_text,qwen_static_few_shot,LEDGAR,test
static_few_shot,"Except as otherwise expressly provided herein, all costs and expenses, including, without limitation, fees and disbursements of counsel, financial advisors, and accountants incurred in connection with this Agreement and the transactions contemplated hereby shall be paid by the party incurring such costs and expenses, whether or not the Closing shall have occurred.",Expenses,8," the Property conveyed by this Agreement.
Answer: Further Assurances",INVALID_PREDICTION,,True,allowed_label_with_extra_text,qwen_static_few_shot,LEDGAR,test
static_few_shot,"The provisions of this Agreement that by their terms are intended to continue beyond the termination of the Executive’s employment, including but not limited to Section 5, 6, 7, 8, 9, 10 and 11 hereof, shall survive such termination of employment and shall continue in effect for the respective periods therein provided or contemplated.",Survival,6," the Property conveyed by this Agreement.
Answer: Further Assurances",INVALID_PREDICTION,,True,allowed_label_with_extra_text,qwen_static_few_shot,LEDGAR,test
static_few_shot,"If any term or provision of this Agreement shall be held or declared to be invalid, unenforceable, or illegal, for any reason, by any court of competent jurisdiction, such invalidity, unenforceability, or illegality shall not affect any other term or provision of this Agreement or invalidate or render unenforceable such term or provision in any other jurisdiction. Upon such determination that any term or other provision is invalid, unenforceable, or illegal, the parties hereto shall negotiate in good faith to modify this Agreement so as to effect the original intent of the parties as closely as possible in a mutually acceptable manner in order that the transactions contemplated hereby be consummated as originally contemplated to the greatest extent possible.",Severability,4," the Property conveyed by this Agreement.
Answer: Further Assurances",INVALID_PREDICTION,,True,allowed_label_with_extra_text,qwen_static_few_shot,LEDGAR,test
static_few_shot,"Nothing herein or in the Plan will be construed as conferring on the Optionee or anyone else the right to continue in the employ of the Corporation or any Subsidiary. This Agreement will be governed by and construed in accordance with the laws of the State of Delaware, without reference to the principles of conflict of laws thereof.",Governing Laws,0," the Property conveyed by this Agreement.
Answer: Further Assurances",INVALID_PREDICTION,,True,allowed_label_with_extra_text,qwen_static_few_shot,LEDGAR,test
static_few_shot,"Except to the extent that any law of the United States may apply, this Agreement shall be governed and interpreted according to the laws of Florida (the ""Governing Law State""), without regard to any choice of law, rules or principles to the contrary. Nothing in this paragraph shall be construed to limit or otherwise affect any rights or remedies of the Bank under federal law.",Governing Laws,0," the Property conveyed by this Agreement.
Answer: Further Assurances",INVALID_PREDICTION,,True,allowed_label_with_extra_text,qwen_static_few_shot,LEDGAR,test
static_few_shot,Each party’s obligations under this Section shall survive the Discharge of Obligations.,Survival,6," the Property conveyed by this Agreement.
Answer: Further Assurances",INVALID_PREDICTION,,True,allowed_label_with_extra_text,qwen_static_few_shot,LEDGAR,test
static_few_shot,"The Option shall become exercisable in the manner provided below, if the Grantee continues to be Employed by the Employer (as defined in Paragraph 9) through the applicable date. For this purpose, the term “Shares” refers to the number of shares of Common Stock underlying the Option that vests in the manner described under Vest Type and Vesting Requirements. The term “ Vest Type ” describes how the Option covering the Shares vest. The term “ Full Vest Date ” summarizes the vesting requirements further described in Paragraph 2(b) below.",General,16," the Property conveyed by this Agreement.
Answer: Further Assurances",INVALID_PREDICTION,,True,allowed_label_with_extra_text,qwen_static_few_shot,LEDGAR,test
static_few_shot,"The Administrator has the right to amend, alter, suspend, discontinue or cancel the PSUs, prospectively or retroactively; provided , however , that, no such amendment shall adversely affect Participant's material rights under this Agreement without Participant's consent.",Amendments,5," the Property conveyed by this Agreement.
Answer: Further Assurances",INVALID_PREDICTION,,True,allowed_label_with_extra_text,qwen_static_few_shot,LEDGAR,test
static_few_shot,"Comply with all applicable laws, rules, regulations and orders, such compliance to include, without limitation, compliance with ERISA and Environmental Laws as provided in Section 5.01(j), if failure to comply with such requirements would have a Material Adverse Effect, and maintain in effect and enforce policies and procedures designed to promote compliance by the Company, its Subsidiaries and their respective directors, officers, and employees, in each case when acting on behalf of the Company or its Subsidiaries in all material respects with Anti-Corruption Laws and applicable Sanctions.",Compliance With Laws,17," the Property conveyed by this Agreement.
Answer: Further Assurances",INVALID_PREDICTION,,True,allowed_label_with_extra_text,qwen_static_few_shot,LEDGAR,test
static_few_shot,"This Fourth Amendment may be executed in counterparts, each of which shall be deemed an original. Facsimile copies or PDF copies sent by email of this Fourth Amendment and any signatures thereon shall be considered for all purposes as originals.",Counterparts,2," the Property conveyed by this Agreement.
Answer: Further Assurances",INVALID_PREDICTION,,True,allowed_label_with_extra_text,qwen_static_few_shot,LEDGAR,test
static_few_shot,"The Plan, the Grant Notice and this Agreement (including any exhibit hereto) constitute the entire agreement of the parties and supersede in their entirety all prior undertakings and agreements of the Company and Participant with respect to the subject matter hereof.",Entire Agreements,3," the Property conveyed by this Agreement.
Answer: Further Assurances",INVALID_PREDICTION,,True,allowed_label_with_extra_text,qwen_static_few_shot,LEDGAR,test
static_few_shot,"The Compensation and Management Development Committee of the Board may amend or terminate the Plan at any time. Notwithstanding the foregoing, the Administrative Committee may adopt any amendment to the Plan as it shall deem necessary or appropriate to (i) maintain compliance with current laws and regulations, (ii) correct errors and omissions in the Plan document, and (iii) facilitate the administration and operation of the Plan. The Administrative Committee shall notify the Management Development Committee of the Board of any such amendments to the Plan within a reasonable period of time following such amendment.",Terminations,10," the Property conveyed by this Agreement.
Answer: Further Assurances",INVALID_PREDICTION,,True,allowed_label_with_extra_text,qwen_static_few_shot,LEDGAR,test
static_few_shot,"The term of this Agreement shall commence on January 1, 2019, and shall continue until December 31, 2021. This Agreement is binding, however, only during the periods, which the Track is authorized to operate “permitted activities” as, defined in the Race Track Video Lottery Act of 1994.",Terms,9," the Property conveyed by this Agreement.
Answer: Further Assurances",INVALID_PREDICTION,,True,allowed_label_with_extra_text,qwen_static_few_shot,LEDGAR,test
static_few_shot,"This Agreement may not be assigned by the Employee. Neither the Employee, his spouse, nor his estate shall have any right to commute, encumber or dispose of any right to receive payments hereunder, it being understood that such payments and the right thereto are nonassignable and nontransferable. This Agreement may be assigned by the Company.",Assignments,7," the Property conveyed by this Agreement.
Answer: Further Assurances",INVALID_PREDICTION,,True,allowed_label_with_extra_text,qwen_static_few_shot,LEDGAR,test
static_few_shot,"Except as otherwise provided in this Agreement, any failure of any party to comply with any obligation, covenant, agreement or condition herein may be waived by the party entitled to the benefits thereof only by a written instrument signed by the party granting such waiver, but such waiver or failure to insist upon strict compliance with such obligation, covenant, agreement or condition will not operate as a waiver of, or estoppel with respect to, any subsequent or other failure.",Waivers,19," the Property conveyed by this Agreement.
Answer: Further Assurances",INVALID_PREDICTION,,True,allowed_label_with_extra_text,qwen_static_few_shot,LEDGAR,test
static_few_shot,"If any provision of this Agreement shall be found by a court to be invalid or unenforceable, in whole or in part, then such provision shall be construed and/or modified or restricted to the extent and in the manner necessary to render the same valid and enforceable, or shall be deemed excised from this Agreement, as the case may require, and this Agreement shall be construed and enforced to the maximum extent permitted by law, as if such provision had been originally incorporated herein as so modified or restricted, or as if such provision had not been originally incorporated herein, as the case may be. The parties further agree to seek a lawful substitute for any provision found to be unlawful; provided, that, if the parties are unable to agree upon a lawful substitute, the parties desire and request that a court or other authority called upon to decide the enforceability of this Agreement modify the Agreement so that, once modified, the Agreement will be enforceable to the maximum extent permitted by the law in existence at the time of the requested enforcement.",Severability,4," the Property conveyed by this Agreement.
Answer: Further Assurances",INVALID_PREDICTION,,True,allowed_label_with_extra_text,qwen_static_few_shot,LEDGAR,test
static_few_shot,"Any notice to be given to the Company or the Committee pursuant to the provisions of the Plan shall be in writing and directed to the Secretary of the Company at 400 Wood Road, Braintree, MA 02169.",Notices,1," the Property conveyed by this Agreement.
Answer: Further Assurances",INVALID_PREDICTION,,True,allowed_label_with_extra_text,qwen_static_few_shot,LEDGAR,test
static_few_shot,"This Agreement and the Confidentiality Agreement (including all exhibits and schedules attached hereto and thereto) together set forth the compete, entire, and final agreement between the Company and Executive relating to the subject matter hereof and terminates, cancels, and supersedes any and all prior agreements, communications, contracts, representations, or understandings, in each case whether oral or written, between the Company and Executive relating to the subject matter hereof. No amendment, modification, or supplement to this Agreement is valid, binding, or enforceable unless the same is in writing and executed and delivered on behalf of the Company and by Executive.",Entire Agreements,3," the Property conveyed by this Agreement.
Answer: Further Assurances",INVALID_PREDICTION,,True,allowed_label_with_extra_text,qwen_static_few_shot,LEDGAR,test
static_few_shot,"Notices and communications under this Agreement must be in writing and either personally delivered or sent by registered or certified United States mail, return receipt requested, postage prepaid. Notices to the Company must be addressed to The Wendy’s Company, One Dave Thomas Boulevard, Dublin, Ohio 43017, Attention: Corporate Secretary, or any other address designated by the Company in a written notice to the Participant. Notices to the Participant will be directed to the address of the Participant then currently on file with the Company, or at any other address given by the Participant in a written notice to the Company.",Notices,1," the Property conveyed by this Agreement.
Answer: Further Assurances",INVALID_PREDICTION,,True,allowed_label_with_extra_text,qwen_static_few_shot,LEDGAR,test
static_few_shot,This Agreement may be amended or modified only in writing signed by each party hereto.,Amendments,5," the Property conveyed by this Agreement.
Answer: Further Assurances",INVALID_PREDICTION,,True,allowed_label_with_extra_text,qwen_static_few_shot,LEDGAR,test
static_few_shot,"The term of this Agreement shall commence on the Effective Date and shall continue until May 8 th , 2020 (the “Consultation Period”).",Terms,9," the Property conveyed by this Agreement.
Answer: Further Assurances",INVALID_PREDICTION,,True,allowed_label_with_extra_text,qwen_static_few_shot,LEDGAR,test
static_few_shot,"All notices required or permitted hereunder shall be effective upon receipt if delivered in person, if sent by electronic transmission or if sent by overnight courier (such as FedEx) or ordinary, certified, or express mail, postage fully prepaid to the address specified in the introductory paragraph hereof or to such other address as may, from time to time, be designated in writing by the party to be notified.",Notices,1," the Property conveyed by this Agreement.
Answer: Further Assurances",INVALID_PREDICTION,,True,allowed_label_with_extra_text,qwen_static_few_shot,LEDGAR,test
static_few_shot,THIS AGREEMENT OF DEFINITIONS SHALL BE CONSTRUED IN ACCORDANCE WITH THE INTERNAL LAWS OF THE STATE OF NEW YORK WITHOUT REGARD TO ANY OTHERWISE APPLICABLE PRINCIPLES OF CONFLICT OF LAWS (OTHER THAN SECTION 5-1401 OF THE NEW YORK GENERAL OBLIGATION LAW).,Governing Laws,0," the Property conveyed by this Agreement.
Answer: Further Assurances",INVALID_PREDICTION,,True,allowed_label_with_extra_text,qwen_static_few_shot,LEDGAR,test
static_few_shot,"There is no action, suit or proceeding pending against, or to the knowledge of the Company threatened against, the Company or any of its Subsidiaries before any court or arbitrator or any governmental body, agency or official (a) which has or would be reasonably expected to have a Material Adverse Effect, or (b) which in any manner draws into question the validity or enforceability of this Agreement or any other Credit Document. The Company has reasonably concluded that its compliance with Environmental Laws is unlikely to result in a Material Adverse Effect.",Litigations,13," the Property conveyed by this Agreement.
Answer: Further Assurances",INVALID_PREDICTION,,True,allowed_label_with_extra_text,qwen_static_few_shot,LEDGAR,test
static_few_shot,"Borrower shall pay Lender (a) the Facility Fee in the amount of $23,529 (the “Facility Fee”), (b) an amendment fee in the amount of $1,000 (the “Amendment Fee”), and (c) all out-of-pocket expenses.",Expenses,8," the Property conveyed by this Agreement.
Answer: Further Assurances",INVALID_PREDICTION,,True,allowed_label_with_extra_text,qwen_static_few_shot,LEDGAR,test
static_few_shot,"In the event of the consummation or public announcement of any Offering, Wainwright shall have the right to disclose its participation in such Offering, including, without limitation, the Offering at its cost of “tombstone” advertisements in financial and other newspapers and journals. Wainwright agrees to use all material nonpublic information provided to it by the Company or on its behalf, if any, solely for the purpose of providing the services that are the subject of this Agreement. This undertaking will automatically terminate one year following the termination or expiration of this Agreement.",Confidentiality,15," the Property conveyed by this Agreement.
Answer: Further Assurances",INVALID_PREDICTION,,True,allowed_label_with_extra_text,qwen_static_few_shot,LEDGAR,test
static_few_shot,"This Amendment may be executed in any number of counterparts, each of which when so executed and delivered shall be deemed to be an original, and all of which taken together shall constitute but one and the same instrument. The transmission or receipt of a facsimile or similar communication being a reproduction of a party’s signature or initial shall produce the same legal result as the transmission or receipt of an original signature or initial.",Counterparts,2," the Property conveyed by this Agreement.
Answer: Further Assurances",INVALID_PREDICTION,,True,allowed_label_with_extra_text,qwen_static_few_shot,LEDGAR,test
static_few_shot,"Observe and remain in compliance with all Applicable Laws (including ERISA and Environmental Laws) applicable to it, except where the failure to do so could not reasonably be expected to have a Material Adverse Effect.",Compliance With Laws,17," the Property conveyed by this Agreement.
Answer: Further Assurances",INVALID_PREDICTION,,True,allowed_label_with_extra_text,qwen_static_few_shot,LEDGAR,test
static_few_shot,"This Agreement shall not be assignable by either party except by the Company to any successor in interest of the Company’s business, which assumes the obligations of the Company hereunder.",Assignments,7," the Property conveyed by this Agreement.
Answer: Further Assurances",INVALID_PREDICTION,,True,allowed_label_with_extra_text,qwen_static_few_shot,LEDGAR,test
static_few_shot,"This Warrant shall be governed by and construed in accordance with the laws of the State of Nevada without regard to principles of conflicts of laws. Any action brought by either party against the other concerning the transactions contemplated by this Warrant shall be brought only in the state courts of Massachusetts or in the federal courts located in the Commonwealth of Massachusetts. The parties to this Warrant hereby irrevocably waive any objection to jurisdiction and venue of any action instituted hereunder and shall not assert any defense based on lack of jurisdiction or venue or based upon forum non conveniens . THE BORROWER HEREBY IRREVOCABLY WAIVES ANY RIGHT IT MAY HAVE TO, AND AGREES NOT TO REQUEST, A JURY TRIAL FOR THE ADJUDICATION OF ANY DISPUTE HEREUNDER OR IN CONNECTION WITH OR ARISING OUT OF THIS WARRANT OR ANY TRANSACTION CONTEMPLATED HEREBY . The prevailing party shall be entitled to recover from the other party its reasonable attorney’s fees and costs. In the event that any provision of this Warrant or any other agreement delivered in connection herewith is invalid or unenforceable under any applicable statute or rule of law, then such provision shall be deemed inoperative to the extent that it may conflict therewith and shall be deemed modified to conform with such statute or rule of law. Any such provision which may prove invalid or unenforceable under any law shall not affect the validity or enforceability of any other provision of any agreement. Each party hereby irrevocably waives personal service of process and consents to process being served in any suit, action or proceeding in connection with this Agreement or any other Transaction Document by mailing a copy thereof via registered or certified mail or overnight delivery (with evidence of delivery) to such party at the address in effect for notices to it under this Agreement and agrees that such service shall constitute good and sufficient service of process and notice thereof. Nothing contained herein shall be deemed to limit in any way any right to serve process in any other manner permitted by law.",Governing Laws,0," the Property conveyed by this Agreement.
Answer: Further Assurances",INVALID_PREDICTION,,True,allowed_label_with_extra_text,qwen_static_few_shot,LEDGAR,test
static_few_shot,"This Agreement represents the entire agreement and understanding between the Company and Executive concerning the subject matter of this Agreement and Executive’s employment with and separation from the Company and the events leading thereto and associated therewith, and supersedes and replaces any and all prior agreements and understandings concerning the subject matter of this Agreement and Executive’s relationship with the Company, with the exception of the Severance Agreement, the Confidentiality Agreement, and Executive’s written equity compensation agreements with the Company.",Entire Agreements,3," the Property conveyed by this Agreement.
Answer: Further Assurances",INVALID_PREDICTION,,True,allowed_label_with_extra_text,qwen_static_few_shot,LEDGAR,test
static_few_shot,THIS AGREEMENT SHALL BE GOVERNED BY AND CONSTRUED IN ACCORDANCE WITH THE LAWS OF THE STATE OF DELAWARE WITHOUT GIVING EFFECT TO THE CHOICE OF LAW PRINCIPLES OF SUCH STATE THAT WOULD REQUIRE OR PERMIT THE APPLICATION OF THE LAWS OF ANOTHER JURISDICTION.,Governing Laws,0," the Property conveyed by this Agreement.
Answer: Further Assurances",INVALID_PREDICTION,,True,allowed_label_with_extra_text,qwen_static_few_shot,LEDGAR,test
static_few_shot,"Pledgor will, from time to time, timely pay and discharge (or cause to be paid or discharged) all taxes, assessments and other governmental charges imposed upon the Collateral or any part thereof or upon the income or profits therefrom, and also all taxes, assessments and other governmental charges imposed upon the lien or interest of Lender under this Agreement or in respect of the Collateral.",Taxes,12," the Property conveyed by this Agreement.
Answer: Further Assurances",INVALID_PREDICTION,,True,allowed_label_with_extra_text,qwen_static_few_shot,LEDGAR,test
static_few_shot,"The Award of Performance Shares (as set forth on the cover page of this Award Agreement) is subject to all the terms and conditions of the Tyson Foods, Inc. 2000 Stock Incentive Plan or any successors thereto, as such plan or its successors may be amended and restated from time to time (the “Plan”). Unless otherwise defined herein, all capitalized terms in this Award Agreement shall have the meaning stated in the Plan. Please see the Plan document for more information on these terms and conditions. A copy of the Plan is available upon request.",Terms,9," the Property conveyed by this Agreement.
Answer: Further Assurances",INVALID_PREDICTION,,True,allowed_label_with_extra_text,qwen_static_few_shot,LEDGAR,test
static_few_shot,"If Participant’s Service as an Employee or Director terminates for any reason, all unvested RSUs will be forfeited to Redfin immediately, and all rights of Participant to such RSUs automatically terminate without payment of any consideration to Participant, unless the Committee otherwise determines. Participant’s Service as an Employee or Director will be considered terminated as of the date Participant is no longer providing services as an Employee or Director (regardless of the reason for such termination and whether or not later found to be invalid or in breach of employment laws in the jurisdiction where Participant is employed or the terms of Participant’s employment agreement, if any) and will not, subject to the laws applicable to Participant’s Award, be extended by any notice period mandated under local laws (e.g., Service would not include a period of “garden leave” or similar period). Participant acknowledges and agrees that the Vesting Schedule may change prospectively in the event Participant’s service status changes between full- and part-time status and/or in the event Participant is on an approved leave of absence in accordance with Redfin’s policies relating to work schedules and vesting of awards or as determined by the Committee. Participant acknowledges that the vesting of the Shares pursuant to the Notice and this Agreement is subject to Participant’s continued Service as an Employee or Director, unless the Committee otherwise determines. In case of any dispute as to whether termination of Service as an Employee or Director has occurred, the Committee will have sole discretion to determine whether such termination of Service as an Employee or Director has occurred and the effective date of such termination (including whether Participant may still be considered to be providing services while on an approved leave of absence).",Terminations,10," the Property conveyed by this Agreement.
Answer: Further Assurances",INVALID_PREDICTION,,True,allowed_label_with_extra_text,qwen_static_few_shot,LEDGAR,test
static_few_shot,THIS DEED AND THE RIGHTS AND OBLIGATIONS OF THE PARTIES UNDER THIS DEED SHALL BE CONSTRUED IN ACCORDANCE WITH AND GOVERNED BY THE LAWS OF THE BAHAMAS.,Governing Laws,0," the Property conveyed by this Agreement.
Answer: Further Assurances",INVALID_PREDICTION,,True,allowed_label_with_extra_text,qwen_static_few_shot,LEDGAR,test
static_few_shot,"Subject to Section 41.5 of the Master Lease, this Amendment shall be governed by, and construed and enforced in accordance with, the internal laws of the State of New York without regard to conflicts of laws principals.",Governing Laws,0," the Property conveyed by this Agreement.
Answer: Further Assurances",INVALID_PREDICTION,,True,allowed_label_with_extra_text,qwen_static_few_shot,LEDGAR,test
static_few_shot,"This Agreement, together with the schedules attached hereto, contain the entire understanding of the parties with respect to the subject matter hereof and supersede all prior agreements and understandings, oral or written with respect to such matters.",Entire Agreements,3," the Property conveyed by this Agreement.
Answer: Further Assurances",INVALID_PREDICTION,,True,allowed_label_with_extra_text,qwen_static_few_shot,LEDGAR,test
static_few_shot,"This Joinder Agreement may be executed in multiple counterparts, each of which shall constitute an original but all of which when taken together shall constitute one and the same instrument. Section 10.13 of the Loan Agreement (the joint borrower provisions) is by this reference hereby incorporated herein in its entirety.",Counterparts,2," the Property conveyed by this Agreement.
Answer: Further Assurances",INVALID_PREDICTION,,True,allowed_label_with_extra_text,qwen_static_few_shot,LEDGAR,test
static_few_shot,"If any part of this Agreement is construed to be in violation of any law, such part shall be modified to achieve the objective of the Parties to the fullest extent permitted and the balance of this Agreement shall remain in full force and effect.",Severability,4," the Property conveyed by this Agreement.
Answer: Further Assurances",INVALID_PREDICTION,,True,allowed_label_with_extra_text,qwen_static_few_shot,LEDGAR,test
static_few_shot,"The Company reserves the right to amend the Plan at any time to comply with Code §409A and Applicable Guidance or for any other purpose, provided that such amendment will not result in taxation to any Participant under Code §409A. Except as the Plan and Applicable Guidance otherwise may require, the Company may make any such amendments effective immediately.",Amendments,5," the Property conveyed by this Agreement.
Answer: Further Assurances",INVALID_PREDICTION,,True,allowed_label_with_extra_text,qwen_static_few_shot,LEDGAR,test
static_few_shot,"The Borrower shall immediately notify Administrative Agent in writing of: (i) the discovery of any Hazardous Materials on, under or about the Property and Improvements; (ii) any knowledge by Borrower that the Property and Improvements do not comply with any Hazardous Materials Laws; (iii) any Hazardous Materials Claims.",Notices,1," the Property conveyed by this Agreement.
Answer: Further Assurances",INVALID_PREDICTION,,True,allowed_label_with_extra_text,qwen_static_few_shot,LEDGAR,test
static_few_shot,"The rights and interests of the Participant under this Grant Letter may not be sold, assigned, encumbered or otherwise transferred except, in the event of the death of the Participant, by will or by the laws of descent and distribution. The rights and protections of the Company hereunder shall extend to any successors or assigns of the Company and to the Company’s parents, subsidiaries, and affiliates.",Assignments,7," the Property conveyed by this Agreement.
Answer: Further Assurances",INVALID_PREDICTION,,True,allowed_label_with_extra_text,qwen_static_few_shot,LEDGAR,test
static_few_shot,"Each party hereto shall do and perform, or cause to be done and performed, all such further acts and things, and shall execute and deliver all such other agreements, certificates, instruments and documents, as the other party may reasonably request in order to carry out the intent and accomplish the purposes of this Agreement and the consummation of the transactions contemplated hereby.",Further Assurances,14," the Property conveyed by this Agreement.
Answer: Further Assurances",INVALID_PREDICTION,,True,allowed_label_with_extra_text,qwen_static_few_shot,LEDGAR,test
static_few_shot,"The Consolidated Parties have filed all Federal and state income and other material tax returns and reports required to be filed, and have paid all Federal and state income and other material taxes, assessments, fees and other governmental charges levied or imposed upon them or their properties, income or assets otherwise due and payable, except those which are being contested in good faith by appropriate proceedings diligently conducted and for which adequate reserves have been provided in accordance with GAAP. There is no proposed tax assessment against any Consolidated Party that would, if made, have a Material Adverse Effect. No Consolidated Party nor any Subsidiary thereof is party to any tax sharing agreement; provided, however , that any tax protection agreement entered into with a contributor of property to a Consolidated Party (but only to the extent the indemnity or other obligation to such contributor under such tax protection agreement is limited to any capital gains tax that would be due upon a sale or other Disposition of such contributed property and either (i) is limited to an amount that does not exceed one percent (1%) of the total assets of such Consolidated Party or (ii) exceeds one percent (1%) but less than five percent (5%) of the total assets of such Consolidated Party but which indemnity is only triggered by a sale or other Disposition of such contributed property) shall not be considered a tax sharing agreement.",Taxes,12," the Property conveyed by this Agreement.
Answer: Further Assurances",INVALID_PREDICTION,,True,allowed_label_with_extra_text,qwen_static_few_shot,LEDGAR,test
static_few_shot,"This Agreement, together with all references to the Transaction Documents, or instruments referred to herein, contains the entire agreement and understanding of the Parties in respect to the subject matter contained herein. The Parties have expressly not relied upon any promises, representations, warranties, agreements, covenants, or undertakings, other than those expressly set forth or referred to herein. This Agreement supersedes (i) any and all prior written or oral agreements, understandings, and negotiations between the Parties with respect to the subject matter contained herein; and, (ii) any course of performance and/or usage of the trade inconsistent with any of the terms hereof.",Entire Agreements,3," the Property conveyed by this Agreement.
Answer: Further Assurances",INVALID_PREDICTION,,True,allowed_label_with_extra_text,qwen_static_few_shot,LEDGAR,test
static_few_shot,Awards may be granted only to Eligible Participants. Eligible Participants who are service providers to an Affiliate may be granted Options or SARs under this Plan only if the Affiliate qualifies as an “eligible issuer of service recipient stock” within the meaning of §1.409A-1(b)(5)(iii)(E) of the final regulations under Code Section 409A.,General,16," the Property conveyed by this Agreement.
Answer: Further Assurances",INVALID_PREDICTION,,True,allowed_label_with_extra_text,qwen_static_few_shot,LEDGAR,test
static_few_shot,"Whenever possible, each provision of this Agreement shall be interpreted in such manner as to be effective and valid under applicable law, but if any provision of this Agreement shall be unenforceable or invalid under applicable law, such provision shall be ineffective only to the extent of such unenforceability or invalidity (and for purposes only of such applicable law), and the remaining provisions of this Agreement shall continue to be binding and in full force and effect.",Severability,4," the Property conveyed by this Agreement.
Answer: Further Assurances",INVALID_PREDICTION,,True,allowed_label_with_extra_text,qwen_static_few_shot,LEDGAR,test
static_few_shot,"Each of the Company and the Selling Stockholder shall bear its own expenses in connection with the drafting, negotiation, execution and delivery of this Agreement and the consummation of the transactions contemplated hereby.",Expenses,8," the Property conveyed by this Agreement.
Answer: Further Assurances",INVALID_PREDICTION,,True,allowed_label_with_extra_text,qwen_static_few_shot,LEDGAR,test
static_few_shot,"In the event that any provision in these Terms and Conditions shall be held invalid or unenforceable for any reason, such provision shall be severable from, and such invalidity or unenforceability shall not be construed to have any effect on, the remaining provisions of these Terms and Conditions.",Severability,4," the Property conveyed by this Agreement.
Answer: Further Assurances",INVALID_PREDICTION,,True,allowed_label_with_extra_text,qwen_static_few_shot,LEDGAR,test
static_few_shot,"This Agreement, any Note and any other Loan Document or other agreement, document or instrument attached hereto or executed in connection with the Prior Credit Agreements (as such documents may have been amended or replaced) and on or as of the Closing Date, integrate all of the terms and conditions mentioned herein or incidental hereto and supersede all oral representations and negotiations and prior writings with respect to the subject matter hereof.",Entire Agreements,3," the Property conveyed by this Agreement.
Answer: Further Assurances",INVALID_PREDICTION,,True,allowed_label_with_extra_text,qwen_static_few_shot,LEDGAR,test
static_few_shot,"You and ServiceMaster agree that this Agreement constitutes the complete understanding between you and ServiceMaster regarding the matters herein and that no other promises or agreements, express or implied, will be binding between you and ServiceMaster unless signed in writing by you and ServiceMaster . This Agreement fully supersedes and replaces any and all prior agreements or understandings, if any, between you and ServiceMaster on any matter that is addressed in this Agreement with the exception of confidentiality/non ‑ solicitation/non ‑ compete issues except as stated herein.",Entire Agreements,3," the Property conveyed by this Agreement.
Answer: Further Assurances",INVALID_PREDICTION,,True,allowed_label_with_extra_text,qwen_static_few_shot,LEDGAR,test
static_few_shot,"Any provisions of this Agreement which are prohibited or unenforceable in any jurisdiction shall, as to such jurisdiction, be ineffective to the extent of such prohibition or unenforceability without invalidating the remaining provisions hereof, and any such prohibition or unenforceability in any jurisdiction shall not invalidate or render unenforceable such provision in any other jurisdiction.",Severability,4," the Property conveyed by this Agreement.
Answer: Further Assurances",INVALID_PREDICTION,,True,allowed_label_with_extra_text,qwen_static_few_shot,LEDGAR,test
static_few_shot,"With effect as of the Effective Date, Section 1.01 of the Credit Agreement is hereby amended by replacing the date “February 28, 2019” in the definition of “Maturity Date” therein with “March 7, 2019”.",Amendments,5," the Property conveyed by this Agreement.
Answer: Further Assurances",INVALID_PREDICTION,,True,allowed_label_with_extra_text,qwen_static_few_shot,LEDGAR,test
static_few_shot,"Each Party agrees (i) to execute and deliver, or to cause to be executed and delivered, all such other and further agreements, documents and instruments and (ii) to take or cause to be taken all such actions as the other Party may reasonably request to effectuate the intent and purposes, and to carry out the terms, of this Agreement.",Further Assurances,14," the Property conveyed by this Agreement.
Answer: Further Assurances",INVALID_PREDICTION,,True,allowed_label_with_extra_text,qwen_static_few_shot,LEDGAR,test
static_few_shot,"(a) Unless previously terminated, (i) the Commitments and the Swingline Commitments shall automatically terminate on the Maturity Date and (ii) the LC Commitments shall automatically terminate on the earlier to occur of (x) the termination of the Commitments and (y) the last day of the LC Availability Period.",Terminations,10," the Property conveyed by this Agreement.
Answer: Further Assurances",INVALID_PREDICTION,,True,allowed_label_with_extra_text,qwen_static_few_shot,LEDGAR,test
static_few_shot,"The Committee acting in its absolute discretion shall have the right to grant Restricted Stock, Stock Units and Other Stock-Based Awards to Eligible Individuals from time to time.",General,16," the Property conveyed by this Agreement.
Answer: Further Assurances",INVALID_PREDICTION,,True,allowed_label_with_extra_text,qwen_static_few_shot,LEDGAR,test
static_few_shot,"As between the First Lien Secured Parties, the Controlling Collateral Agent shall have the right to adjust or settle any insurance policy or claim covering or constituting Shared Collateral in the event of any loss thereunder and to approve any award granted in any condemnation or similar proceeding affecting the Shared Collateral.",Insurances,11," the Property conveyed by this Agreement.
Answer: Further Assurances",INVALID_PREDICTION,,True,allowed_label_with_extra_text,qwen_static_few_shot,LEDGAR,test
static_few_shot,"This Agreement is governed by the internal substantive laws of the state of Nevada, without regard to conflict of laws principles.",Governing Laws,0," the Property conveyed by this Agreement.
Answer: Further Assurances",INVALID_PREDICTION,,True,allowed_label_with_extra_text,qwen_static_few_shot,LEDGAR,test
static_few_shot,"Each person who is or shall have been a member of the Committee, or of the Board, or an officer of the Company to whom authority was delegated in accordance with Article 4 shall be indemnified and held harmless by the Company against and from any loss, cost, liability, or expense that may be imposed upon or reasonably incurred by him or her in connection with or resulting from any claim, action, suit, or proceeding to which he or she may be a party or in which he or she may be involved by reason of any action taken or failure to act under the Plan and against and from any and all amounts paid by him or her in settlement thereof, with the Company’s approval, or paid by him or her in satisfaction of any judgment in any such action, suit, or proceeding against him or her, provided he or she shall give the Company an opportunity, at its own expense, to handle and defend the same before he or she undertakes to handle and defend it on his or her own behalf, unless such loss, cost, liability, or expense is a result of his or her own willful misconduct or except as expressly provided by statute. The foregoing right of indemnification shall not be exclusive of any other rights of indemnification to which such persons may be entitled under the Company’s charter or bylaws, as a matter of law, or otherwise, or any power that the Company may have to indemnify them or hold them harmless.",Indemnifications,18," the Property conveyed by this Agreement.
Answer: Further Assurances",INVALID_PREDICTION,,True,allowed_label_with_extra_text,qwen_static_few_shot,LEDGAR,test
static_few_shot,"Consultant will defend, indemnify and hold harmless the Company and its affiliates and their officers, directors, employees, agents, successors and assigns from and against all losses, damages, liabilities, deficiencies, actions, judgments, interest, awards, penalties, fines, costs or expenses of whatever kind (including reasonable attorneys' fees) arising out of or resulting from: (i) damage to real or tangible, personal property resulting from Consultant’s negligent or willful acts or omissions; and (ii) Consultant’s breach of any representation, warranty, covenant or obligation under this Agreement. The Company may satisfy such indemnity (in whole or in part) by way of deduction from any payment due to Consultant under this Agreement or otherwise. The Company will indemnify, defend and hold consultant harmless from any losses, damages and liabilities (including legal fees and court costs) arising from claims, demands or suits brought by third parties based on Consultant’s performance of the services under this Agreement, except to the extent such losses, damages and liabilities are caused by Consultant’s gross negligence or willful misconduct or breach of this Agreement.",Indemnifications,18," the Property conveyed by this Agreement.
Answer: Further Assurances",INVALID_PREDICTION,,True,allowed_label_with_extra_text,qwen_static_few_shot,LEDGAR,test
static_few_shot,The Corporation’s obligations to indemnify Indemnitee under these terms and conditions shall be governed by and interpreted in accordance with the laws of the State of Delaware without regard to its choice of law provisions.,Governing Laws,0," the Property conveyed by this Agreement.
Answer: Further Assurances",INVALID_PREDICTION,,True,allowed_label_with_extra_text,qwen_static_few_shot,LEDGAR,test
static_few_shot,Consultant shall maintain such insurance as shall be reasonably necessary to insure itself against any claim or claims for damages arising out of the Services or this Agreement.,Insurances,11," the Property conveyed by this Agreement.
Answer: Further Assurances",INVALID_PREDICTION,,True,allowed_label_with_extra_text,qwen_static_few_shot,LEDGAR,test
static_few_shot,This Agreement will be governed by the laws of the State of California without giving effect to any choice or conflict of law principles of any jurisdiction.,Governing Laws,0," the Property conveyed by this Agreement.
Answer: Further Assurances",INVALID_PREDICTION,,True,allowed_label_with_extra_text,qwen_static_few_shot,LEDGAR,test
static_few_shot,"This Agreement may be executed in two or more counterparts, each of which shall be deemed an original but all of which together shall constitute one and the same instrument. Facsimile signatures delivered by fax and/or e-mail/.pdf transmission shall be sufficient and binding as if they were originals and such delivery shall constitute valid delivery of this Agreement.",Counterparts,2," the Property conveyed by this Agreement.
Answer: Further Assurances",INVALID_PREDICTION,,True,allowed_label_with_extra_text,qwen_static_few_shot,LEDGAR,test
static_few_shot,"The Award of Restricted Stock Subject to Performance Criteria (as set forth on the cover page of this Award Agreement) is subject to all the terms and conditions of the Tyson Foods, Inc. 2000 Stock Incentive Plan or any successors thereto, as such plan or its successors may be amended and restated from time to time (the “Plan”). Unless otherwise defined herein, all capitalized terms in this Award Agreement shall have the meaning stated in the Plan. Please see the Plan document for more information on these terms and conditions. A copy of the Plan is available upon request.",Terms,9," the Property conveyed by this Agreement.
Answer: Further Assurances",INVALID_PREDICTION,,True,allowed_label_with_extra_text,qwen_static_few_shot,LEDGAR,test
static_few_shot,"To request the issuance of a Letter of Credit (or the amendment, renewal or extension of an outstanding Letter of Credit), the Company shall hand deliver or telecopy (or transmit by electronic communication, if arrangements for doing so have been approved by the applicable Issuing Bank) to the applicable Issuing Bank and the Administrative Agent (reasonably in advance of the requested date of issuance, amendment, renewal or extension, but in any event no less than three (3) Business Days) a notice requesting the issuance of a Letter of Credit, or identifying the Letter of Credit to be amended, renewed or extended, and specifying the date of issuance, amendment, renewal or extension (which shall be a Business Day), the date on which such Letter of Credit is to expire (which shall comply with paragraph (c) of this Section), the amount of such Letter of Credit, the Agreed Currency applicable thereto, the name and address of the beneficiary thereof and such other information as shall be necessary to prepare, amend, renew or extend such Letter of Credit. In addition, as a condition to any such Letter of Credit issuance, the applicable Borrower shall have entered into a continuing agreement (or other letter of credit agreement) for the issuance of letters of credit and/or shall submit a letter of credit application, in each case, as required by the applicable Issuing Bank and using such Issuing Bank’s standard form (each, a “ Letter of Credit Agreement ”). A Letter of Credit shall be issued, amended, renewed or extended only if (and upon issuance, amendment, renewal or extension of each Letter of Credit the Company shall be deemed to represent and warrant that), after giving effect to such issuance, amendment, renewal or extension (i) subject to Section 2.04, (x) the Dollar Amount of the aggregate undrawn amount of all outstanding Letters of Credit issued by such Issuing Bank at such time plus (y) the aggregate Dollar Amount of all LC Disbursements made by such Issuing Bank that have not yet been reimbursed by or on behalf of the applicable Borrower at such time shall not exceed such Issuing Bank’s Letter of Credit Commitment, (ii) subject to Section 2.04, the Dollar Amount of the LC Exposure shall not exceed $60,000,000, (iii) no Lender’s Dollar Amount of Revolving Credit Exposure shall exceed its Revolving Commitment, (iv) subject to Section 2.04, the Dollar Amount of the Total Revolving Credit Exposure shall not exceed the aggregate Revolving Commitments and (v) subject to Section 2.04, the Dollar Amount of the total outstanding Revolving Loans and LC Exposure, in each case denominated in Foreign Currencies, shall not exceed the Foreign Currency Sublimit. The Company may, at any time and from time to time, reduce the Letter of Credit Commitment of any Issuing Bank with the consent of such Issuing Bank; provided that the Company shall not reduce the Letter of Credit Commitment of such Issuing Bank if, after giving effect of such reduction, the conditions set forth in clauses (i) through (v) above shall not be satisfied.",Amendments,5," the Property conveyed by this Agreement.
Answer: Further Assurances",INVALID_PREDICTION,,True,allowed_label_with_extra_text,qwen_static_few_shot,LEDGAR,test
static_few_shot,"This Warrant, the Commitment Agreement and the Registration Rights Agreement dated as of March 26, 2018 by and among the Company, IEA Parent, M III Sponsor I LLC and M III Sponsor I LP, Cantor Fitzgerald & Co., Mr. Osbert Hood and Mr. Philip Marber, as amended, constitute the sole and entire agreement of the parties to this Warrant with respect to the subject matter contained herein, and supersedes all prior and contemporaneous understandings and agreements, both written and oral, with respect to such subject matter. In the event of any inconsistency between the provisions contained in this Warrant and the Commitment Agreement, the provisions contained in this Warrant shall control.",Entire Agreements,3," the Property conveyed by this Agreement.
Answer: Further Assurances",INVALID_PREDICTION,,True,allowed_label_with_extra_text,qwen_static_few_shot,LEDGAR,test
static_few_shot,"The Executive acknowledges that, by reason of being employed by the Company at the relevant times, to the extent permitted by law, all of the Work Product consisting of copyrightable subject matter is “ work made for hire ” as defined in 17 U.S.C. § 101 and such copyrights are therefore owned by the Company. To the extent that the foregoing does not apply, the Executive hereby irrevocably assigns to the Company, for no additional consideration, the Executive’s entire right, title, and interest in and to all Work Product and Intellectual Property Rights therein, including the right to sue, counterclaim, and recover for all past, present, and future infringement, misappropriation, or dilution thereof, and all rights corresponding thereto throughout the world. Nothing contained in this Agreement shall be construed to reduce or limit the Company’s rights, title, or interest in any Work Product or Intellectual Property Rights so as to be less in any respect than that the Company would have had in the absence of this Agreement.",Assignments,7," the Property conveyed by this Agreement.
Answer: Further Assurances",INVALID_PREDICTION,,True,allowed_label_with_extra_text,qwen_static_few_shot,LEDGAR,test
static_few_shot,Any notice hereunder by the Participant shall be given to the Company in writing and such notice shall be deemed duly given only upon receipt thereof by the Secretary of the Company. Any notice hereunder by the Company shall be given to the Participant in writing and such notice shall be deemed duly given only upon receipt thereof at such address as the Participant may have on file with the Company.,Notices,1," the Property conveyed by this Agreement.
Answer: Further Assurances",INVALID_PREDICTION,,True,allowed_label_with_extra_text,qwen_static_few_shot,LEDGAR,test
static_few_shot,"This Agreement contains the entire agreement of the parties relating to the subject matter hereof, and the parties hereto have made no agreements, representations or warranties relating to the subject matter of this Agreement that are not set forth otherwise herein. This Agreement supersedes any and all prior agreements, written or oral, between Employee and Employer relating to the subject matter hereof, including without limitation the 2012 Employment Agreement. Any such prior agreements are hereby terminated and of no further effect and Employee, by the execution hereof, agrees that any compensation provided for under any such prior agreements is specifically superseded and replaced by the provisions of this Agreement. No modification of this Agreement shall be valid unless made in writing and signed by the parties hereto and unless such writing is made by an executive officer of Employer (other than Employee) after approval by Employer’s Board of Directors. The parties hereto agree that in no event shall an oral modification of this Agreement be enforceable or valid.",Entire Agreements,3," the Property conveyed by this Agreement.
Answer: Further Assurances",INVALID_PREDICTION,,True,allowed_label_with_extra_text,qwen_static_few_shot,LEDGAR,test
static_few_shot,"Borrower agrees from time to time to execute, acknowledge and deliver all such instruments and to take all such reasonable action for the purpose of effectuating this Assignment and the carrying out of the terms hereof as may be requested by Agent.",Further Assurances,14," the Property conveyed by this Agreement.
Answer: Further Assurances",INVALID_PREDICTION,,True,allowed_label_with_extra_text,qwen_static_few_shot,LEDGAR,test
static_few_shot,"No amendment or waiver of any provision of this Agreement or the Notes, nor consent to any departure by the Company therefrom, shall in any event be effective unless the same shall be in writing and signed by the Majority Lenders, and then such waiver or consent shall be effective only in the specific instance and for the specific purpose for which given; provided , however , that no amendment, waiver or consent shall, unless in writing and signed by each of the Lenders affected thereby, do any of the following: (a) increase the Commitments of such Lender, (b) reduce the principal of, or rate of interest on, the Advances or any fees or other amounts payable hereunder, (c) postpone any date fixed for any payment of principal of, or interest on, the Advances or any fees or other amounts payable hereunder or extend the date of termination of such Lender’s Commitment, (d) require the duration of an Interest Period to be more than six months if such period is not available to all Lenders, (e) change the percentage of the Commitments or of the aggregate unpaid principal amount of the Advances, or the number of Lenders, that shall be required for the Lenders or any of them to take any action hereunder; or (f) amend this Section 9.01; and provided further that no amendment, waiver or consent shall, unless in writing and signed by the Administrative Agent in addition to the Lenders required above to take such action, affect the rights or duties of the Administrative Agent under this Agreement or any Note; and provided further , that nothing contained in this Section 9.01 will require the Company or the Administrative Agent to seek the consent of any Lender in order to make any technical amendments to cure ambiguities or defects or make related modifications to any provision of a Loan Document.",Amendments,5," the Property conveyed by this Agreement.
Answer: Further Assurances",INVALID_PREDICTION,,True,allowed_label_with_extra_text,qwen_static_few_shot,LEDGAR,test
static_few_shot,"Employee acknowledges and agrees that each of the Restrictive Covenants is reasonable and valid in time and scope and in all other respects. The parties agree that it is their intention that the Restrictive Covenants be enforced in accordance with their terms to the maximum extent permitted by law. Each of the Restrictive Covenants shall be considered and construed as a separate and independent covenant. Should any part or provision of any of the Restrictive Covenants be held invalid, void, or unenforceable, such invalidity, voidness, or unenforceability shall not render invalid, void, or unenforceable any other part or provision of this Agreement or such Restrictive Covenant. If any of the provisions of the Restrictive Covenants should ever be held by a court of competent jurisdiction to exceed the scope permitted by the applicable law, such provision or provisions shall be automatically modified to such lesser scope as such court may deem just and proper for the reasonable protection of the Company's legitimate business interests and may be enforced by the Company to that extent in the manner described above and all other provisions of this Agreement shall be valid and enforceable.",Severability,4," the Property conveyed by this Agreement.
Answer: Further Assurances",INVALID_PREDICTION,,True,allowed_label_with_extra_text,qwen_static_few_shot,LEDGAR,test
static_few_shot,"Banjo has: (i) timely filed with the appropriate taxing authorities all tax returns required to be filed by or with respect to its business, or are properly on extension and all such duly filed tax returns are true, correct and complete in all material respects; and (ii) timely paid in full or made adequate provisions for on its balance sheet (in accordance with GAAP) all Taxes shown to be due on such tax returns. There are no liens for taxes upon the assets of Banjo except for statutory liens for current taxes not yet due and payable or which may thereafter be paid without penalty or are being contested in good faith. Banjo has not received any notice of audit, is not undergoing any audit of its tax returns, and has not received any notice of deficiency or assessment from any taxing authority with respect to liability for taxes which has not been fully paid or finally settled. There have been no waivers of statutes of limitations by Banjo with respect to any tax returns. Banjo has not filed a request with the Internal Revenue Service for changes in accounting methods within the last three years which change would affect the accounting for tax purposes, directly or indirectly, of its business. Banjo has not executed an extension or waiver of any statute of limitations on the assessment or collection of any taxes due (excluding such statutes that relate to years currently under examination by the Internal Revenue Service or other applicable taxing authorities) that is currently in effect.",Taxes,12," the Property conveyed by this Agreement.
Answer: Further Assurances",INVALID_PREDICTION,,True,allowed_label_with_extra_text,qwen_static_few_shot,LEDGAR,test
static_few_shot,"The Employee shall be entitled to be indemnified and insured by the Company against liability and expense relating to his employment to the same extent and subject to the same conditions and limitations as all other executive officers of the Company in accordance with and as authorized by the Company’s Certificate of Incorporation, by-laws, Board of Directors resolutions and applicable law.",Indemnifications,18," the Property conveyed by this Agreement.
Answer: Further Assurances",INVALID_PREDICTION,,True,allowed_label_with_extra_text,qwen_static_few_shot,LEDGAR,test
static_few_shot,"The provisions of Sections 8, 9, 10, 11, 14 and 18 of this Agreement shall survive any termination of this Agreement.",Survival,6," the Property conveyed by this Agreement.
Answer: Further Assurances",INVALID_PREDICTION,,True,allowed_label_with_extra_text,qwen_static_few_shot,LEDGAR,test
static_few_shot,All notices and other communications under this Agreement shall be in writing and shall be given to the address and in the manner agreed to by the parties.,Notices,1," the Property conveyed by this Agreement.
Answer: Further Assurances",INVALID_PREDICTION,,True,allowed_label_with_extra_text,qwen_static_few_shot,LEDGAR,test
static_few_shot,"This Assignment constitutes the entire and final agreement amongst the parties with respect to the subject matter hereof and may not be changed, terminated or otherwise varied, except by a writing duly executed by the parties.",Entire Agreements,3," the Property conveyed by this Agreement.
Answer: Further Assurances",INVALID_PREDICTION,,True,allowed_label_with_extra_text,qwen_static_few_shot,LEDGAR,test
static_few_shot,"Any notice required or permitted under this Agreement shall be deemed given when delivered either personally, by overnight courier, or when deposited in a United States Post Office, postage prepaid, addressed as appropriate, to the Participant either at his/her address set forth below or such other address as he or she may designate in writing to the Company, or to the Company: Attention: General Counsel (or said designee), at the Company’s address or such other address as the Company may designate in writing to the Participant.",Notices,1," the Property conveyed by this Agreement.
Answer: Further Assurances",INVALID_PREDICTION,,True,allowed_label_with_extra_text,qwen_static_few_shot,LEDGAR,test
static_few_shot,"This letter agreement and the Employment Agreement shall constitute the sole and exclusive understanding between the Company and you concerning the subject matter of this letter agreement, and expressly supersedes any and all prior agreements or understandings, written or oral, concerning the subject matter hereof. The parties acknowledge that this letter agreement is intended to embody a complete and final resolution of the employer-employee relationship. You further acknowledge and agree that the payments and benefits described in this letter agreement are all that you are entitled to receive from the Company (other than the payment of any shares of the Company’s common stock that you may earn pursuant to and subject to the terms and conditions of your 2016 to 2018 Performance Share Award Agreement, 2017 to 2019 Performance Share Award Agreement and 2018 to 2020 Performance Share Award Agreement), and that the Company shall have no liability or obligation to you in excess of such amounts (other than the payment of any shares of the Company’s common stock that you may earn pursuant to and subject to the terms and conditions of your 2016 to 2018 Performance Share Award Agreement, 2017 to 2019 Performance Share Award Agreement and 2018 to 2020 Performance Share Award Agreement).",Entire Agreements,3," the Property conveyed by this Agreement.
Answer: Further Assurances",INVALID_PREDICTION,,True,allowed_label_with_extra_text,qwen_static_few_shot,LEDGAR,test
static_few_shot,"All notices, requests, consents, claims, demands, waivers and other communications under this Agreement must be in writing and addressed to the signatory to this Agreement for the other party at its address set forth below via nationally recognized overnight courier.",Notices,1," the Property conveyed by this Agreement.
Answer: Further Assurances",INVALID_PREDICTION,,True,allowed_label_with_extra_text,qwen_static_few_shot,LEDGAR,test
static_few_shot,"Seller shall and shall cause the REO Subsidiary to pay and discharge or cause to be paid and discharged, when due all taxes, assessments and governmental charges or levies imposed upon it or upon its income and profits or upon any of its Property, real, personal or mixed (including without limitation, the Purchased Assets) or upon any part thereof, as well as any other lawful claims which, if unpaid, might become a Lien upon such properties or any part thereof, except for any such taxes, assessments and governmental charges, levies or claims as are appropriately contested in good faith by appropriate proceedings diligently conducted and with respect to which adequate reserves are provided. Seller shall file on a timely basis all federal, and state and local tax and information returns, reports and any other information statements or schedules required to be filed by or in respect of it.",Taxes,12," the Property conveyed by this Agreement.
Answer: Further Assurances",INVALID_PREDICTION,,True,allowed_label_with_extra_text,qwen_static_few_shot,LEDGAR,test
static_few_shot,"First Lien Creditor and Second Lien Creditor each agrees to take such further action and shall execute and deliver such additional documents and instruments (in recordable form, if requested) as First Lien Creditor or Second Lien Creditor may reasonably request to effectuate the terms of and the Lien priorities contemplated by this Agreement, all at the expense of the Debtor. In furtherance of the foregoing, (a) the First Lien Creditor agrees that, if there is a Refinancing of the Second Lien Debt and if the agent or other representative of the holders of the indebtedness that Refinances the Second Lien Debt so requests, it will execute and deliver either an acknowledgement of the joinder of such agent or representative to this Agreement or an agreement with such agent or representative identical to this Agreement (subject to changing names of parties, documents and addresses, as appropriate) in favor of any such agent or representative, and (b) the Second Lien Creditor agrees that, (i) if there is a Refinancing of the First Lien Debt and if the agent or other representative of the holders of the indebtedness that Refinances the First Lien Debt so requests, it will execute and deliver either an acknowledgement of the joinder of such agent or representative to this Agreement or an agreement with such agent or representative identical to this Agreement (subject to changing names of parties, documents and addresses, as appropriate) in favor of any such agent or representative.",Further Assurances,14," the Property conveyed by this Agreement.
Answer: Further Assurances",INVALID_PREDICTION,,True,allowed_label_with_extra_text,qwen_static_few_shot,LEDGAR,test
static_few_shot,"All reasonable legal fees and expenses of Buyer incurred in connection with the preparation, negotiation, execution and delivery of this Amendment and each related document entered into in connection herewith shall be paid by the Sellers promptly on demand.",Expenses,8," the Property conveyed by this Agreement.
Answer: Further Assurances",INVALID_PREDICTION,,True,allowed_label_with_extra_text,qwen_static_few_shot,LEDGAR,test
static_few_shot,"The term of this Sublease (""Term"") shall commence on the earlier of (the “Commencement Date”): (i) Sublessee’s commencement of its business operations in any portion of the Premises, and (ii) the one hundred fiftieth (150 th ) day after the date on which the Early Access Period (as defined below) has commenced, and shall end on October 15, 2028 (""Expiration Date""), unless this Sublease is sooner terminated pursuant to its terms or the Master Lease is sooner terminated pursuant to its terms; provided, however, that the Commencement Date shall be (i) advanced by one (1) day for each day that the commencement of the Early Access Period is delayed by any act or omission of Sublessee, and (ii) extended by one (1) day for each day that the “Substantial Completion of the Tenant Improvements” (defined below) has been delayed by a “Landlord Caused Delay” (defined below), but only if and to the extent any such Landlord Caused Delay is responsible for causing the Substantial Completion of the Tenant Improvements to be delayed beyond the one hundred fiftieth (150 th ) day after the date on which the Early Access Period has commenced. Once the Commencement Date has been established, Sublessor and Sublessee shall execute a commencement date memorandum setting forth the Commencement Date; provided, however, that the failure to execute such a memorandum shall not affect Sublessee’s liability hereunder. The parties acknowledge that Sublessee has no option to extend the Term of this Sublease.",Terms,9," the Property conveyed by this Agreement.
Answer: Further Assurances",INVALID_PREDICTION,,True,allowed_label_with_extra_text,qwen_static_few_shot,LEDGAR,test
static_few_shot,"If any provision of this Agreement is or becomes or is deemed to be invalid, illegal, or unenforceable in any jurisdiction, such provision shall be construed or deemed amended to conform to the applicable law or, if it cannot be construed or deemed amended without, in the determination of the Committee, materially altering the intent of this Agreement, such provision shall be stricken as to such jurisdiction, and the remainder of this Agreement shall remain in full force and effect.",Severability,4," the Property conveyed by this Agreement.
Answer: Further Assurances",INVALID_PREDICTION,,True,allowed_label_with_extra_text,qwen_static_few_shot,LEDGAR,test
static_few_shot,"If any provision of this Agreement is held to be illegal, invalid or unenforceable under any present or future law, (a) such provision shall be fully severable, (b) this Agreement shall be construed and enforced as if such illegal, invalid or unenforceable provision had never comprised a part hereof, and (c) the remaining provisions of this Agreement shall remain in full force and effect and shall not be affected by the illegal, invalid or unenforceable provision or by its severance herefrom.",Severability,4," the Property conveyed by this Agreement.
Answer: Further Assurances",INVALID_PREDICTION,,True,allowed_label_with_extra_text,qwen_static_few_shot,LEDGAR,test
static_few_shot,"The Guarantor shall pay on demand all out-of-pocket expenses (including reasonable attorneys’ fees and expenses) in any way relating to the enforcement, or protection of the Guarantee Beneficiaries’ rights, under this Guaranty or in respect of the Guaranteed Obligations, including any incurred during any “workout” or restructuring in respect of the Guaranteed Obligations and any incurred in the preservation, protection or enforcement of any rights of the Guaranteed Beneficiaries in any proceeding pursuant to or in connection with any Debtor Relief Laws, in each case in accordance with the terms of the Credit Agreement. The obligations of the Guarantor under this paragraph shall survive the payment in full of the Guaranteed Obligations and termination of this Guaranty.",Expenses,8," the Property conveyed by this Agreement.
Answer: Further Assurances",INVALID_PREDICTION,,True,allowed_label_with_extra_text,qwen_static_few_shot,LEDGAR,test
static_few_shot,"This offer, once accepted, constitutes the entire agreement between you and the Company with respect to the subject matter hereof and supersedes all prior offers, negotiations and agreements, if any, whether written or oral, relating to such subject matter. You acknowledge that neither the Company nor its agents have made any promise, representation or warranty whatsoever, either express or implied, written or oral, which is not contained in this agreement for the purpose of inducing you to execute the agreement, and you acknowledge that you have executed this agreement in reliance only upon such promises, representations and warranties as are contained herein.",Entire Agreements,3," the Property conveyed by this Agreement.
Answer: Further Assurances",INVALID_PREDICTION,,True,allowed_label_with_extra_text,qwen_static_few_shot,LEDGAR,test
static_few_shot,"The validity, interpretation, construction and performance of this Agreement will be governed by and construed in accordance with the laws of the State of Maryland, without giving effect to the principles of conflict of laws.",Governing Laws,0," the Property conveyed by this Agreement.
Answer: Further Assurances",INVALID_PREDICTION,,True,allowed_label_with_extra_text,qwen_static_few_shot,LEDGAR,test
static_few_shot,"Any notice or document required to be filed with the Committee under the Plan will be properly filed if delivered or mailed by registered mail, postage prepaid, to the Committee, in care of the Company or the Related Company, as applicable, at its principal executive offices. The Committee may, by advance written notice to affected persons, revise such notice procedure from time to time. Any notice required under the Plan (other than a notice of election) may be waived by the person entitled to notice.",Notices,1," the Property conveyed by this Agreement.
Answer: Further Assurances",INVALID_PREDICTION,,True,allowed_label_with_extra_text,qwen_static_few_shot,LEDGAR,test
static_few_shot,This Agreement constitutes the entire agreement between the Parties pertaining to its subject matter.,Entire Agreements,3," the Property conveyed by this Agreement.
Answer: Further Assurances",INVALID_PREDICTION,,True,allowed_label_with_extra_text,qwen_static_few_shot,LEDGAR,test
static_few_shot,"There is no litigation pending or, to the knowledge of any Credit Party, threatened (i) with respect to the Credit Documents or (ii) which would reasonably be expected to have, either individually or in the aggregate, a Material Adverse Effect.",Litigations,13," the Property conveyed by this Agreement.
Answer: Further Assurances",INVALID_PREDICTION,,True,allowed_label_with_extra_text,qwen_static_few_shot,LEDGAR,test
static_few_shot,"The respective obligations and benefits afforded to the Company and you as provided in Sections 3, 5 (to the extent that payments or benefits are owed as a result of a termination of employment that occurs during the term of this Agreement), 6, 8, 12, 15 and 17 shall survive the termination of this Agreement.",Survival,6," the Property conveyed by this Agreement.
Answer: Further Assurances",INVALID_PREDICTION,,True,allowed_label_with_extra_text,qwen_static_few_shot,LEDGAR,test
static_few_shot,"This Agreement and the award of Units and the issuance of shares of Common Stock hereunder are subject to and governed by the provisions of the LTIP. In the event there are any inconsistencies between this Agreement and the LTIP, the provisions of the LTIP shall govern, as it may be amended or interpreted at Deluxe’s discretion, to meet any applicable requirements of Section 409A of the Internal Revenue Code.",Terms,9," the Property conveyed by this Agreement.
Answer: Further Assurances",INVALID_PREDICTION,,True,allowed_label_with_extra_text,qwen_static_few_shot,LEDGAR,test
static_few_shot,"Any notice to the Company provided for in this Agreement shall be addressed to the Company in care of the General Counsel at the corporate headquarters of the Company, and any notice to the Participant shall be addressed to such Participant at the current address shown on the payroll of the Employer. Any notice shall be delivered by hand, or enclosed in a properly sealed envelope addressed as stated above, registered and deposited, postage prepaid, in a post office regularly maintained by the United States Postal Service or by the postal authority of the country in which the Participant resides or to an internationally recognized expedited mail courier.",Notices,1," the Property conveyed by this Agreement.
Answer: Further Assurances",INVALID_PREDICTION,,True,allowed_label_with_extra_text,qwen_static_few_shot,LEDGAR,test
static_few_shot,"Neither the Company nor the Executive may make any assignment of this Agreement or any interest herein, by operation of law or otherwise, without the prior written consent of the other; provided, however, that the Company may assign its rights and obligations under this Agreement without the consent of the Executive in the event that the Executive is transferred to a position with any of the Affiliates, or in the event that the Company shall hereafter effect a reorganization, consolidate with, or merge into, any Person or transfer all or substantially all of its properties or assets to any Person. This Agreement shall inure to the benefit of and be binding upon the Company and the Executive, their respective successors, executors, administrators, heirs and permitted assigns.",Assignments,7," the Property conveyed by this Agreement.
Answer: Further Assurances",INVALID_PREDICTION,,True,allowed_label_with_extra_text,qwen_static_few_shot,LEDGAR,test
static_few_shot,This Sublease shall be construed and enforced in accordance with the laws of the State of California.,Governing Laws,0," the Property conveyed by this Agreement.
Answer: Further Assurances",INVALID_PREDICTION,,True,allowed_label_with_extra_text,qwen_static_few_shot,LEDGAR,test
static_few_shot,All notices and other communications provided for hereunder shall be sent to the addresses and in the manner provided for in Section 13.4 of the Loan Agreement. All such notices and communications shall be effective as provided in Section 13.4 of the Loan Agreement.,Notices,1," the Property conveyed by this Agreement.
Answer: Further Assurances",INVALID_PREDICTION,,True,allowed_label_with_extra_text,qwen_static_few_shot,LEDGAR,test
static_few_shot,The provisions of Section 18 of the Repurchase Agreement are incorporated herein by reference.,Governing Laws,0," the Property conveyed by this Agreement.
Answer: Further Assurances",INVALID_PREDICTION,,True,allowed_label_with_extra_text,qwen_static_few_shot,LEDGAR,test
static_few_shot,"This Option Agreement shall be construed and interpreted in accordance with the laws of the State of Delaware, without regard to the principles of conflicts of law thereof. Notwithstanding anything contained in this Option Agreement, the Grant Notice or the Plan to the contrary, if any suit or claim is instituted by the Participant or the Company relating to this Option Agreement, the Grant Notice or the Plan, the Participant hereby submits to the exclusive jurisdiction of and venue in the courts of Delaware.",Governing Laws,0," the Property conveyed by this Agreement.
Answer: Further Assurances",INVALID_PREDICTION,,True,allowed_label_with_extra_text,qwen_static_few_shot,LEDGAR,test
static_few_shot,The term of this Agreement shall continue until expiration of all payment obligations hereunder.,Terms,9," the Property conveyed by this Agreement.
Answer: Further Assurances",INVALID_PREDICTION,,True,allowed_label_with_extra_text,qwen_static_few_shot,LEDGAR,test
static_few_shot,"Each party’s obligations under this Section 4.6 shall survive the resignation or replacement of the Administrative Agent or any assignment of rights by, or the replacement of, a Lender, the termination of the Commitments and the repayment, satisfaction or discharge of all obligations under any Loan Document.",Survival,6," the Property conveyed by this Agreement.
Answer: Further Assurances",INVALID_PREDICTION,,True,allowed_label_with_extra_text,qwen_static_few_shot,LEDGAR,test
static_few_shot,"This Agreement shall be construed in accordance with and governed exclusively by the law of The Commonwealth of Massachusetts, without reference to its rules of conflict of law.",Governing Laws,0," the Property conveyed by this Agreement.
Answer: Further Assurances",INVALID_PREDICTION,,True,allowed_label_with_extra_text,qwen_static_few_shot,LEDGAR,test
static_few_shot,"This Grant Agreement, together with the Plan, sets forth the entire agreement between the parties with reference to the subject matter hereof, and there are no agreements, understandings, warranties, or representations, written, express, or implied, between them with respect to the Stock Unit Grant other than as set forth herein or therein, all prior agreements, promises, representations and understandings relative thereto being herein merged.",Entire Agreements,3," the Property conveyed by this Agreement.
Answer: Further Assurances",INVALID_PREDICTION,,True,allowed_label_with_extra_text,qwen_static_few_shot,LEDGAR,test
static_few_shot,"Whenever possible, each provision or portion of any provision of this Warrant shall be interpreted in such manner as to be effective and valid under applicable law, but if any provision or portion of any provision of this Warrant is held to be invalid, illegal or unenforceable in any respect under any applicable law or rule in any jurisdiction, such invalidity, illegality or unenforceability shall not affect any other provision or portion of any provision in such jurisdiction, and this Warrant shall be reformed, construed and enforced in such jurisdiction as if such invalid, illegal or unenforceable provision or portion of any provision had never been contained herein.",Severability,4," the Property conveyed by this Agreement.
Answer: Further Assurances",INVALID_PREDICTION,,True,allowed_label_with_extra_text,qwen_static_few_shot,LEDGAR,test
static_few_shot,"This Proxy shall be governed by and construed in accordance with the laws of the State of Nevada, without giving effect to principles of conflicts of laws.",Governing Laws,0," the Property conveyed by this Agreement.
Answer: Further Assurances",INVALID_PREDICTION,,True,allowed_label_with_extra_text,qwen_static_few_shot,LEDGAR,test
static_few_shot,"During the period between the date hereof and the Closing Date, each Party will use its best efforts to take all actions and do all things necessary, proper or advisable to consummate, make effective, and comply with all of the terms of this Agreement and the Transaction applicable to such Party (including satisfaction, but not waiver, of the Closing conditions for which it is responsible or otherwise in control, as set forth in Article 7). Each Party shall cooperate with each other and use best efforts to satisfy each of the conditions precedent for which it is responsible.",General,16," the Property conveyed by this Agreement.
Answer: Further Assurances",INVALID_PREDICTION,,True,allowed_label_with_extra_text,qwen_static_few_shot,LEDGAR,test
static_few_shot,"During his employment and thereafter, the Company agrees to indemnify and hold the Executive harmless in connection with actual, potential or threatened actions or investigations related to the Executive’s services for, or employment by, the Company and/or its subsidiaries in the same manner as other officers and directors to the fullest extent provided in the Company’s by-laws and to be covered by directors’ and officers’ (“D&O”) insurance to the maximum extent and length of coverage of any other officer or director of the Company.",Indemnifications,18," the Property conveyed by this Agreement.
Answer: Further Assurances",INVALID_PREDICTION,,True,allowed_label_with_extra_text,qwen_static_few_shot,LEDGAR,test
static_few_shot,"This Amendment may be executed in counterparts (and by different parties hereto in different counterparts), each of which shall constitute an original, but all of which when taken together shall constitute a single contract. Delivery of an executed counterpart of a signature page of this Amendment by facsimile or other electronic imaging means (e.g., “pdf” or “tif”) shall be effective as delivery of a manually executed counterpart of this Amendment.",Counterparts,2," the Property conveyed by this Agreement.
Answer: Further Assurances",INVALID_PREDICTION,,True,allowed_label_with_extra_text,qwen_static_few_shot,LEDGAR,test
static_few_shot,"Except for the Buyer’s delinquent periodic reports required to be filed with the SEC, (i) neither the Buyer nor subsidiaries of the Buyer nor, to the Knowledge of the Buyer, any officer, manager or employee of the Buyer, in such capacity, has received notice from any Governmental Entity of, or to the Knowledge of the Buyer, is charged or threatened with or under investigation with respect to, any violation of any provision of any applicable Law and (ii) the Buyer and the Buyer’s subsidiaries are, and have been for the past three (3) years, in compliance in all material respects with all Laws applicable to it or any of its businesses, properties or assets.",Compliance With Laws,17," the Property conveyed by this Agreement.
Answer: Further Assurances",INVALID_PREDICTION,,True,allowed_label_with_extra_text,qwen_static_few_shot,LEDGAR,test
static_few_shot,"There is no pending or threatened notice, claim, litigation, proceeding or investigation against or affecting the Borrowers or any property of the Borrowers, whether or not covered by insurance, that would involve the payment by a Borrower of an amount that would be reasonably likely to have a material adverse effect on the financial condition, business, prospects, property or operations of a Borrower, and there is no basis for any such order, notice, claim, litigation, proceeding or investigation.",Litigations,13," the Property conveyed by this Agreement.
Answer: Further Assurances",INVALID_PREDICTION,,True,allowed_label_with_extra_text,qwen_static_few_shot,LEDGAR,test
static_few_shot,"Notices authorized or required to be sent pursuant to this Agreement shall be in writing and sent by personal delivery or postage prepaid, by Certified or Registered Mail, return receipt requested, directed to the other party at its address as may be designated by notice from time to time. Notices to the Company shall be addressed to the attention of the Chief Executive Officer. Notice shall be deemed given on the date the envelope in which such notice is enclosed, as provided above, is deposited for mailing in a mailbox or post office. Executive agrees to provide at least two (2) month prior written notice of Executive’s resignation.",Notices,1," the Property conveyed by this Agreement.
Answer: Further Assurances",INVALID_PREDICTION,,True,allowed_label_with_extra_text,qwen_static_few_shot,LEDGAR,test
static_few_shot,"Whenever the Exercise Price or number of Shares purchasable hereunder shall be adjusted pursuant to Section 9 hereof, the Company shall execute and deliver to the Holder a certificate setting forth, in reasonable detail, the event requiring the adjustment, the amount of the adjustment, the method by which such adjustment was calculated and the Exercise Price and number of and kind of securities purchasable hereunder after giving effect to such adjustment, and shall cause a copy of such certificate to be mailed (by first class mail, postage prepaid) to the Holder.",Notices,1," the Property conveyed by this Agreement.
Answer: Further Assurances",INVALID_PREDICTION,,True,allowed_label_with_extra_text,qwen_static_few_shot,LEDGAR,test
static_few_shot,"All of Employee’s compensation, including, without limitation, the Base Salary and Bonus, shall be subject to withholding for all applicable federal, state and local employment-related taxes, including income, social security, and similar taxes.",Taxes,12," the Property conveyed by this Agreement.
Answer: Further Assurances",INVALID_PREDICTION,,True,allowed_label_with_extra_text,qwen_static_few_shot,LEDGAR,test
static_few_shot,"The term of this Agreement shall extend from the Effective Date until the sooner of (a) the expiration of the Termination Protection Period, (b) the Key Employee’s Date of Termination, except in the case of a Qualified Termination (as defined in subparagraph 3a., below), or (c) the date on which the parties agree in writing to terminate this Agreement.",Terms,9," the Property conveyed by this Agreement.
Answer: Further Assurances",INVALID_PREDICTION,,True,allowed_label_with_extra_text,qwen_static_few_shot,LEDGAR,test
static_few_shot,This Agreement shall be construed under the laws of the State of Delaware.,Governing Laws,0," the Property conveyed by this Agreement.
Answer: Further Assurances",INVALID_PREDICTION,,True,allowed_label_with_extra_text,qwen_static_few_shot,LEDGAR,test
static_few_shot,"Any notice, request, consent or approval required or permitted to be given under this Agreement or pursuant to law shall be sufficient if in writing, and if and when sent by certified or registered mail, with postage prepaid, to Executive’s residence (as noted in the Company’s records), or to the Company’s principal office, as the case may be.",Notices,1," the Property conveyed by this Agreement.
Answer: Further Assurances",INVALID_PREDICTION,,True,allowed_label_with_extra_text,qwen_static_few_shot,LEDGAR,test
static_few_shot,"There is no action, suit, inquiry, notice of violation, proceeding or investigation pending or, to the knowledge of the Company, threatened against or affecting the Company, any Subsidiary or any of their respective properties before or by any court, arbitrator, governmental or administrative agency or regulatory authority (federal, state, county, local or foreign) (collectively, an “ Action ”) which (i) adversely affects or challenges the legality, validity or enforceability of any of the Transaction Documents or the Shares or (ii) could, if there were an unfavorable decision, have or reasonably be expected to result in a Material Adverse Effect. Neither the Company nor any Subsidiary, nor, to the Company’s knowledge, any director or officer thereof, is or has been the subject of any Action involving a claim of violation of or liability under federal or state securities laws or a claim of breach of fiduciary duty. There has not been, and to the knowledge of the Company, there is not pending or contemplated, any investigation by the Commission involving the Company or any current or former director or officer of the Company. The Commission has not issued any stop order or other order suspending the effectiveness of any registration statement filed by the Company or any Subsidiary under the Exchange Act or the Securities Act.",Litigations,13," the Property conveyed by this Agreement.
Answer: Further Assurances",INVALID_PREDICTION,,True,allowed_label_with_extra_text,qwen_static_few_shot,LEDGAR,test
static_few_shot,"The Company agrees to indemnify the Director for his activities as a member of the Board to the fullest extent permitted under applicable law and shall use its best efforts to maintain Directors and Officers Insurance benefitting the Board. The Company will use is best efforts to obtain a $10,000,000 D&O Policy to cover the actions of the Board.",Indemnifications,18," the Property conveyed by this Agreement.
Answer: Further Assurances",INVALID_PREDICTION,,True,allowed_label_with_extra_text,qwen_static_few_shot,LEDGAR,test
static_few_shot,The Seller will comply with all Applicable Laws to which it may be subject if the failure to comply could reasonably be expected to have a Material Adverse Effect.,Compliance With Laws,17," the Property conveyed by this Agreement.
Answer: Further Assurances",INVALID_PREDICTION,,True,allowed_label_with_extra_text,qwen_static_few_shot,LEDGAR,test
static_few_shot,"The Company has complied, and is now complying, with all applicable federal, state, local and self-regulatory laws, rules, regulations, statutes, ordinances, declarations or other governing regimes applicable to ownership and use of the Purchased Assets or the Business. Except as listed on Schedule 3.11 (a) the Company has only conducted the Business in the state of New York, and (b) each Investor and each Funder is located in the state of New York. The Company has not received any written notice to the effect that the Company is not in compliance in all material respects with any such laws or orders. The Company is not a “foreign person” as that term is used in Treasury Regulations Section 1.1445-2.",Compliance With Laws,17," the Property conveyed by this Agreement.
Answer: Further Assurances",INVALID_PREDICTION,,True,allowed_label_with_extra_text,qwen_static_few_shot,LEDGAR,test
static_few_shot,"This Confirmation is effective as of April 1, 2017, and shall continue through March 31, 2032 (the “Primary Term”) and continue after the Primary Term on a Year-to-Year basis unless terminated at the end of the Primary Term or any Yearly extension period thereafter by either Party giving at least six (6) Months prior written notice, provided however, Shipper shall have two (2) successive options to extend the Primary Term by five (5) Years each by giving Transporter at least nine (9) Months prior written notice and Transporter’s right to terminate this Confirmation at the end of the Primary Term or any Yearly extension period thereafter shall be subject to, and limited by, Shipper’s options to extend the Primary Term. Unless otherwise agreed by Shipper and Transporter in writing, the MDCQs during any Yearly extension periods will be the applicable MDCQ in effect on March 31, 2032.",Terms,9," the Property conveyed by this Agreement.
Answer: Further Assurances",INVALID_PREDICTION,,True,allowed_label_with_extra_text,qwen_static_few_shot,LEDGAR,test
static_few_shot,"Each Credit Party executing this Agreement acknowledges that it is not authorized to file any financing statement or amendment or termination statement with respect to any financing statement without the prior written consent of Agent and agrees that it will not do so without the prior written consent of Agent, subject to Borrower’s rights under Section 9-509(d)(2) of the UCC.",Terminations,10," the Property conveyed by this Agreement.
Answer: Further Assurances",INVALID_PREDICTION,,True,allowed_label_with_extra_text,qwen_static_few_shot,LEDGAR,test
static_few_shot,"This Agreement may be executed in any number of counterparts, each of which shall be an original and all of which together shall constitute one and the same instrument.",Counterparts,2," the Property conveyed by this Agreement.
Answer: Further Assurances",INVALID_PREDICTION,,True,allowed_label_with_extra_text,qwen_static_few_shot,LEDGAR,test
static_few_shot,"If any provision of this Agreement or the application thereof is held invalid or unenforceable, the invalidity or unenforceability thereof shall not affect any other provisions or applications of this Agreement which can be given effect without the invalid or unenforceable provision or application.",Severability,4," the Property conveyed by this Agreement.
Answer: Further Assurances",INVALID_PREDICTION,,True,allowed_label_with_extra_text,qwen_static_few_shot,LEDGAR,test
static_few_shot,"Except as disclosed on the Disclosure Schedule on the Closing Date or, after the Closing Date, pursuant to Section 6.7, there are no actions, suits, proceedings or investigations pending or, to the knowledge of the Responsible Officers, threatened in writing by or against any Credit Party or any Subsidiary thereof which involves the possibility of any judgment or liability of more than [***] or that could reasonably be expected to result in a Material Adverse Change, or which questions the validity of the Financing Documents, or the other documents required thereby or any action to be taken pursuant to any of the foregoing, nor does any Credit Party have reason to believe that any such actions, suits, proceedings or investigations are threatened.",Litigations,13," the Property conveyed by this Agreement.
Answer: Further Assurances",INVALID_PREDICTION,,True,allowed_label_with_extra_text,qwen_static_few_shot,LEDGAR,test
static_few_shot,"To request the issuance of a Letter of Credit or the amendment, renewal or extension of an outstanding Letter of Credit, a Borrower shall hand deliver or telecopy (or transmit by electronic communication, if arrangements for doing so have been approved by the applicable Issuing Bank) an LC Request to the applicable Issuing Bank and the Administrative Agent not later than the Applicable Time specified by the Administrative Agent on the third Business Day preceding the requested date of issuance, amendment, renewal or extension (or such later date and time as is reasonably acceptable to the applicable Issuing Bank). A request for an initial issuance of a Letter of Credit shall specify in form and detail reasonably satisfactory to the applicable Issuing Bank: (i) the proposed issuance date of the requested Letter of Credit (which shall be a Business Day); (ii) the amount and currency thereof; (iii) the expiry date thereof; (iv) the name and address of the beneficiary thereof; (v) the documents to be presented by such beneficiary in case of any drawing thereunder; (vi) the full text of any certificate to be presented by such beneficiary in case of any drawing thereunder; and (vii) such other matters as the applicable Issuing Bank may reasonably require and shall attach the agreed form of the Letter of Credit. A request for an amendment, renewal or extension of any outstanding Letter of Credit shall specify in form and detail reasonably satisfactory to the applicable Issuing Bank, (w) the Letter of Credit to be amended, renewed or extended; (x) the proposed date of amendment, renewal or extension thereof (which shall be a Business Day), (y) the nature of the proposed amendment, renewal or extension; and (z) such other matters as the applicable Issuing Bank may reasonably require. If requested by the applicable Issuing Bank, the applicable Borrower also shall submit a letter of credit application substantially on such Issuing Bank’s standard form in connection with any request for a Letter of Credit. A Letter of Credit shall be issued, amended, renewed or extended only if (and upon issuance, amendment, renewal or extension of each Letter of Credit, the applicable Borrower shall be deemed to represent and warrant (solely in the case of (w) and (x)) that, after giving effect to such issuance, amendment, renewal or extension) (A) the LC Exposure shall not exceed $150,000,000 (the “ LC Sublimit ”), (B) the European LC Exposure shall not exceed $40,000,000 (the “ European LC Sublimit ”), (C) the Availability Conditions are satisfied, (D) the European LC Exposure attributable to European Letters of Credit issued by any European Issuing Bank shall not exceed the Dollar Equivalent of such European Issuing Bank’s European Issuing Bank Sublimit, (E) the U.S. LC Exposure attributable to U.S. Letters of Credit issued by any U.S. Issuing Bank shall not exceed the Dollar Equivalent of such U.S. Issuing Bank’s U.S. Issuing Bank Sublimit and (F) if a Defaulting Lender exists, either such Lender or the Lead Borrower has entered into arrangements satisfactory to the Administrative Agent and the applicable Issuing Bank to eliminate any Fronting Exposure associated with such Lender.",Amendments,5," the Property conveyed by this Agreement.
Answer: Further Assurances",INVALID_PREDICTION,,True,allowed_label_with_extra_text,qwen_static_few_shot,LEDGAR,test
static_few_shot,"This Fourth Amendment may be executed in one or more counterparts, and each of which shall be deemed to be an original, and all of which shall constitute one and the same instrument.",Counterparts,2," the Property conveyed by this Agreement.
Answer: Further Assurances",INVALID_PREDICTION,,True,allowed_label_with_extra_text,qwen_static_few_shot,LEDGAR,test
static_few_shot,"Each Party will, and will ensure that its Affiliates and Sublicensees will, comply with all relevant Laws and regulations and good laboratory and clinical practices and cGMP in exercising its rights and fulfilling its obligations under this Agreement.",Compliance With Laws,17," the Property conveyed by this Agreement.
Answer: Further Assurances",INVALID_PREDICTION,,True,allowed_label_with_extra_text,qwen_static_few_shot,LEDGAR,test
static_few_shot,"The Company has, and has caused all of its Subsidiaries to have, (a) all insurance policies sufficient for the compliance by each of them with all material Governmental Requirements and all material agreements and (b) insurance coverage in at least amounts and against such risk (including, without limitation, public liability) that are usually insured against by companies similarly situated and engaged in the same or a similar business for the assets and operations of the Company and its Subsidiaries.",Insurances,11," the Property conveyed by this Agreement.
Answer: Further Assurances",INVALID_PREDICTION,,True,allowed_label_with_extra_text,qwen_static_few_shot,LEDGAR,test
retrieval_few_shot,"Except as otherwise expressly provided herein (including Section 4.05, Section 4.08, Section 5.04 and Section 5.05), each party hereto shall bear its own costs and expenses (including attorneys’ fees) incurred in connection with this Agreement and the Transactions; provided , that within five (5) Business Days after the Closing Date, the Company shall reimburse the Purchaser and its Affiliates in same day funds for their reasonable and documented out-of-pocket expenses (including fees and expenses of attorneys, accountants, investment bankers and consultants) incurred in connection with the execution of this Agreement and the purchase by the Purchaser of the Shares pursuant to this Agreement, provided that such reimbursable expenses shall not exceed $500,000 in the aggregate.",Expenses,8, Expenses,Expenses,8,False,,qwen_retrieval_few_shot,LEDGAR,test
retrieval_few_shot,The waiver by any of the parties hereto of a breach of any provision of this Agreement shall not be construed as a waiver of any subsequent breach. The failure of a party to insist upon strict adherence to any provision of this Agreement on one or more occasions shall not be considered a waiver or deprive that party of the right thereafter to insist upon strict adherence to that provision or any other provision of this Agreement. Any waiver must be in writing.,Waivers,19, Waivers,Waivers,19,False,,qwen_retrieval_few_shot,LEDGAR,test
retrieval_few_shot,"Borrower has obtained and has delivered to Lender original or certified copies of all of the Policies or ACORD certificates, with all premiums prepaid thereunder, reflecting the insurance coverages, amounts and other requirements set forth in this Agreement. There are no claims currently outstanding that have been made under any of the Policies and that would have a Material Adverse Effect, and to Borrower’s Knowledge, no Person, including any Borrower, has done, by act or omission, anything which would impair the coverage of any of the Policies.",Insurances,11, Insurances,Insurances,11,False,,qwen_retrieval_few_shot,LEDGAR,test
retrieval_few_shot,"Subject to the terms and conditions set forth herein, any Borrower, or the Company on behalf of the applicable Borrower, may request the issuance of Letters of Credit denominated in Agreed Currencies for its own account or for the account of a Restricted Subsidiary, in a form reasonably acceptable to the Administrative Agent and the relevant Issuing Bank, at any time and from time to time during the Availability Period. In the event of any inconsistency between the terms and conditions of this Agreement and the terms and conditions of any Letter of Credit Agreement, the terms and conditions of this Agreement shall control. All Existing Letters of Credit shall be deemed to have been issued pursuant hereto, and from and after the Effective Date shall be governed by the terms and conditions hereof. Notwithstanding anything herein to the contrary, no Issuing Bank shall have any obligation hereunder to issue, and shall not issue, any Letter of Credit the proceeds of which would be made available to any Person (i) to fund any activity or business of or with any Sanctioned Person, or in any country or territory that, at the time of such funding, is a Sanctioned Country or (ii) in any manner that would result in a violation of any Sanctions by any party to this Agreement or (iii) in any manner that would result in a violation of one or more policies of the Issuing Bank applicable to letters of credit generally.",General,16, General,General,16,False,,qwen_retrieval_few_shot,LEDGAR,test
retrieval_few_shot,"Any amendment to the Plan shall be deemed to be an amendment to this Agreement to the extent that the amendment is applicable hereto; provided , however , that (a) no amendment shall adversely affect the rights of Employee under this Agreement without Employee’s written consent, and (b) Employee’s consent shall not be required to an amendment that is deemed necessary by the Company to ensure compliance with Section 409A of the Code or Section 10D of the Exchange Act.",Amendments,5, Amendments,Amendments,5,False,,qwen_retrieval_few_shot,LEDGAR,test
retrieval_few_shot,This Non-Employee Share and Cash Award Plan and each Award Agreement shall be governed by the laws of England and Wales without regard to any conflict of laws principles and the English courts will have exclusive jurisdiction in respect of all disputes arising under or in connection with the Non-Employee Share and Cash Award Plan and any Awards.,Governing Laws,0, Governing Laws,Governing Laws,0,False,,qwen_retrieval_few_shot,LEDGAR,test
retrieval_few_shot,"This Agreement and the Loan Documents contain the entire agreement between the parties. This Agreement and the Loan Documents supersede any and all other agreements and communications, either oral or in writing, between the parties hereto with respect to the subject matter of this Agreement and the Loan Documents.",Entire Agreements,3, Entire Agreements,Entire Agreements,3,False,,qwen_retrieval_few_shot,LEDGAR,test
retrieval_few_shot,"At the time of an origination of a Receivable by AmeriCredit or a Dealer, each Financed Vehicle is required to be covered by a comprehensive and collision insurance policy, and each Receivable permits the holder thereof to obtain physical loss and damage insurance at the expense of the Obligor if the Obligor fails to do so.",Insurances,11, Insurances,Insurances,11,False,,qwen_retrieval_few_shot,LEDGAR,test
retrieval_few_shot,"Any notice to the Company provided for in this instrument shall be addressed to the Company in care of the General Counsel and any notice to the Participant shall be addressed to such Participant at the current address shown on the payroll of the Employer. Any notice shall be delivered by hand or enclosed in a properly sealed envelope addressed as stated above, registered and deposited, postage prepaid, in a post office regularly maintained by the United States Postal Service or by the postal authority of the country in which the Participant resides or to an internationally recognized expedited mail courier.",Notices,1, Notices,Notices,1,False,,qwen_retrieval_few_shot,LEDGAR,test
retrieval_few_shot,"The RSUs and any Dividend Equivalents are governed by, and subject to, United States federal and Illinois state law (without regard to the conflict of law provisions) and the requirements of the New York Stock Exchange as well as the terms and conditions set forth in the Plan and this Agreement. For purposes of litigating any dispute that arises directly or indirectly from the relationship of the parties evidenced by the RSUs and any Dividend Equivalents or this Agreement, the parties hereby submit to and consent to the exclusive jurisdiction of the State of Illinois, agree that such litigation shall be conducted in the courts of DuPage County, Illinois, or the federal courts for the United States for the Northern District of Illinois, where this grant is made and/or to be performed.",Governing Laws,0, Governing Laws,Governing Laws,0,False,,qwen_retrieval_few_shot,LEDGAR,test
retrieval_few_shot,"This Agreement may be executed in two or more identical counterparts, all of which shall be considered one and the same agreement and shall become effective when counterparts have been signed by each party and delivered to the other party; provided that a facsimile or pdf (or other electronic reproduction) signature shall be considered due execution and shall be binding upon the signatory thereto with the same force and effect as if the signature were an original, not a facsimile or PDF (or other electronic reproduction) signature.",Counterparts,2, Counterparts,Counterparts,2,False,,qwen_retrieval_few_shot,LEDGAR,test
retrieval_few_shot,"The Bank reserves the right to sell participations in or to sell and assign its rights, duties or obligations with respect to the Term Loan to such banks, lending institutions or other parties as it may choose and without the consent of the Borrowers, provided that the Bank shall notify the Borrowers promptly following such participation or assignment. The Bank may furnish any information concerning the Borrowers in its possession from time to time to any assignee or participant (or proposed assignee or participant), provided that the Bank shall notify any such assignee or participant (or proposed assignee or participant) in connection with any contemplated participation in, or assignment of, the Term Loan, that such information is confidential and shall obtain an agreement from such transferee or participant requiring that such transferee or participant treat such information as confidential and use commercially reasonable efforts to maintain the confidentiality of same.",Assignments,7, Confidentialities,INVALID_PREDICTION,,True,not_in_allowed_label_set,qwen_retrieval_few_shot,LEDGAR,test
retrieval_few_shot,"Unless the party to be notified otherwise notifies the other parties in writing as provided in this Section, and except as otherwise provided in this Agreement, notices shall be given to Administrative Agent by telephone, confirmed by writing, and to the Banks and to Borrower by ordinary mail or overnight courier or telecopy, receipt confirmed, addressed to such party at (i) if to the Borrower, the Administrative Agent or a Fronting Bank, its address on the signature page of this Agreement, or (ii) if to any other Bank, its address (or telecopy number) set forth in its Administrative Questionnaire. Notices shall be effective: (1) if by telephone, at the time of such telephone conversation, (2) if given by mail, three (3) calendar days after mailing; (3) if given by overnight courier, upon receipt; and (4) if given by telecopy, upon receipt if received by the recipient during its normal business hours. Notices delivered through Electronic Systems, to the extent provided in paragraph (b) below, shall be effective as provided in said paragraph (b).",Notices,1, Notices,Notices,1,False,,qwen_retrieval_few_shot,LEDGAR,test
retrieval_few_shot,"The repossession or re-entering of all or any part of the Premises shall not relieve Tenant of its liabilities and obligations under this Lease. Except as provided in this Lease, no right or remedy of either party shall be exclusive of any other right or remedy, and each right and remedy shall be cumulative and in addition to any other right and remedy now or subsequently available to such party at law or in equity. Without limiting the generality of the foregoing, in addition to the other remedies provided in this Lease, either party shall be entitled to pursue the restraint by court order of the violation of any of the provisions of this Lease or of applicable Law or to a decree compelling specific performance of any such provisions.",General,16, General,General,16,False,,qwen_retrieval_few_shot,LEDGAR,test
retrieval_few_shot,"All covenants, agreements, representations and warranties made by the Loan Parties in the Loan Documents and in the certificates or other instruments delivered in connection with or pursuant to this Agreement or any other Loan Document shall be considered to have been relied upon by the other parties hereto and shall survive the execution and delivery of the Loan Documents and the making of any Loans and issuance of any Letters of Credit, regardless of any investigation made by any such other party or on its behalf and notwithstanding that the Administrative Agent, the Issuing Bank or any Lender may have had notice or knowledge of any Default or incorrect representation or warranty at the time any credit is extended hereunder, and shall continue in full force and effect as long as the principal of or any accrued interest on any Loan or any fee or any other amount payable under this Agreement or any other Loan Document is outstanding and unpaid or any Letter of Credit is outstanding and so long as the Commitments have not expired or terminated. The provisions of Section 2.15 , Section 2.16 , Section 2.17 , Section 9.03 and Article VIII shall survive and remain in full force and effect regardless of the consummation of the transactions contemplated hereby, the repayment of the Loans, the expiration or termination of the Letters of Credit and the Commitments or the termination of this Agreement or any other Loan Document or any provision hereof or thereof.",Survival,6, Survival,Survival,6,False,,qwen_retrieval_few_shot,LEDGAR,test
retrieval_few_shot,"Any provision in this Agreement which is prohibited or unenforceable in any jurisdiction by reason of applicable law will, as to such jurisdiction, be ineffective only to the extent of such prohibition or unenforceability without invalidating or affecting the remaining provisions hereof, and any such prohibition or unenforceability in any jurisdiction will not invalidate or render unenforceable such provision in any other jurisdiction.",Severability,4, Severability,Severability,4,False,,qwen_retrieval_few_shot,LEDGAR,test
retrieval_few_shot,"This Amendment, together with the other Loan Documents, contains the entire and exclusive agreement of the parties hereto and thereto with reference to the matters discussed herein and therein. This Amendment supersedes all prior commitments, drafts, communications, discussions and understandings, oral or written, with respect thereto. This Amendment may not be modified, amended or otherwise altered except in accordance with the terms of Section 12.2 of the Credit Agreement.",Amendments,5, Entire Agreements,Entire Agreements,3,False,,qwen_retrieval_few_shot,LEDGAR,test
retrieval_few_shot,"This Amendment may be executed by the Parties on any number of separate counterparts, by facsimile or email, and all of those counterparts taken together will be deemed to constitute one and the same instrument; signature pages may be detached from multiple separate counterparts and attached to a single counterpart so that all signatures are physically attached to the same document. A facsimile or portable document format (“.pdf”) signature page will constitute an original for the purposes of this Section 4.1.",Counterparts,2, Counterparts,Counterparts,2,False,,qwen_retrieval_few_shot,LEDGAR,test
retrieval_few_shot,"The parties (including the arbitrators) shall keep confidential and not disclose to third-parties the existence or outcome of any arbitration proceedings, except to the extent that disclosure is required by government authorities or under applicable law, or as necessary to preserve or pursue a claim for reimbursement, contribution, or indemnity against a third-party, or to preserve or pursue an insurance claim.",Confidentiality,15, Confidentiality,Confidentiality,15,False,,qwen_retrieval_few_shot,LEDGAR,test
retrieval_few_shot,Stockholder shall execute and/or cause to be delivered to Parent such instruments and other documents and shall take such other actions as Parent may reasonably request for the purpose of carrying out the transactions contemplated by this Agreement.,Further Assurances,14, Assignments,Assignments,7,False,,qwen_retrieval_few_shot,LEDGAR,test
retrieval_few_shot,"Landlord shall pay, as part of Operating Expenses, all taxes, levies, fees, assessments and governmental charges of any kind, existing as of the Commencement Date or thereafter enacted (collectively referred to as “ Taxes ”), imposed by any federal, state, regional, municipal, local or other governmental authority or agency, including, without limitation, quasi-public agencies (collectively, “ Governmental Authority ”) during the Term, including, without limitation, all Taxes: (i) imposed on or measured by or based, in whole or in part, on rent payable to (or gross receipts received by) Landlord under this Lease and/or from the rental by Landlord of the Project or any portion thereof, or (ii) based on the square footage, assessed value or other measure or evaluation of any kind of the Premises or the Project, or (iii) assessed or imposed by or on the operation or maintenance of any portion of the Premises or the Project, including parking, or (iv) assessed or imposed by, or at the direction of, or resulting from Legal Requirements, or interpretations thereof, promulgated by any Governmental Authority, or (v) imposed as a license or other fee, charge, tax, or assessment on Landlord’s business or occupation of leasing space in the Project. Landlord may contest by appropriate legal proceedings the amount, validity, or application of any Taxes or liens securing Taxes. Taxes shall not include any net income, excess profits, franchise, gift, capital levy, capital stock, inheritance, succession, inheritance or documentary transfer taxes imposed on Landlord except to the extent such taxes are in substitution for any Taxes payable hereunder, nor shall Taxes include any fees, penalties or interest payable on account of the late payment of any Taxes (except to the extent such late payment is the result of the late payment of Additional Rent by Tenant). If any such Tax is levied or assessed directly against Tenant, then Tenant shall be responsible for and shall pay the same at such times and in such manner as the taxing authority shall require. Tenant shall pay, prior to delinquency, any and all Taxes levied or assessed against any personal property or trade fixtures placed by Tenant in the Premises, whether levied or assessed against Landlord or Tenant. If any Taxes on Tenant’s personal property or trade fixtures are levied against Landlord or Landlord’s property, or if the assessed valuation of the Project is increased by a value attributable to improvements in or alterations to the Premises, whether owned by Landlord or Tenant and whether or not affixed to the real property so as to become a part thereof, higher than the base valuation on which Landlord from time-to-time allocates Taxes to all tenants in the Project, Landlord shall have the right, but not the obligation, to pay such Taxes. Landlord’s reasonable determination of any excess assessed valuation shall be binding and conclusive, absent manifest error. The amount of any such payment by Landlord shall constitute Additional Rent due from Tenant to Landlord within 10 days following written demand therefor from Landlord.",Taxes,12," add spaces between words
Answer:Taxes",INVALID_PREDICTION,,True,allowed_label_with_extra_text,qwen_retrieval_few_shot,LEDGAR,test
retrieval_few_shot,Any notice required or permitted hereunder shall be given in writing and shall be deemed effectively given upon delivery to the Employee at her/his address then on file with the Company.,Notices,1, Notices,Notices,1,False,,qwen_retrieval_few_shot,LEDGAR,test
retrieval_few_shot,"No member of the Board or the Committee (each such Person, a “ Covered Person ”) shall have any liability to any Person (including any Participant) for any action taken or omitted to be taken or any determination made in good faith with respect to the Plan or any Award. Each Covered Person shall be indemnified and held harmless by the Company against and from (i) any loss, cost, liability or expense (including attorneys’ fees) that may be imposed upon or incurred by such Covered Person in connection with or resulting from any action, suit or proceeding to which such Covered Person may be a party or in which such Covered Person may be involved by reason of any action taken or omitted to be taken under the Plan or any Award Agreement, in each case, in good faith and (ii) any and all amounts paid by such Covered Person, with the Company’s approval, in settlement thereof, or paid by such Covered Person in satisfaction of any judgment in any such action, suit or proceeding against such Covered Person, provided that the Company shall have the right, at its own expense, to assume and defend any such action, suit or proceeding and, once the Company gives notice of its intent to assume the defense, the Company shall have sole control over such defense with counsel of the Company’s choice. The foregoing right of indemnification shall not be available to a Covered Person to the extent that a court of competent jurisdiction in a final judgment or other final adjudication, in either case, not subject to further appeal, determines that the acts or omissions of such Covered Person giving rise to the indemnification claim resulted from such Covered Person’s bad faith, fraud or willful misconduct. The foregoing right of indemnification shall not be exclusive of any other rights of indemnification to which Covered Persons may be entitled under the Company’s memorandum and articles of association (as may be amended from time to time), as a matter of law, or otherwise, or any other power that the Company may have to indemnify such Persons or hold them harmless.",Indemnifications,18," of the commencement of such defense.
Answer: Indemn",INVALID_PREDICTION,,True,not_in_allowed_label_set,qwen_retrieval_few_shot,LEDGAR,test
retrieval_few_shot,"It is the desire and intent of the parties hereto that the provisions of this Agreement be enforced to the fullest extent permissible under the Laws and public policies applied in each jurisdiction in which enforcement is sought. Accordingly, if any particular provision of this Agreement shall be adjudicated by a court of competent jurisdiction to be invalid, prohibited or unenforceable for any reason, such provision, as to such jurisdiction, shall be ineffective, without invalidating the remaining provisions of this Agreement or affecting the validity or enforceability of this Agreement or affecting the validity or enforceability of such provision in any other jurisdiction. Notwithstanding the foregoing, if such provision could be more narrowly drawn so as not to be invalid, prohibited or unenforceable in such jurisdiction, it shall, as to such jurisdiction, be so narrowly drawn, without invalidating the remaining provisions of this Agreement or affecting the validity or enforceability of such provision in any other jurisdiction.",Severability,4, Severability,Severability,4,False,,qwen_retrieval_few_shot,LEDGAR,test
retrieval_few_shot,"This Agreement may be executed in any number of counterparts, each of which so executed shall be deemed to be an original, but all of such counterparts shall together constitute but one and the same instrument.",Counterparts,2, Counterparts,Counterparts,2,False,,qwen_retrieval_few_shot,LEDGAR,test
retrieval_few_shot,"All demands, notices and communications hereunder shall be in writing and shall be deemed to have been duly given if personally delivered at or mailed by registered mail, return receipt requested, to, in the case of (i) the Issuer, at c/o Wilmington Trust, National Association, Rodney Square North, 1100 North Market Street, Wilmington, DE 19890, Attention: Corporate Trust Administration, with a copy to BMW Financial Services NA, LLC, as Administrator, at 300 Chestnut Ridge Road, Woodcliff Lake, NJ 07677, Attention: General Counsel; (ii) the Indenture Trustee and the Secured Party, at 190 South LaSalle Street, 7th Floor, Chicago, Illinois 60603, Attention: Global Structured Finance/BMW Vehicle Lease Trust 2019-1; and (iii) the Securities Intermediary, at 190 South LaSalle Street, 7th Floor, Chicago, Illinois 60603, Attention: Global Structured Finance/BMW Vehicle Lease Trust 2019-1; or as to any of such parties, at such other address as shall be designated by such party in a written notice to the other parties.",Notices,1, Notices,Notices,1,False,,qwen_retrieval_few_shot,LEDGAR,test
retrieval_few_shot,"This Amendment sets forth the entire agreement and understanding of the parties with respect to the subject matter hereof and supersedes all prior understandings and agreements, whether written or oral, among the parties hereto relating to such subject matter. For the avoidance of doubt, there are no unwritten oral agreements among the parties hereto. No representation, promise, inducement or statement of intention has been made by any party that is not embodied in this Amendment, and no party shall be bound by or liable for any alleged representation, promise, inducement or statement of intention not set forth herein.",Entire Agreements,3, Entire Agreements,Entire Agreements,3,False,,qwen_retrieval_few_shot,LEDGAR,test
retrieval_few_shot,"The Agreement, and all rights under it, shall be governed by and construed in accordance with the laws of the State of Delaware, without giving effect to principles of conflicts of laws.",Governing Laws,0, GoverningLaws,INVALID_PREDICTION,,True,not_in_allowed_label_set,qwen_retrieval_few_shot,LEDGAR,test
retrieval_few_shot,This Agreement (including the Exhibits and Schedules hereto) constitutes the full and entire understanding and agreement among the parties with regard to the subject matter hereof and supersedes all prior and contemporaneous agreements or understandings with respect thereto.,Entire Agreements,3, EntireAgreements,INVALID_PREDICTION,,True,not_in_allowed_label_set,qwen_retrieval_few_shot,LEDGAR,test
retrieval_few_shot,"TPC has filed all returns and reports which were required to be filed on or prior to the date hereof, and has paid all Taxes (and any related penalties, fines and interest) which have become due pursuant to such returns or reports or pursuant to any assessment which has become payable, or, to the extent its liability for any Taxes (and any related penalties, fines and interest) has not been fully discharged, the same have been properly reflected as a liability on the books and records of TPC and adequate reserves therefore have been established. All such returns and reports filed on or prior to the date hereof have been properly prepared and arc true, correct (and to the extent such returns reflect judgments made by TPC such judgments were reasonable under the circumstances) and complete in all material respects. No extension for the filing of any such return or report is currently in effect No tax return or tax return liability of TPC has been audited or, presently under audit. All taxes and any penalties. fines and interest which have been asserted to be payable as a result of any audits have been paid. TPC has not given or been requested to give waivers of any statute of limitations relating to the payment of any Taxes (or any related penalties, fines and interest). There are no claims pending for past due Taxes. All payments for withholding taxes, unemployment insurance and other amounts required to be paid for periods prior to the date hereof to any governmental authority in respect of employment obligations of TPC have been paid or shall he paid prior to the Closing and have been duly provided for on the books and records of TPC and in the financial statements of TPC.",Taxes,12, Taxes,Taxes,12,False,,qwen_retrieval_few_shot,LEDGAR,test
retrieval_few_shot,"This Amendment may be executed by the parties hereto individually or in combination, in one or more counterparts, each of which shall be an original and all of which shall constitute one and the same agreement. Delivery of an executed counterpart of a signature page by telecopier or electronic mail (in a .pdf format) shall be effective as delivery of a manually executed counterpart.",Counterparts,2, Counterparts,Counterparts,2,False,,qwen_retrieval_few_shot,LEDGAR,test
retrieval_few_shot,"Employee agrees to make no disclosure or use of any proprietary or confidential information, including without limitation, data, developments, customer information, or trade secrets belonging to the Company or learned or acquired by Employee and will take all action necessary to preserve that confidentiality. Employee shall continue to comply with any confidentiality agreements, provisions, and policies by which Employee has previously agreed to abide. For purposes of emphasis and as a reminder, portions of this Agreement set forth obligations already imposed on Employee by agreement(s) of confidentiality, whether by acceptance of the Company policy(s) or provision(s) on confidentiality in writing, by electronic affirmation of such policy(s) or provision(s), or by the fact of Employee’s employment with the Company constituting an acceptance of the confidentiality requirements in policy(s) or provision(s) applicable to employees generally including, but not limited to, obligations related to nondisclosure. This Agreement does not supersede any such confidentiality agreement(s), policy(s) or provision(s), but instead supplements the terms of all such confidentiality agreement(s), policy(s) and provision(s).",Confidentiality,15, Confidentiality,Confidentiality,15,False,,qwen_retrieval_few_shot,LEDGAR,test
retrieval_few_shot,Tax Benefit ” shall have the meaning assigned to it in Section 8.3(d) .,Indemnifications,18, Definitions,INVALID_PREDICTION,,True,not_in_allowed_label_set,qwen_retrieval_few_shot,LEDGAR,test
retrieval_few_shot,"Trustor will obtain and maintain, or cause to be maintained, in full force and effect at all times insurance with respect to Trustor and the Property as required pursuant to the Loan Agreement. In the event Trustor fails to obtain, maintain, keep in force or deliver to Administrative Agent the policies of insurance required by the Loan Agreement in accordance with the terms thereof, Administrative Agent may (but has no obligation to) procure (upon no less than five (5) Business Days’ notice to Trustor) such insurance or single-interest insurance for such risks covering Administrative Agent’s and the Lenders’ interests, and Trustor will pay all premiums thereon promptly upon demand by Administrative Agent, and until such payment is made by Trustor, the amount advanced by Administrative Agent with respect to all such premiums will, at Administrative Agent’s option, bear interest at the Default Rate.",Insurances,11, Insurances,Insurances,11,False,,qwen_retrieval_few_shot,LEDGAR,test
retrieval_few_shot,"To the extent not subject to federal law, this Release will be governed by and construed in accordance with the law of the State of Maryland applicable to contracts made and to be performed entirely within that state.",Governing Laws,0, Governing Laws,Governing Laws,0,False,,qwen_retrieval_few_shot,LEDGAR,test
retrieval_few_shot,"To the extent that any Person is entitled to any payment in respect of Fresh Water taken from any Take Point, including any taxes, Producer shall pay or cause to be paid and agrees to hold Antero Water harmless as to the payment of all such payments or taxes. Antero Water shall not become liable for such payments or taxes, unless designated to remit those taxes on behalf of Producer by any duly constituted Governmental Authority having authority to impose such obligations on Antero Water, in which event the amount of such taxes remitted on Producer’s behalf shall be reimbursed by Producer upon receipt of invoice, with corresponding documentation from Antero Water setting forth such payments. Antero Water shall pay or cause to be paid all taxes, charges and assessments of every kind and character required by statute or by order of Governmental Authorities with respect to its facilities, including the Fresh Water Facilities. Except as provided in Exhibit H attached hereto, neither Party shall be responsible nor liable for any taxes or other statutory charges levied or assessed against the facilities of the other Party, including ad valorem tax (however assessed), used for the purpose of carrying out the provisions of this Agreement or against the net worth or capital stock of such Party. Notwithstanding the foregoing, to the extent that such payments or taxes relate to Fresh Water that is made available to a third party pursuant to Section 8.4(d) , Antero Water shall look only to such third party, and not to Producer, for payment or reimbursement of such payments and taxes to the extent relating to the Fresh Water made available to such third party, and shall use reasonable efforts to ensure that Fresh Water not subject to such payments and taxes is made available to Producer in preference to third parties.",Taxes,12, Taxes,Taxes,12,False,,qwen_retrieval_few_shot,LEDGAR,test
retrieval_few_shot,"Section 9.07 of the Credit Agreement is incorporated by reference herein as if such Section appeared herein, mutatis mutandis .",Severability,4, Severability,Severability,4,False,,qwen_retrieval_few_shot,LEDGAR,test
retrieval_few_shot,"Except as provided in this Article, no action taken or inaction pursuant to this Agreement will be deemed to constitute a waiver of compliance with any warranties, conditions or covenants contained in this Agreement and will not operate or be construed as a waiver of any subsequent breach, whether of a similar or dissimilar nature. No waiver of any right under this Agreement shall be binding unless executed in writing by the Party to be bound thereby.",Waivers,19, Waivers,Waivers,19,False,,qwen_retrieval_few_shot,LEDGAR,test
retrieval_few_shot,"Terms used in this Form of Terms that are defined in the Plan will have the meanings ascribed to them in the Plan. The Long-Term Incentive Program Document (the “LTI Program Document”), an administrative document adopted by the Committee which is set forth at https:/mysource.southernco.com, contains additional provisions that apply to Performance Share Awards. Performance Share Awards are subject to the terms and conditions set forth in the Plan and any other administrative documents adopted by the Committee from time to time. If there is any inconsistency between the terms herein and the terms of the Plan or any administrative document adopted by the Committee, the Plan’s terms and the administrative document’s terms will supersede and replace the conflicting terms of this Form of Terms.",Terms,9, Terms,Terms,9,False,,qwen_retrieval_few_shot,LEDGAR,test
retrieval_few_shot,"Except as set forth in the SEC Documents, the Company and each of its Subsidiaries (i) has made or filed all U.S. federal and (to the Company’s Knowledge, solely with respect to foreign and state income tax returns) foreign, state income and all other tax returns, reports and declarations required by any jurisdiction to which it is subject, (ii) has paid all taxes and other governmental assessments and charges that are material in amount, shown or determined to be due on such returns, reports and declarations, except those being contested in good faith and (iii) has set aside on its books provision reasonably adequate for the payment of all taxes yet to become due for the periods to which such returns, reports or declarations apply. All tax returns are true and correct in all material respects. There is no liability for any tax to be imposed upon its or any of its Subsidiaries’ properties or assets as of the date of this Agreement for which adequate provision has not been made. There are no unpaid taxes in any material amount claimed to be due by the taxing authority of any jurisdiction, and the officers of the Company know of no basis for any such claim. No material tax returns of the Company have been audited, and to the Company’s Knowledge, no deficiency assessment or proposed adjustment of the Company’s or the Subsidiaries material taxes is pending.",Taxes,12, Taxes,Taxes,12,False,,qwen_retrieval_few_shot,LEDGAR,test
retrieval_few_shot,"The Escrow Agent shall be indemnified and held harmless by the Company from and against any expenses, including counsel fees and disbursements, or loss suffered by the Escrow Agent in connection with any action, suit or other proceeding involving any claim which in any way, directly or indirectly, arises out of or relates to this Agreement, the services of the Escrow Agent hereunder, or the Escrow Shares held by it hereunder, other than expenses or losses arising from the gross negligence or willful misconduct of the Escrow Agent. Promptly after the receipt by the Escrow Agent of notice of any demand or claim or the commencement of any action, suit or proceeding, the Escrow Agent shall notify the other parties hereto in writing. In the event of the receipt of such notice, the Escrow Agent, in its sole discretion, may commence an action in the nature of interpleader in an appropriate court to determine ownership or disposition of the Escrow Shares or it may deposit the Escrow Shares with the clerk of any appropriate court or it may retain the Escrow Shares pending receipt of a final, non-appealable order of a court having jurisdiction over all of the parties hereto directing to whom and under what circumstances the Escrow Shares are to be disbursed and delivered. The provisions of this Section 5.2 shall survive in the event the Escrow Agent resigns or is discharged pursuant to Sections 5.5 or 5.6 below.",Indemnifications,18, Indemnifications,Indemnifications,18,False,,qwen_retrieval_few_shot,LEDGAR,test
retrieval_few_shot,"This Agreement may be executed in two counterparts, each of which shall be an original and all of which shall be deemed to constitute one and the same instrument.",Counterparts,2, Counterparts,Counterparts,2,False,,qwen_retrieval_few_shot,LEDGAR,test
retrieval_few_shot,"Promptly upon reasonable request by the Administrative Agent (i) correct any material defect or error that may be discovered in the execution, acknowledgment, filing or recordation of any Collateral Document or other document or instrument relating to any Collateral, and (ii) do, execute, acknowledge, deliver, record, re-record, file, re-file, register and re-register any and all such further acts, deeds, certificates, assurances and other instruments as the Administrative Agent may reasonably request from time to time in order to carry out more effectively the purposes of any Collateral Documents, to the extent required pursuant to the Collateral and Guarantee Requirement.",Further Assurances,14, Further Assurances,Further Assurances,14,False,,qwen_retrieval_few_shot,LEDGAR,test
retrieval_few_shot,"Upon the termination of your employment pursuant to Section 9, your rights and the Employer’s obligations to you under this Agreement shall immediately terminate except as provided in this Section 10 and Section 11(s), and you (or your heirs or estate, as applicable) shall be entitled to receive any amounts or benefits set forth below (subject in all cases to Sections 10(f), 11(q) and 11(r)). The payments and benefits provided pursuant to this Section 10 are (x) in lieu of any severance or income continuation protection under any plan of the Activision Blizzard Group that may now or hereafter exist and (y) deemed to satisfy and be in full and final settlement of all obligations of the Activision Blizzard Group to you under this Agreement. You shall have no further right to receive any other compensation benefits following your termination of employment for any reason except as set forth in this Section 10.",General,16, Severabilities,INVALID_PREDICTION,,True,not_in_allowed_label_set,qwen_retrieval_few_shot,LEDGAR,test
retrieval_few_shot,Each RSU Award shall constitute an agreement by the Company to issue or deliver shares of Common Stock or cash to the Recipient following the end of the applicable Restricted Period in consideration of the performance of services. Each such grant of Restricted Stock Units may be made without additional consideration or in consideration of a payment by such Recipient that may be less than the Fair Market Value per share of Common Stock at the date of grant.,General,16, Terms,Terms,9,False,,qwen_retrieval_few_shot,LEDGAR,test
retrieval_few_shot,"All costs and expenses incurred in connection with this Agreement shall be paid by the Party incurring such cost or expense, whether or not the Merger is consummated.",Expenses,8, Expenses,Expenses,8,False,,qwen_retrieval_few_shot,LEDGAR,test
retrieval_few_shot,"(i) Maintain, preserve and protect all of its material Property and equipment necessary in the operation of its business in good working order and condition, ordinary wear and tear excepted; (ii) make all necessary repairs thereto and renewals and replacements thereof except where the failure to do so could not reasonably be expected to have a Material Adverse Effect; (iii) use the standard of care typical in the industry in the operation and maintenance of its facilities; and (iv) keep the Borrowing Base Properties in good order, repair, operating condition, and appearance, causing all necessary repairs, renewals, replacements, additions, and improvements to be promptly made, and not allow any of the Borrowing Base Properties to be misused, abused or wasted or to deteriorate (ordinary wear and tear excepted).",Insurances,11, Insurances,Insurances,11,False,,qwen_retrieval_few_shot,LEDGAR,test
retrieval_few_shot,"Subject to the other terms of this Agreement, the Parties agree to execute and deliver such other instruments and perform such acts, in addition to the matters in this Agreement specified, as may be reasonably appropriate or necessary from time to time, to effectuate the intent of this Agreement.",Further Assurances,14, Further Assurances,Further Assurances,14,False,,qwen_retrieval_few_shot,LEDGAR,test
retrieval_few_shot,"The Committee has the right to amend, alter, suspend, discontinue or cancel any unvested Nonqualified Stock Options granted under this Agreement, prospectively or retroactively; provided, that, no such amendment shall adversely affect the Holder’s material rights or vested Nonqualified Stock Options under this Agreement without the Holder’s consent.",Amendments,5, Amendments,Amendments,5,False,,qwen_retrieval_few_shot,LEDGAR,test
retrieval_few_shot,"The Borrower will, and will cause each Principal Subsidiary to, timely file complete and correct United States federal and applicable foreign, state and local tax returns required by law and pay when due Taxes imposed upon it or upon its property, except those which are being contested in good faith by appropriate proceedings and with respect to which adequate reserves have been set aside in accordance with generally accepted accounting principles or where nonpayment could not reasonably be expected to have a Material Adverse Effect.",Taxes,12, Taxes,Taxes,12,False,,qwen_retrieval_few_shot,LEDGAR,test
retrieval_few_shot,"The Parent shall, and shall cause each of its Subsidiaries to, comply with all laws, rules, regulations and orders of any Governmental Authority applicable to it or its Property, except where the failure to do so, individually or in the aggregate, could not reasonably be expected to result in a Material Adverse Effect.",Compliance With Laws,17, Compliance With Laws,Compliance With Laws,17,False,,qwen_retrieval_few_shot,LEDGAR,test
retrieval_few_shot,"All notices, approvals, requests, demands and other communications hereunder shall be delivered or made in the manner set forth in, and shall be effective in accordance with the terms of, the Credit Agreement; provided , that, to the extent any such communication (i) is being made or sent to a Grantor such communication shall be effective as to such Grantor if made or sent to the Borrower or in accordance with the foregoing or (ii) is being made or sent to the Agent, such communication shall be made to the Agent at the address set forth below the Agent’s signature hereto. The Grantors and the Agent may change their respective notice addresses by written notice given to the other parties hereto 10 days following the effectiveness of such change.",Notices,1, Notices,Notices,1,False,,qwen_retrieval_few_shot,LEDGAR,test
retrieval_few_shot,"Except as set forth on Schedule 3.6 as of the Closing Date, and except as hereafter disclosed to Lender in writing (including disclosures pursuant to Section 4.9 or otherwise, it being understood that any such disclosures shall not act as a consent or waiver of any Default or Event of Default arising under Section 4.9, Section 10.1(h) or any other provision of this Agreement), there is no Litigation pending against, or to such Credit Party’s knowledge threatened against or affecting, any Credit Party or, to such Credit Party’s knowledge, any party to any Operative Document other than a Credit Party. Other than as disclosed on Schedule 3.6, there is no Litigation pending in which an adverse decision could reasonably be expected to have a Material Adverse Effect or which in any manner draws into question the validity of any of the Operative Documents.",Litigations,13, Litigations,Litigations,13,False,,qwen_retrieval_few_shot,LEDGAR,test
retrieval_few_shot,"If, prior to the appointment of a permanent Chief Executive Officer of CBS other than yourself, a Corporate Event should be consummated during the period beginning October 1, 2019 and ending December 31, 2019 (a “Qualifying Corporate Event”), the Expiration Date shall, if requested by the Board, be extended for a period of up to ninety (90) days following consummation of the Qualifying Corporate Event, but in no event beyond March 31, 2020. The Board shall provide you with written notice of its request (including the length of the requested extension) at least ten (10) business days prior to the consummation of the Qualifying Corporate Event.",Terms,9, Terminations,Terminations,10,False,,qwen_retrieval_few_shot,LEDGAR,test
retrieval_few_shot,"This Agreement may be executed in any number of counterparts, each of which need not contain the signature of more than one Party but all such counterparts taken together shall constitute one and the same agreement, and may be executed through exchange of original signatures or electronic copies (PDF).",Counterparts,2, Counterparts,Counterparts,2,False,,qwen_retrieval_few_shot,LEDGAR,test
retrieval_few_shot,"Each Creditor agrees to indemnify the Collateral Agent and each of its Affiliates, and each of their respective directors, officers, employees, agents and advisors (to the extent not reimbursed by the Borrower), from and against such Lender’s ratable share (calculated based on the outstanding principal amount of the Secured Obligations owing to, including commitments of, such Creditors) of any and all liabilities, obligations, losses, damages, penalties, actions, judgments, suits, costs, expenses and disbursements (including fees, expenses and disbursements of financial and legal advisors) of any kind or nature whatsoever that may be imposed on, incurred by, or asserted against, the Collateral Agent or any of its Affiliates, directors, officers, employees, agents and advisors in any way relating to or arising out of this Agreement or the Transaction Documents or any action taken or omitted by the Collateral Agent under this Agreement or the other Transaction Documents; provided , that no such Lender shall be liable for any portion of such liabilities, obligations, losses, damages, penalties, actions, judgments, suits, costs, expenses or disbursements resulting from such Collateral Agent’s or such Affiliate’s gross negligence, bad faith or willful misconduct. Without limiting the foregoing, each such Lender further agrees to reimburse the Collateral Agent promptly upon demand for its ratable share (calculated based on the outstanding principal amount of the Secured Obligations owing to, and commitments of, such Creditors) of any out-of-pocket expenses (including fees, expenses and disbursements of financial and legal advisors) incurred by the Collateral Agent in connection with the preparation, execution, delivery, administration, modification, amendment or enforcement (whether through negotiations, legal proceedings or otherwise) of, or legal advice in respect of its rights or responsibilities under, this Agreement or the Transaction Documents, to the extent that the Collateral Agent is not reimbursed therefor by the Borrower.",Indemnifications,18, Indemnifications,Indemnifications,18,False,,qwen_retrieval_few_shot,LEDGAR,test
retrieval_few_shot,"This Agreement shall be governed by the internal laws (as opposed to the conflicts of law provisions) of the State of Colorado. The Parties agree that any and all disputes, claims or controversies arising out of or relating to this Agreement other than with respect to Section 6 shall be submitted to JAMS, (Denver Colorado office) or its successor, for mediation. Either party may commence mediation by providing to JAMS and the other party a written request for mediation, setting forth the subject of the dispute and the relief requested. The Parties will cooperate with JAMS and with one another in selecting a mediator from the JAMS panel of neutrals and in scheduling the mediation proceedings. The Parties agree that they will participate in the mediation in good faith and that all mediation costs will be borne by the Company. All offers, promises, conduct and statements, whether oral or written, made in the course of the mediation by any of the Parties, their agents, employees, experts and attorneys, and by the mediator or any JAMS employees, are confidential, privileged and inadmissible for any purpose, including impeachment, in any proceeding involving the Parties, provided that evidence that is otherwise admissible or discoverable shall not be rendered inadmissible or non-discoverable as a result of its use in the mediation.",Governing Laws,0, Governing Laws,Governing Laws,0,False,,qwen_retrieval_few_shot,LEDGAR,test
retrieval_few_shot,"The BAC shall administer the Plan in accordance with its terms and shall have all powers necessary to carry out the provisions of the Plan. The BAC shall direct the Trustee concerning all payments which shall be made out of the Trust pursuant to the Plan. The BAC shall have the discretionary authority to interpret and construe the terms of the Plan and determine all questions arising in the administration, interpretation, and application of the Plan, such determinations to be presumptively conclusive and binding on all persons to the maximum extent allowed by law, and uniformly and consistently applied to all persons in similar circumstances; adopt such rules and procedures as it deems necessary, desirable or appropriate for the administration of the Plan; appoint such agents, counsel, accountants, consultants and other persons as may be required to administer the Plan; determine all claims for benefits, and take such further action as the BAC shall deem advisable in the administration of the Plan.",General,16, Compliance With Laws,Compliance With Laws,17,False,,qwen_retrieval_few_shot,LEDGAR,test
retrieval_few_shot,"The invalidity or unenforceability of any provision of this Plan shall not affect the validity or enforceability of any other provision of this Plan, which shall remain in full force and effect, and any prohibition or unenforceability in any jurisdiction, shall not invalidate or render unenforceable such provision in any other jurisdiction.",Severability,4, Severability,Severability,4,False,,qwen_retrieval_few_shot,LEDGAR,test
retrieval_few_shot,"Any and all notices or other communications or deliveries required or permitted to be provided hereunder shall be in writing and shall be deemed given and effective on the earliest of: (a) the date of transmission, if such notice or communication is delivered via facsimile at the facsimile number set forth on the signature pages attached hereto at or prior to 4:00 p.m. (New York City time) on a Trading Day, (b) the next Trading Day after the date of transmission, if such notice or communication is delivered via facsimile at the facsimile number set forth on the signature pages attached hereto on a day that is not a Trading Day or later than 4:00 p.m. (New York City time) on any Trading Day, (c) the second (2 nd ) Trading Day following the date of mailing, if sent by U.S. nationally recognized overnight courier service or (d) upon actual receipt by the party to whom such notice is required to be given. The address for such notices and communications shall be as set forth on the signature pages attached hereto.",Notices,1, Notices,Notices,1,False,,qwen_retrieval_few_shot,LEDGAR,test
retrieval_few_shot,"The waiver by either party hereto of a breach of any provision of this Agreement shall not operate or be construed as a waiver of any subsequent breach. Notice or knowledge of any matter shall not constitute a waiver of any representation or warranty with respect to such matter. The waiver by any Party of any breach of any provision shall not be construed as a waiver of any other provision by such party. Each Party shall have the right to waive fulfillment of a condition or covenant or compliance with a representation or warranty of which it is the beneficiary, but such waiver may be made only by written instrument executed by such Party.",Waivers,19, Waivers,Waivers,19,False,,qwen_retrieval_few_shot,LEDGAR,test
retrieval_few_shot,"The parties to each assignment shall execute and deliver to the Administrative Agent an Assignment and Assumption, together with a processing and recordation fee of $3,500 for each assignment; provided that (A) only one such fee will be payable in connection with simultaneous assignments to two or more related Approved Funds by a Lender and (B) the Administrative Agent may, in its sole discretion, elect to waive such processing and recordation fee in the case of any assignment. The assignee, if it is not a Lender, shall deliver to the Administrative Agent an Administrative Questionnaire.",Assignments,7, Assignments,Assignments,7,False,,qwen_retrieval_few_shot,LEDGAR,test
retrieval_few_shot,"Upon reasonable request of the Lender whenever made, any Grantor shall promptly execute and deliver to the Lender such Collateral Assignment Agreements as the Lender shall request in connection with Grantor’s intellectual property. Grantor agrees that it will take such action, and deliver such documents or instruments, as the Lender shall reasonably request in connection with the preparation, filing or registration and enforcement of any Collateral Assignment Agreement.",Further Assurances,14, Further Assurances,Further Assurances,14,False,,qwen_retrieval_few_shot,LEDGAR,test
retrieval_few_shot,"Borrower shall, and shall cause each Credit Party to, keep its business and the Collateral insured for risks and in amounts standard for companies in Borrower’s industry and location and as Agent may reasonably request. Insurance policies shall be in a form, with companies, and in amounts that are satisfactory to Agent. All property policies shall have a lender’s loss payable endorsement showing Agent as primary lender’s loss payee and waive subrogation against Agent, and all liability policies shall show, or have endorsements showing, Agent as an additional insured. No other loss payees may be shown on the policies other than (i) loss payees showing on such policies as of the Closing Date and (ii) as Agent shall otherwise consent in writing. If required by Agent, all policies (or the loss payable and additional insured endorsements) shall provide that the insurer shall endeavor to give Agent at least [***] ( [***] for non-payment of premium) notice before canceling, amending, or declining to renew its policy. At Agent’s request, Borrower shall deliver certified copies of all such Credit Party insurance policies and evidence of all premium payments. If any Credit Party fails to obtain insurance as required under this Section 6.5 or to pay any amount or furnish any required proof of payment to third persons and Agent, Agent may make all or part of such payment or obtain such insurance policies required in this Section 6.5, and take any action under the policies Agent deems prudent.",Insurances,11, Insurances,Insurances,11,False,,qwen_retrieval_few_shot,LEDGAR,test
retrieval_few_shot,"The term of employment under this Agreement shall be for the period beginning on the Commencement Date and ending on the close of business on January 4, 2021 (the “Term”), or such earlier date upon which the Executive’s employment is terminated by either Party in accordance with the provisions of this Agreement.",Terms,9, Terms,Terms,9,False,,qwen_retrieval_few_shot,LEDGAR,test
retrieval_few_shot,"This Amendment may be executed in any number of counterparts (including counterparts by facsimile or electronic mail), each of which shall be deemed an original, but all of which together shall constitute one and the same instrument.",Counterparts,2, Counterparts,Counterparts,2,False,,qwen_retrieval_few_shot,LEDGAR,test
retrieval_few_shot,"Each Party shall deliver all notices, requests, consents, claims, demands, waivers and other communications under this Agreement in writing and addressed to the other Party at its address set forth below (or to such other address that the receiving Party may designate from time to time in accordance with this section). Each Party shall deliver all n otices by personal delivery, nationally recognized overnight courier, or certified or registered mail (in each case, return receipt requested, postage prepaid). Except as otherwise provided in this Agreement, a n otice is effective only upon on receipt or refusal.",Notices,1, Notices,Notices,1,False,,qwen_retrieval_few_shot,LEDGAR,test
retrieval_few_shot,"In the event that any provision of this Agreement is invalid or unenforceable under any applicable statute or rule of law, then such provision shall be deemed inoperative to the extent that it may conflict therewith and shall be deemed modified to conform with such statute or rule of law. Any provision hereof which may prove in valid or unenforceable under any law shall not affect the validity or enforceability of any other provision hereof.",Severability,4, Severability,Severability,4,False,,qwen_retrieval_few_shot,LEDGAR,test
retrieval_few_shot,"Except as otherwise expressly provided herein, all costs and expenses, including, without limitation, fees and disbursements of counsel, financial advisors, and accountants incurred in connection with this Agreement and the transactions contemplated hereby shall be paid by the party incurring such costs and expenses, whether or not the Closing shall have occurred.",Expenses,8, Expenses,Expenses,8,False,,qwen_retrieval_few_shot,LEDGAR,test
retrieval_few_shot,"The provisions of this Agreement that by their terms are intended to continue beyond the termination of the Executive’s employment, including but not limited to Section 5, 6, 7, 8, 9, 10 and 11 hereof, shall survive such termination of employment and shall continue in effect for the respective periods therein provided or contemplated.",Survival,6, Survival,Survival,6,False,,qwen_retrieval_few_shot,LEDGAR,test
retrieval_few_shot,"If any term or provision of this Agreement shall be held or declared to be invalid, unenforceable, or illegal, for any reason, by any court of competent jurisdiction, such invalidity, unenforceability, or illegality shall not affect any other term or provision of this Agreement or invalidate or render unenforceable such term or provision in any other jurisdiction. Upon such determination that any term or other provision is invalid, unenforceable, or illegal, the parties hereto shall negotiate in good faith to modify this Agreement so as to effect the original intent of the parties as closely as possible in a mutually acceptable manner in order that the transactions contemplated hereby be consummated as originally contemplated to the greatest extent possible.",Severability,4, Severability,Severability,4,False,,qwen_retrieval_few_shot,LEDGAR,test
retrieval_few_shot,"Nothing herein or in the Plan will be construed as conferring on the Optionee or anyone else the right to continue in the employ of the Corporation or any Subsidiary. This Agreement will be governed by and construed in accordance with the laws of the State of Delaware, without reference to the principles of conflict of laws thereof.",Governing Laws,0, Governing Laws,Governing Laws,0,False,,qwen_retrieval_few_shot,LEDGAR,test
retrieval_few_shot,"Except to the extent that any law of the United States may apply, this Agreement shall be governed and interpreted according to the laws of Florida (the ""Governing Law State""), without regard to any choice of law, rules or principles to the contrary. Nothing in this paragraph shall be construed to limit or otherwise affect any rights or remedies of the Bank under federal law.",Governing Laws,0, Governing Laws,Governing Laws,0,False,,qwen_retrieval_few_shot,LEDGAR,test
retrieval_few_shot,Each party’s obligations under this Section shall survive the Discharge of Obligations.,Survival,6, Survival,Survival,6,False,,qwen_retrieval_few_shot,LEDGAR,test
retrieval_few_shot,"The Option shall become exercisable in the manner provided below, if the Grantee continues to be Employed by the Employer (as defined in Paragraph 9) through the applicable date. For this purpose, the term “Shares” refers to the number of shares of Common Stock underlying the Option that vests in the manner described under Vest Type and Vesting Requirements. The term “ Vest Type ” describes how the Option covering the Shares vest. The term “ Full Vest Date ” summarizes the vesting requirements further described in Paragraph 2(b) below.",General,16, Terms,Terms,9,False,,qwen_retrieval_few_shot,LEDGAR,test
retrieval_few_shot,"The Administrator has the right to amend, alter, suspend, discontinue or cancel the PSUs, prospectively or retroactively; provided , however , that, no such amendment shall adversely affect Participant's material rights under this Agreement without Participant's consent.",Amendments,5, Amendments,Amendments,5,False,,qwen_retrieval_few_shot,LEDGAR,test
retrieval_few_shot,"Comply with all applicable laws, rules, regulations and orders, such compliance to include, without limitation, compliance with ERISA and Environmental Laws as provided in Section 5.01(j), if failure to comply with such requirements would have a Material Adverse Effect, and maintain in effect and enforce policies and procedures designed to promote compliance by the Company, its Subsidiaries and their respective directors, officers, and employees, in each case when acting on behalf of the Company or its Subsidiaries in all material respects with Anti-Corruption Laws and applicable Sanctions.",Compliance With Laws,17, Compliance With Laws,Compliance With Laws,17,False,,qwen_retrieval_few_shot,LEDGAR,test
retrieval_few_shot,"This Fourth Amendment may be executed in counterparts, each of which shall be deemed an original. Facsimile copies or PDF copies sent by email of this Fourth Amendment and any signatures thereon shall be considered for all purposes as originals.",Counterparts,2, Counterparts,Counterparts,2,False,,qwen_retrieval_few_shot,LEDGAR,test
retrieval_few_shot,"The Plan, the Grant Notice and this Agreement (including any exhibit hereto) constitute the entire agreement of the parties and supersede in their entirety all prior undertakings and agreements of the Company and Participant with respect to the subject matter hereof.",Entire Agreements,3, EntireAgreements,INVALID_PREDICTION,,True,not_in_allowed_label_set,qwen_retrieval_few_shot,LEDGAR,test
retrieval_few_shot,"The Compensation and Management Development Committee of the Board may amend or terminate the Plan at any time. Notwithstanding the foregoing, the Administrative Committee may adopt any amendment to the Plan as it shall deem necessary or appropriate to (i) maintain compliance with current laws and regulations, (ii) correct errors and omissions in the Plan document, and (iii) facilitate the administration and operation of the Plan. The Administrative Committee shall notify the Management Development Committee of the Board of any such amendments to the Plan within a reasonable period of time following such amendment.",Terminations,10, Amendments,Amendments,5,False,,qwen_retrieval_few_shot,LEDGAR,test
retrieval_few_shot,"The term of this Agreement shall commence on January 1, 2019, and shall continue until December 31, 2021. This Agreement is binding, however, only during the periods, which the Track is authorized to operate “permitted activities” as, defined in the Race Track Video Lottery Act of 1994.",Terms,9, GoverningLaws,INVALID_PREDICTION,,True,not_in_allowed_label_set,qwen_retrieval_few_shot,LEDGAR,test
retrieval_few_shot,"This Agreement may not be assigned by the Employee. Neither the Employee, his spouse, nor his estate shall have any right to commute, encumber or dispose of any right to receive payments hereunder, it being understood that such payments and the right thereto are nonassignable and nontransferable. This Agreement may be assigned by the Company.",Assignments,7, Assignments,Assignments,7,False,,qwen_retrieval_few_shot,LEDGAR,test
retrieval_few_shot,"Except as otherwise provided in this Agreement, any failure of any party to comply with any obligation, covenant, agreement or condition herein may be waived by the party entitled to the benefits thereof only by a written instrument signed by the party granting such waiver, but such waiver or failure to insist upon strict compliance with such obligation, covenant, agreement or condition will not operate as a waiver of, or estoppel with respect to, any subsequent or other failure.",Waivers,19, Waivers,Waivers,19,False,,qwen_retrieval_few_shot,LEDGAR,test
retrieval_few_shot,"If any provision of this Agreement shall be found by a court to be invalid or unenforceable, in whole or in part, then such provision shall be construed and/or modified or restricted to the extent and in the manner necessary to render the same valid and enforceable, or shall be deemed excised from this Agreement, as the case may require, and this Agreement shall be construed and enforced to the maximum extent permitted by law, as if such provision had been originally incorporated herein as so modified or restricted, or as if such provision had not been originally incorporated herein, as the case may be. The parties further agree to seek a lawful substitute for any provision found to be unlawful; provided, that, if the parties are unable to agree upon a lawful substitute, the parties desire and request that a court or other authority called upon to decide the enforceability of this Agreement modify the Agreement so that, once modified, the Agreement will be enforceable to the maximum extent permitted by the law in existence at the time of the requested enforcement.",Severability,4, Severability,Severability,4,False,,qwen_retrieval_few_shot,LEDGAR,test
retrieval_few_shot,"Any notice to be given to the Company or the Committee pursuant to the provisions of the Plan shall be in writing and directed to the Secretary of the Company at 400 Wood Road, Braintree, MA 02169.",Notices,1, Notices,Notices,1,False,,qwen_retrieval_few_shot,LEDGAR,test
retrieval_few_shot,"This Agreement and the Confidentiality Agreement (including all exhibits and schedules attached hereto and thereto) together set forth the compete, entire, and final agreement between the Company and Executive relating to the subject matter hereof and terminates, cancels, and supersedes any and all prior agreements, communications, contracts, representations, or understandings, in each case whether oral or written, between the Company and Executive relating to the subject matter hereof. No amendment, modification, or supplement to this Agreement is valid, binding, or enforceable unless the same is in writing and executed and delivered on behalf of the Company and by Executive.",Entire Agreements,3, Entire Agreements,Entire Agreements,3,False,,qwen_retrieval_few_shot,LEDGAR,test
retrieval_few_shot,"Notices and communications under this Agreement must be in writing and either personally delivered or sent by registered or certified United States mail, return receipt requested, postage prepaid. Notices to the Company must be addressed to The Wendy’s Company, One Dave Thomas Boulevard, Dublin, Ohio 43017, Attention: Corporate Secretary, or any other address designated by the Company in a written notice to the Participant. Notices to the Participant will be directed to the address of the Participant then currently on file with the Company, or at any other address given by the Participant in a written notice to the Company.",Notices,1, Notices,Notices,1,False,,qwen_retrieval_few_shot,LEDGAR,test
retrieval_few_shot,This Agreement may be amended or modified only in writing signed by each party hereto.,Amendments,5, Amendments,Amendments,5,False,,qwen_retrieval_few_shot,LEDGAR,test
retrieval_few_shot,"The term of this Agreement shall commence on the Effective Date and shall continue until May 8 th , 2020 (the “Consultation Period”).",Terms,9, Terminations,Terminations,10,False,,qwen_retrieval_few_shot,LEDGAR,test
retrieval_few_shot,"All notices required or permitted hereunder shall be effective upon receipt if delivered in person, if sent by electronic transmission or if sent by overnight courier (such as FedEx) or ordinary, certified, or express mail, postage fully prepaid to the address specified in the introductory paragraph hereof or to such other address as may, from time to time, be designated in writing by the party to be notified.",Notices,1, Notices,Notices,1,False,,qwen_retrieval_few_shot,LEDGAR,test
retrieval_few_shot,THIS AGREEMENT OF DEFINITIONS SHALL BE CONSTRUED IN ACCORDANCE WITH THE INTERNAL LAWS OF THE STATE OF NEW YORK WITHOUT REGARD TO ANY OTHERWISE APPLICABLE PRINCIPLES OF CONFLICT OF LAWS (OTHER THAN SECTION 5-1401 OF THE NEW YORK GENERAL OBLIGATION LAW).,Governing Laws,0, Governing Laws,Governing Laws,0,False,,qwen_retrieval_few_shot,LEDGAR,test
retrieval_few_shot,"There is no action, suit or proceeding pending against, or to the knowledge of the Company threatened against, the Company or any of its Subsidiaries before any court or arbitrator or any governmental body, agency or official (a) which has or would be reasonably expected to have a Material Adverse Effect, or (b) which in any manner draws into question the validity or enforceability of this Agreement or any other Credit Document. The Company has reasonably concluded that its compliance with Environmental Laws is unlikely to result in a Material Adverse Effect.",Litigations,13, Litigations,Litigations,13,False,,qwen_retrieval_few_shot,LEDGAR,test
retrieval_few_shot,"Borrower shall pay Lender (a) the Facility Fee in the amount of $23,529 (the “Facility Fee”), (b) an amendment fee in the amount of $1,000 (the “Amendment Fee”), and (c) all out-of-pocket expenses.",Expenses,8, Fees,INVALID_PREDICTION,,True,not_in_allowed_label_set,qwen_retrieval_few_shot,LEDGAR,test
retrieval_few_shot,"In the event of the consummation or public announcement of any Offering, Wainwright shall have the right to disclose its participation in such Offering, including, without limitation, the Offering at its cost of “tombstone” advertisements in financial and other newspapers and journals. Wainwright agrees to use all material nonpublic information provided to it by the Company or on its behalf, if any, solely for the purpose of providing the services that are the subject of this Agreement. This undertaking will automatically terminate one year following the termination or expiration of this Agreement.",Confidentiality,15, Confidentiality,Confidentiality,15,False,,qwen_retrieval_few_shot,LEDGAR,test
retrieval_few_shot,"This Amendment may be executed in any number of counterparts, each of which when so executed and delivered shall be deemed to be an original, and all of which taken together shall constitute but one and the same instrument. The transmission or receipt of a facsimile or similar communication being a reproduction of a party’s signature or initial shall produce the same legal result as the transmission or receipt of an original signature or initial.",Counterparts,2, Counterparts,Counterparts,2,False,,qwen_retrieval_few_shot,LEDGAR,test
retrieval_few_shot,"Observe and remain in compliance with all Applicable Laws (including ERISA and Environmental Laws) applicable to it, except where the failure to do so could not reasonably be expected to have a Material Adverse Effect.",Compliance With Laws,17, Compliance With Laws,Compliance With Laws,17,False,,qwen_retrieval_few_shot,LEDGAR,test
retrieval_few_shot,"This Agreement shall not be assignable by either party except by the Company to any successor in interest of the Company’s business, which assumes the obligations of the Company hereunder.",Assignments,7, Assignments,Assignments,7,False,,qwen_retrieval_few_shot,LEDGAR,test
retrieval_few_shot,"This Warrant shall be governed by and construed in accordance with the laws of the State of Nevada without regard to principles of conflicts of laws. Any action brought by either party against the other concerning the transactions contemplated by this Warrant shall be brought only in the state courts of Massachusetts or in the federal courts located in the Commonwealth of Massachusetts. The parties to this Warrant hereby irrevocably waive any objection to jurisdiction and venue of any action instituted hereunder and shall not assert any defense based on lack of jurisdiction or venue or based upon forum non conveniens . THE BORROWER HEREBY IRREVOCABLY WAIVES ANY RIGHT IT MAY HAVE TO, AND AGREES NOT TO REQUEST, A JURY TRIAL FOR THE ADJUDICATION OF ANY DISPUTE HEREUNDER OR IN CONNECTION WITH OR ARISING OUT OF THIS WARRANT OR ANY TRANSACTION CONTEMPLATED HEREBY . The prevailing party shall be entitled to recover from the other party its reasonable attorney’s fees and costs. In the event that any provision of this Warrant or any other agreement delivered in connection herewith is invalid or unenforceable under any applicable statute or rule of law, then such provision shall be deemed inoperative to the extent that it may conflict therewith and shall be deemed modified to conform with such statute or rule of law. Any such provision which may prove invalid or unenforceable under any law shall not affect the validity or enforceability of any other provision of any agreement. Each party hereby irrevocably waives personal service of process and consents to process being served in any suit, action or proceeding in connection with this Agreement or any other Transaction Document by mailing a copy thereof via registered or certified mail or overnight delivery (with evidence of delivery) to such party at the address in effect for notices to it under this Agreement and agrees that such service shall constitute good and sufficient service of process and notice thereof. Nothing contained herein shall be deemed to limit in any way any right to serve process in any other manner permitted by law.",Governing Laws,0, GoverningLaws,INVALID_PREDICTION,,True,not_in_allowed_label_set,qwen_retrieval_few_shot,LEDGAR,test
retrieval_few_shot,"This Agreement represents the entire agreement and understanding between the Company and Executive concerning the subject matter of this Agreement and Executive’s employment with and separation from the Company and the events leading thereto and associated therewith, and supersedes and replaces any and all prior agreements and understandings concerning the subject matter of this Agreement and Executive’s relationship with the Company, with the exception of the Severance Agreement, the Confidentiality Agreement, and Executive’s written equity compensation agreements with the Company.",Entire Agreements,3, EntireAgreements,INVALID_PREDICTION,,True,not_in_allowed_label_set,qwen_retrieval_few_shot,LEDGAR,test
retrieval_few_shot,THIS AGREEMENT SHALL BE GOVERNED BY AND CONSTRUED IN ACCORDANCE WITH THE LAWS OF THE STATE OF DELAWARE WITHOUT GIVING EFFECT TO THE CHOICE OF LAW PRINCIPLES OF SUCH STATE THAT WOULD REQUIRE OR PERMIT THE APPLICATION OF THE LAWS OF ANOTHER JURISDICTION.,Governing Laws,0, Governing Laws,Governing Laws,0,False,,qwen_retrieval_few_shot,LEDGAR,test
retrieval_few_shot,"Pledgor will, from time to time, timely pay and discharge (or cause to be paid or discharged) all taxes, assessments and other governmental charges imposed upon the Collateral or any part thereof or upon the income or profits therefrom, and also all taxes, assessments and other governmental charges imposed upon the lien or interest of Lender under this Agreement or in respect of the Collateral.",Taxes,12, Taxes,Taxes,12,False,,qwen_retrieval_few_shot,LEDGAR,test
retrieval_few_shot,"The Award of Performance Shares (as set forth on the cover page of this Award Agreement) is subject to all the terms and conditions of the Tyson Foods, Inc. 2000 Stock Incentive Plan or any successors thereto, as such plan or its successors may be amended and restated from time to time (the “Plan”). Unless otherwise defined herein, all capitalized terms in this Award Agreement shall have the meaning stated in the Plan. Please see the Plan document for more information on these terms and conditions. A copy of the Plan is available upon request.",Terms,9, Terms,Terms,9,False,,qwen_retrieval_few_shot,LEDGAR,test
retrieval_few_shot,"If Participant’s Service as an Employee or Director terminates for any reason, all unvested RSUs will be forfeited to Redfin immediately, and all rights of Participant to such RSUs automatically terminate without payment of any consideration to Participant, unless the Committee otherwise determines. Participant’s Service as an Employee or Director will be considered terminated as of the date Participant is no longer providing services as an Employee or Director (regardless of the reason for such termination and whether or not later found to be invalid or in breach of employment laws in the jurisdiction where Participant is employed or the terms of Participant’s employment agreement, if any) and will not, subject to the laws applicable to Participant’s Award, be extended by any notice period mandated under local laws (e.g., Service would not include a period of “garden leave” or similar period). Participant acknowledges and agrees that the Vesting Schedule may change prospectively in the event Participant’s service status changes between full- and part-time status and/or in the event Participant is on an approved leave of absence in accordance with Redfin’s policies relating to work schedules and vesting of awards or as determined by the Committee. Participant acknowledges that the vesting of the Shares pursuant to the Notice and this Agreement is subject to Participant’s continued Service as an Employee or Director, unless the Committee otherwise determines. In case of any dispute as to whether termination of Service as an Employee or Director has occurred, the Committee will have sole discretion to determine whether such termination of Service as an Employee or Director has occurred and the effective date of such termination (including whether Participant may still be considered to be providing services while on an approved leave of absence).",Terminations,10, Terminations,Terminations,10,False,,qwen_retrieval_few_shot,LEDGAR,test
retrieval_few_shot,THIS DEED AND THE RIGHTS AND OBLIGATIONS OF THE PARTIES UNDER THIS DEED SHALL BE CONSTRUED IN ACCORDANCE WITH AND GOVERNED BY THE LAWS OF THE BAHAMAS.,Governing Laws,0, GoverningLaws,INVALID_PREDICTION,,True,not_in_allowed_label_set,qwen_retrieval_few_shot,LEDGAR,test
retrieval_few_shot,"Subject to Section 41.5 of the Master Lease, this Amendment shall be governed by, and construed and enforced in accordance with, the internal laws of the State of New York without regard to conflicts of laws principals.",Governing Laws,0, GoverningLaws,INVALID_PREDICTION,,True,not_in_allowed_label_set,qwen_retrieval_few_shot,LEDGAR,test
retrieval_few_shot,"This Agreement, together with the schedules attached hereto, contain the entire understanding of the parties with respect to the subject matter hereof and supersede all prior agreements and understandings, oral or written with respect to such matters.",Entire Agreements,3, EntireAgreements,INVALID_PREDICTION,,True,not_in_allowed_label_set,qwen_retrieval_few_shot,LEDGAR,test
retrieval_few_shot,"This Joinder Agreement may be executed in multiple counterparts, each of which shall constitute an original but all of which when taken together shall constitute one and the same instrument. Section 10.13 of the Loan Agreement (the joint borrower provisions) is by this reference hereby incorporated herein in its entirety.",Counterparts,2, Counterparts,Counterparts,2,False,,qwen_retrieval_few_shot,LEDGAR,test
retrieval_few_shot,"If any part of this Agreement is construed to be in violation of any law, such part shall be modified to achieve the objective of the Parties to the fullest extent permitted and the balance of this Agreement shall remain in full force and effect.",Severability,4, Severability,Severability,4,False,,qwen_retrieval_few_shot,LEDGAR,test
retrieval_few_shot,"The Company reserves the right to amend the Plan at any time to comply with Code §409A and Applicable Guidance or for any other purpose, provided that such amendment will not result in taxation to any Participant under Code §409A. Except as the Plan and Applicable Guidance otherwise may require, the Company may make any such amendments effective immediately.",Amendments,5, Amendments,Amendments,5,False,,qwen_retrieval_few_shot,LEDGAR,test
retrieval_few_shot,"The Borrower shall immediately notify Administrative Agent in writing of: (i) the discovery of any Hazardous Materials on, under or about the Property and Improvements; (ii) any knowledge by Borrower that the Property and Improvements do not comply with any Hazardous Materials Laws; (iii) any Hazardous Materials Claims.",Notices,1, Notices,Notices,1,False,,qwen_retrieval_few_shot,LEDGAR,test
retrieval_few_shot,"The rights and interests of the Participant under this Grant Letter may not be sold, assigned, encumbered or otherwise transferred except, in the event of the death of the Participant, by will or by the laws of descent and distribution. The rights and protections of the Company hereunder shall extend to any successors or assigns of the Company and to the Company’s parents, subsidiaries, and affiliates.",Assignments,7, Assignments,Assignments,7,False,,qwen_retrieval_few_shot,LEDGAR,test
retrieval_few_shot,"Each party hereto shall do and perform, or cause to be done and performed, all such further acts and things, and shall execute and deliver all such other agreements, certificates, instruments and documents, as the other party may reasonably request in order to carry out the intent and accomplish the purposes of this Agreement and the consummation of the transactions contemplated hereby.",Further Assurances,14, Further Assurances,Further Assurances,14,False,,qwen_retrieval_few_shot,LEDGAR,test
retrieval_few_shot,"The Consolidated Parties have filed all Federal and state income and other material tax returns and reports required to be filed, and have paid all Federal and state income and other material taxes, assessments, fees and other governmental charges levied or imposed upon them or their properties, income or assets otherwise due and payable, except those which are being contested in good faith by appropriate proceedings diligently conducted and for which adequate reserves have been provided in accordance with GAAP. There is no proposed tax assessment against any Consolidated Party that would, if made, have a Material Adverse Effect. No Consolidated Party nor any Subsidiary thereof is party to any tax sharing agreement; provided, however , that any tax protection agreement entered into with a contributor of property to a Consolidated Party (but only to the extent the indemnity or other obligation to such contributor under such tax protection agreement is limited to any capital gains tax that would be due upon a sale or other Disposition of such contributed property and either (i) is limited to an amount that does not exceed one percent (1%) of the total assets of such Consolidated Party or (ii) exceeds one percent (1%) but less than five percent (5%) of the total assets of such Consolidated Party but which indemnity is only triggered by a sale or other Disposition of such contributed property) shall not be considered a tax sharing agreement.",Taxes,12, Taxes,Taxes,12,False,,qwen_retrieval_few_shot,LEDGAR,test
retrieval_few_shot,"This Agreement, together with all references to the Transaction Documents, or instruments referred to herein, contains the entire agreement and understanding of the Parties in respect to the subject matter contained herein. The Parties have expressly not relied upon any promises, representations, warranties, agreements, covenants, or undertakings, other than those expressly set forth or referred to herein. This Agreement supersedes (i) any and all prior written or oral agreements, understandings, and negotiations between the Parties with respect to the subject matter contained herein; and, (ii) any course of performance and/or usage of the trade inconsistent with any of the terms hereof.",Entire Agreements,3, EntireAgreements,INVALID_PREDICTION,,True,not_in_allowed_label_set,qwen_retrieval_few_shot,LEDGAR,test
retrieval_few_shot,Awards may be granted only to Eligible Participants. Eligible Participants who are service providers to an Affiliate may be granted Options or SARs under this Plan only if the Affiliate qualifies as an “eligible issuer of service recipient stock” within the meaning of §1.409A-1(b)(5)(iii)(E) of the final regulations under Code Section 409A.,General,16, General,General,16,False,,qwen_retrieval_few_shot,LEDGAR,test
retrieval_few_shot,"Whenever possible, each provision of this Agreement shall be interpreted in such manner as to be effective and valid under applicable law, but if any provision of this Agreement shall be unenforceable or invalid under applicable law, such provision shall be ineffective only to the extent of such unenforceability or invalidity (and for purposes only of such applicable law), and the remaining provisions of this Agreement shall continue to be binding and in full force and effect.",Severability,4, Severability,Severability,4,False,,qwen_retrieval_few_shot,LEDGAR,test
retrieval_few_shot,"Each of the Company and the Selling Stockholder shall bear its own expenses in connection with the drafting, negotiation, execution and delivery of this Agreement and the consummation of the transactions contemplated hereby.",Expenses,8, Expenses,Expenses,8,False,,qwen_retrieval_few_shot,LEDGAR,test
retrieval_few_shot,"In the event that any provision in these Terms and Conditions shall be held invalid or unenforceable for any reason, such provision shall be severable from, and such invalidity or unenforceability shall not be construed to have any effect on, the remaining provisions of these Terms and Conditions.",Severability,4, Severability,Severability,4,False,,qwen_retrieval_few_shot,LEDGAR,test
retrieval_few_shot,"This Agreement, any Note and any other Loan Document or other agreement, document or instrument attached hereto or executed in connection with the Prior Credit Agreements (as such documents may have been amended or replaced) and on or as of the Closing Date, integrate all of the terms and conditions mentioned herein or incidental hereto and supersede all oral representations and negotiations and prior writings with respect to the subject matter hereof.",Entire Agreements,3, EntireAgreements,INVALID_PREDICTION,,True,not_in_allowed_label_set,qwen_retrieval_few_shot,LEDGAR,test
retrieval_few_shot,"You and ServiceMaster agree that this Agreement constitutes the complete understanding between you and ServiceMaster regarding the matters herein and that no other promises or agreements, express or implied, will be binding between you and ServiceMaster unless signed in writing by you and ServiceMaster . This Agreement fully supersedes and replaces any and all prior agreements or understandings, if any, between you and ServiceMaster on any matter that is addressed in this Agreement with the exception of confidentiality/non ‑ solicitation/non ‑ compete issues except as stated herein.",Entire Agreements,3, EntireAgreements,INVALID_PREDICTION,,True,not_in_allowed_label_set,qwen_retrieval_few_shot,LEDGAR,test
retrieval_few_shot,"Any provisions of this Agreement which are prohibited or unenforceable in any jurisdiction shall, as to such jurisdiction, be ineffective to the extent of such prohibition or unenforceability without invalidating the remaining provisions hereof, and any such prohibition or unenforceability in any jurisdiction shall not invalidate or render unenforceable such provision in any other jurisdiction.",Severability,4, Severability,Severability,4,False,,qwen_retrieval_few_shot,LEDGAR,test
retrieval_few_shot,"With effect as of the Effective Date, Section 1.01 of the Credit Agreement is hereby amended by replacing the date “February 28, 2019” in the definition of “Maturity Date” therein with “March 7, 2019”.",Amendments,5, Amendments,Amendments,5,False,,qwen_retrieval_few_shot,LEDGAR,test
retrieval_few_shot,"Each Party agrees (i) to execute and deliver, or to cause to be executed and delivered, all such other and further agreements, documents and instruments and (ii) to take or cause to be taken all such actions as the other Party may reasonably request to effectuate the intent and purposes, and to carry out the terms, of this Agreement.",Further Assurances,14, Further Assurances,Further Assurances,14,False,,qwen_retrieval_few_shot,LEDGAR,test
retrieval_few_shot,"(a) Unless previously terminated, (i) the Commitments and the Swingline Commitments shall automatically terminate on the Maturity Date and (ii) the LC Commitments shall automatically terminate on the earlier to occur of (x) the termination of the Commitments and (y) the last day of the LC Availability Period.",Terminations,10, Terminations,Terminations,10,False,,qwen_retrieval_few_shot,LEDGAR,test
retrieval_few_shot,"The Committee acting in its absolute discretion shall have the right to grant Restricted Stock, Stock Units and Other Stock-Based Awards to Eligible Individuals from time to time.",General,16, Assignments,Assignments,7,False,,qwen_retrieval_few_shot,LEDGAR,test
retrieval_few_shot,"As between the First Lien Secured Parties, the Controlling Collateral Agent shall have the right to adjust or settle any insurance policy or claim covering or constituting Shared Collateral in the event of any loss thereunder and to approve any award granted in any condemnation or similar proceeding affecting the Shared Collateral.",Insurances,11, Insurances,Insurances,11,False,,qwen_retrieval_few_shot,LEDGAR,test
retrieval_few_shot,"This Agreement is governed by the internal substantive laws of the state of Nevada, without regard to conflict of laws principles.",Governing Laws,0, Governing Laws,Governing Laws,0,False,,qwen_retrieval_few_shot,LEDGAR,test
retrieval_few_shot,"Each person who is or shall have been a member of the Committee, or of the Board, or an officer of the Company to whom authority was delegated in accordance with Article 4 shall be indemnified and held harmless by the Company against and from any loss, cost, liability, or expense that may be imposed upon or reasonably incurred by him or her in connection with or resulting from any claim, action, suit, or proceeding to which he or she may be a party or in which he or she may be involved by reason of any action taken or failure to act under the Plan and against and from any and all amounts paid by him or her in settlement thereof, with the Company’s approval, or paid by him or her in satisfaction of any judgment in any such action, suit, or proceeding against him or her, provided he or she shall give the Company an opportunity, at its own expense, to handle and defend the same before he or she undertakes to handle and defend it on his or her own behalf, unless such loss, cost, liability, or expense is a result of his or her own willful misconduct or except as expressly provided by statute. The foregoing right of indemnification shall not be exclusive of any other rights of indemnification to which such persons may be entitled under the Company’s charter or bylaws, as a matter of law, or otherwise, or any power that the Company may have to indemnify them or hold them harmless.",Indemnifications,18, Indemnifications,Indemnifications,18,False,,qwen_retrieval_few_shot,LEDGAR,test
retrieval_few_shot,"Consultant will defend, indemnify and hold harmless the Company and its affiliates and their officers, directors, employees, agents, successors and assigns from and against all losses, damages, liabilities, deficiencies, actions, judgments, interest, awards, penalties, fines, costs or expenses of whatever kind (including reasonable attorneys' fees) arising out of or resulting from: (i) damage to real or tangible, personal property resulting from Consultant’s negligent or willful acts or omissions; and (ii) Consultant’s breach of any representation, warranty, covenant or obligation under this Agreement. The Company may satisfy such indemnity (in whole or in part) by way of deduction from any payment due to Consultant under this Agreement or otherwise. The Company will indemnify, defend and hold consultant harmless from any losses, damages and liabilities (including legal fees and court costs) arising from claims, demands or suits brought by third parties based on Consultant’s performance of the services under this Agreement, except to the extent such losses, damages and liabilities are caused by Consultant’s gross negligence or willful misconduct or breach of this Agreement.",Indemnifications,18, Indemnifications,Indemnifications,18,False,,qwen_retrieval_few_shot,LEDGAR,test
retrieval_few_shot,The Corporation’s obligations to indemnify Indemnitee under these terms and conditions shall be governed by and interpreted in accordance with the laws of the State of Delaware without regard to its choice of law provisions.,Governing Laws,0, Governing Laws,Governing Laws,0,False,,qwen_retrieval_few_shot,LEDGAR,test
retrieval_few_shot,Consultant shall maintain such insurance as shall be reasonably necessary to insure itself against any claim or claims for damages arising out of the Services or this Agreement.,Insurances,11, Insurances,Insurances,11,False,,qwen_retrieval_few_shot,LEDGAR,test
retrieval_few_shot,This Agreement will be governed by the laws of the State of California without giving effect to any choice or conflict of law principles of any jurisdiction.,Governing Laws,0, Governing Laws,Governing Laws,0,False,,qwen_retrieval_few_shot,LEDGAR,test
retrieval_few_shot,"This Agreement may be executed in two or more counterparts, each of which shall be deemed an original but all of which together shall constitute one and the same instrument. Facsimile signatures delivered by fax and/or e-mail/.pdf transmission shall be sufficient and binding as if they were originals and such delivery shall constitute valid delivery of this Agreement.",Counterparts,2, Counterparts,Counterparts,2,False,,qwen_retrieval_few_shot,LEDGAR,test
retrieval_few_shot,"The Award of Restricted Stock Subject to Performance Criteria (as set forth on the cover page of this Award Agreement) is subject to all the terms and conditions of the Tyson Foods, Inc. 2000 Stock Incentive Plan or any successors thereto, as such plan or its successors may be amended and restated from time to time (the “Plan”). Unless otherwise defined herein, all capitalized terms in this Award Agreement shall have the meaning stated in the Plan. Please see the Plan document for more information on these terms and conditions. A copy of the Plan is available upon request.",Terms,9, Terms,Terms,9,False,,qwen_retrieval_few_shot,LEDGAR,test
retrieval_few_shot,"To request the issuance of a Letter of Credit (or the amendment, renewal or extension of an outstanding Letter of Credit), the Company shall hand deliver or telecopy (or transmit by electronic communication, if arrangements for doing so have been approved by the applicable Issuing Bank) to the applicable Issuing Bank and the Administrative Agent (reasonably in advance of the requested date of issuance, amendment, renewal or extension, but in any event no less than three (3) Business Days) a notice requesting the issuance of a Letter of Credit, or identifying the Letter of Credit to be amended, renewed or extended, and specifying the date of issuance, amendment, renewal or extension (which shall be a Business Day), the date on which such Letter of Credit is to expire (which shall comply with paragraph (c) of this Section), the amount of such Letter of Credit, the Agreed Currency applicable thereto, the name and address of the beneficiary thereof and such other information as shall be necessary to prepare, amend, renew or extend such Letter of Credit. In addition, as a condition to any such Letter of Credit issuance, the applicable Borrower shall have entered into a continuing agreement (or other letter of credit agreement) for the issuance of letters of credit and/or shall submit a letter of credit application, in each case, as required by the applicable Issuing Bank and using such Issuing Bank’s standard form (each, a “ Letter of Credit Agreement ”). A Letter of Credit shall be issued, amended, renewed or extended only if (and upon issuance, amendment, renewal or extension of each Letter of Credit the Company shall be deemed to represent and warrant that), after giving effect to such issuance, amendment, renewal or extension (i) subject to Section 2.04, (x) the Dollar Amount of the aggregate undrawn amount of all outstanding Letters of Credit issued by such Issuing Bank at such time plus (y) the aggregate Dollar Amount of all LC Disbursements made by such Issuing Bank that have not yet been reimbursed by or on behalf of the applicable Borrower at such time shall not exceed such Issuing Bank’s Letter of Credit Commitment, (ii) subject to Section 2.04, the Dollar Amount of the LC Exposure shall not exceed $60,000,000, (iii) no Lender’s Dollar Amount of Revolving Credit Exposure shall exceed its Revolving Commitment, (iv) subject to Section 2.04, the Dollar Amount of the Total Revolving Credit Exposure shall not exceed the aggregate Revolving Commitments and (v) subject to Section 2.04, the Dollar Amount of the total outstanding Revolving Loans and LC Exposure, in each case denominated in Foreign Currencies, shall not exceed the Foreign Currency Sublimit. The Company may, at any time and from time to time, reduce the Letter of Credit Commitment of any Issuing Bank with the consent of such Issuing Bank; provided that the Company shall not reduce the Letter of Credit Commitment of such Issuing Bank if, after giving effect of such reduction, the conditions set forth in clauses (i) through (v) above shall not be satisfied.",Amendments,5,") of this Section), the amount of such Letter of Credit",INVALID_PREDICTION,,True,not_in_allowed_label_set,qwen_retrieval_few_shot,LEDGAR,test
retrieval_few_shot,"This Warrant, the Commitment Agreement and the Registration Rights Agreement dated as of March 26, 2018 by and among the Company, IEA Parent, M III Sponsor I LLC and M III Sponsor I LP, Cantor Fitzgerald & Co., Mr. Osbert Hood and Mr. Philip Marber, as amended, constitute the sole and entire agreement of the parties to this Warrant with respect to the subject matter contained herein, and supersedes all prior and contemporaneous understandings and agreements, both written and oral, with respect to such subject matter. In the event of any inconsistency between the provisions contained in this Warrant and the Commitment Agreement, the provisions contained in this Warrant shall control.",Entire Agreements,3, EntireAgreements,INVALID_PREDICTION,,True,not_in_allowed_label_set,qwen_retrieval_few_shot,LEDGAR,test
retrieval_few_shot,"The Executive acknowledges that, by reason of being employed by the Company at the relevant times, to the extent permitted by law, all of the Work Product consisting of copyrightable subject matter is “ work made for hire ” as defined in 17 U.S.C. § 101 and such copyrights are therefore owned by the Company. To the extent that the foregoing does not apply, the Executive hereby irrevocably assigns to the Company, for no additional consideration, the Executive’s entire right, title, and interest in and to all Work Product and Intellectual Property Rights therein, including the right to sue, counterclaim, and recover for all past, present, and future infringement, misappropriation, or dilution thereof, and all rights corresponding thereto throughout the world. Nothing contained in this Agreement shall be construed to reduce or limit the Company’s rights, title, or interest in any Work Product or Intellectual Property Rights so as to be less in any respect than that the Company would have had in the absence of this Agreement.",Assignments,7, Assignments,Assignments,7,False,,qwen_retrieval_few_shot,LEDGAR,test
retrieval_few_shot,Any notice hereunder by the Participant shall be given to the Company in writing and such notice shall be deemed duly given only upon receipt thereof by the Secretary of the Company. Any notice hereunder by the Company shall be given to the Participant in writing and such notice shall be deemed duly given only upon receipt thereof at such address as the Participant may have on file with the Company.,Notices,1, Notices,Notices,1,False,,qwen_retrieval_few_shot,LEDGAR,test
retrieval_few_shot,"This Agreement contains the entire agreement of the parties relating to the subject matter hereof, and the parties hereto have made no agreements, representations or warranties relating to the subject matter of this Agreement that are not set forth otherwise herein. This Agreement supersedes any and all prior agreements, written or oral, between Employee and Employer relating to the subject matter hereof, including without limitation the 2012 Employment Agreement. Any such prior agreements are hereby terminated and of no further effect and Employee, by the execution hereof, agrees that any compensation provided for under any such prior agreements is specifically superseded and replaced by the provisions of this Agreement. No modification of this Agreement shall be valid unless made in writing and signed by the parties hereto and unless such writing is made by an executive officer of Employer (other than Employee) after approval by Employer’s Board of Directors. The parties hereto agree that in no event shall an oral modification of this Agreement be enforceable or valid.",Entire Agreements,3, EntireAgreements,INVALID_PREDICTION,,True,not_in_allowed_label_set,qwen_retrieval_few_shot,LEDGAR,test
retrieval_few_shot,"Borrower agrees from time to time to execute, acknowledge and deliver all such instruments and to take all such reasonable action for the purpose of effectuating this Assignment and the carrying out of the terms hereof as may be requested by Agent.",Further Assurances,14, Assignments,Assignments,7,False,,qwen_retrieval_few_shot,LEDGAR,test
retrieval_few_shot,"No amendment or waiver of any provision of this Agreement or the Notes, nor consent to any departure by the Company therefrom, shall in any event be effective unless the same shall be in writing and signed by the Majority Lenders, and then such waiver or consent shall be effective only in the specific instance and for the specific purpose for which given; provided , however , that no amendment, waiver or consent shall, unless in writing and signed by each of the Lenders affected thereby, do any of the following: (a) increase the Commitments of such Lender, (b) reduce the principal of, or rate of interest on, the Advances or any fees or other amounts payable hereunder, (c) postpone any date fixed for any payment of principal of, or interest on, the Advances or any fees or other amounts payable hereunder or extend the date of termination of such Lender’s Commitment, (d) require the duration of an Interest Period to be more than six months if such period is not available to all Lenders, (e) change the percentage of the Commitments or of the aggregate unpaid principal amount of the Advances, or the number of Lenders, that shall be required for the Lenders or any of them to take any action hereunder; or (f) amend this Section 9.01; and provided further that no amendment, waiver or consent shall, unless in writing and signed by the Administrative Agent in addition to the Lenders required above to take such action, affect the rights or duties of the Administrative Agent under this Agreement or any Note; and provided further , that nothing contained in this Section 9.01 will require the Company or the Administrative Agent to seek the consent of any Lender in order to make any technical amendments to cure ambiguities or defects or make related modifications to any provision of a Loan Document.",Amendments,5," label from the list of allowed labels.
- Ensure your answer",INVALID_PREDICTION,,True,not_in_allowed_label_set,qwen_retrieval_few_shot,LEDGAR,test
retrieval_few_shot,"Employee acknowledges and agrees that each of the Restrictive Covenants is reasonable and valid in time and scope and in all other respects. The parties agree that it is their intention that the Restrictive Covenants be enforced in accordance with their terms to the maximum extent permitted by law. Each of the Restrictive Covenants shall be considered and construed as a separate and independent covenant. Should any part or provision of any of the Restrictive Covenants be held invalid, void, or unenforceable, such invalidity, voidness, or unenforceability shall not render invalid, void, or unenforceable any other part or provision of this Agreement or such Restrictive Covenant. If any of the provisions of the Restrictive Covenants should ever be held by a court of competent jurisdiction to exceed the scope permitted by the applicable law, such provision or provisions shall be automatically modified to such lesser scope as such court may deem just and proper for the reasonable protection of the Company's legitimate business interests and may be enforced by the Company to that extent in the manner described above and all other provisions of this Agreement shall be valid and enforceable.",Severability,4, Severability,Severability,4,False,,qwen_retrieval_few_shot,LEDGAR,test
retrieval_few_shot,"Banjo has: (i) timely filed with the appropriate taxing authorities all tax returns required to be filed by or with respect to its business, or are properly on extension and all such duly filed tax returns are true, correct and complete in all material respects; and (ii) timely paid in full or made adequate provisions for on its balance sheet (in accordance with GAAP) all Taxes shown to be due on such tax returns. There are no liens for taxes upon the assets of Banjo except for statutory liens for current taxes not yet due and payable or which may thereafter be paid without penalty or are being contested in good faith. Banjo has not received any notice of audit, is not undergoing any audit of its tax returns, and has not received any notice of deficiency or assessment from any taxing authority with respect to liability for taxes which has not been fully paid or finally settled. There have been no waivers of statutes of limitations by Banjo with respect to any tax returns. Banjo has not filed a request with the Internal Revenue Service for changes in accounting methods within the last three years which change would affect the accounting for tax purposes, directly or indirectly, of its business. Banjo has not executed an extension or waiver of any statute of limitations on the assessment or collection of any taxes due (excluding such statutes that relate to years currently under examination by the Internal Revenue Service or other applicable taxing authorities) that is currently in effect.",Taxes,12, Taxes,Taxes,12,False,,qwen_retrieval_few_shot,LEDGAR,test
retrieval_few_shot,"The Employee shall be entitled to be indemnified and insured by the Company against liability and expense relating to his employment to the same extent and subject to the same conditions and limitations as all other executive officers of the Company in accordance with and as authorized by the Company’s Certificate of Incorporation, by-laws, Board of Directors resolutions and applicable law.",Indemnifications,18, Indemnifications,Indemnifications,18,False,,qwen_retrieval_few_shot,LEDGAR,test
retrieval_few_shot,"The provisions of Sections 8, 9, 10, 11, 14 and 18 of this Agreement shall survive any termination of this Agreement.",Survival,6, Survival,Survival,6,False,,qwen_retrieval_few_shot,LEDGAR,test
retrieval_few_shot,All notices and other communications under this Agreement shall be in writing and shall be given to the address and in the manner agreed to by the parties.,Notices,1, Notices,Notices,1,False,,qwen_retrieval_few_shot,LEDGAR,test
retrieval_few_shot,"This Assignment constitutes the entire and final agreement amongst the parties with respect to the subject matter hereof and may not be changed, terminated or otherwise varied, except by a writing duly executed by the parties.",Entire Agreements,3, EntireAgreements,INVALID_PREDICTION,,True,not_in_allowed_label_set,qwen_retrieval_few_shot,LEDGAR,test
retrieval_few_shot,"Any notice required or permitted under this Agreement shall be deemed given when delivered either personally, by overnight courier, or when deposited in a United States Post Office, postage prepaid, addressed as appropriate, to the Participant either at his/her address set forth below or such other address as he or she may designate in writing to the Company, or to the Company: Attention: General Counsel (or said designee), at the Company’s address or such other address as the Company may designate in writing to the Participant.",Notices,1, Notices,Notices,1,False,,qwen_retrieval_few_shot,LEDGAR,test
retrieval_few_shot,"This letter agreement and the Employment Agreement shall constitute the sole and exclusive understanding between the Company and you concerning the subject matter of this letter agreement, and expressly supersedes any and all prior agreements or understandings, written or oral, concerning the subject matter hereof. The parties acknowledge that this letter agreement is intended to embody a complete and final resolution of the employer-employee relationship. You further acknowledge and agree that the payments and benefits described in this letter agreement are all that you are entitled to receive from the Company (other than the payment of any shares of the Company’s common stock that you may earn pursuant to and subject to the terms and conditions of your 2016 to 2018 Performance Share Award Agreement, 2017 to 2019 Performance Share Award Agreement and 2018 to 2020 Performance Share Award Agreement), and that the Company shall have no liability or obligation to you in excess of such amounts (other than the payment of any shares of the Company’s common stock that you may earn pursuant to and subject to the terms and conditions of your 2016 to 2018 Performance Share Award Agreement, 2017 to 2019 Performance Share Award Agreement and 2018 to 2020 Performance Share Award Agreement).",Entire Agreements,3, Entire Agreements,Entire Agreements,3,False,,qwen_retrieval_few_shot,LEDGAR,test
retrieval_few_shot,"All notices, requests, consents, claims, demands, waivers and other communications under this Agreement must be in writing and addressed to the signatory to this Agreement for the other party at its address set forth below via nationally recognized overnight courier.",Notices,1, Notices,Notices,1,False,,qwen_retrieval_few_shot,LEDGAR,test
retrieval_few_shot,"Seller shall and shall cause the REO Subsidiary to pay and discharge or cause to be paid and discharged, when due all taxes, assessments and governmental charges or levies imposed upon it or upon its income and profits or upon any of its Property, real, personal or mixed (including without limitation, the Purchased Assets) or upon any part thereof, as well as any other lawful claims which, if unpaid, might become a Lien upon such properties or any part thereof, except for any such taxes, assessments and governmental charges, levies or claims as are appropriately contested in good faith by appropriate proceedings diligently conducted and with respect to which adequate reserves are provided. Seller shall file on a timely basis all federal, and state and local tax and information returns, reports and any other information statements or schedules required to be filed by or in respect of it.",Taxes,12, Taxes,Taxes,12,False,,qwen_retrieval_few_shot,LEDGAR,test
retrieval_few_shot,"First Lien Creditor and Second Lien Creditor each agrees to take such further action and shall execute and deliver such additional documents and instruments (in recordable form, if requested) as First Lien Creditor or Second Lien Creditor may reasonably request to effectuate the terms of and the Lien priorities contemplated by this Agreement, all at the expense of the Debtor. In furtherance of the foregoing, (a) the First Lien Creditor agrees that, if there is a Refinancing of the Second Lien Debt and if the agent or other representative of the holders of the indebtedness that Refinances the Second Lien Debt so requests, it will execute and deliver either an acknowledgement of the joinder of such agent or representative to this Agreement or an agreement with such agent or representative identical to this Agreement (subject to changing names of parties, documents and addresses, as appropriate) in favor of any such agent or representative, and (b) the Second Lien Creditor agrees that, (i) if there is a Refinancing of the First Lien Debt and if the agent or other representative of the holders of the indebtedness that Refinances the First Lien Debt so requests, it will execute and deliver either an acknowledgement of the joinder of such agent or representative to this Agreement or an agreement with such agent or representative identical to this Agreement (subject to changing names of parties, documents and addresses, as appropriate) in favor of any such agent or representative.",Further Assurances,14, FurtherAssurances,INVALID_PREDICTION,,True,not_in_allowed_label_set,qwen_retrieval_few_shot,LEDGAR,test
retrieval_few_shot,"All reasonable legal fees and expenses of Buyer incurred in connection with the preparation, negotiation, execution and delivery of this Amendment and each related document entered into in connection herewith shall be paid by the Sellers promptly on demand.",Expenses,8, Expenses,Expenses,8,False,,qwen_retrieval_few_shot,LEDGAR,test
retrieval_few_shot,"The term of this Sublease (""Term"") shall commence on the earlier of (the “Commencement Date”): (i) Sublessee’s commencement of its business operations in any portion of the Premises, and (ii) the one hundred fiftieth (150 th ) day after the date on which the Early Access Period (as defined below) has commenced, and shall end on October 15, 2028 (""Expiration Date""), unless this Sublease is sooner terminated pursuant to its terms or the Master Lease is sooner terminated pursuant to its terms; provided, however, that the Commencement Date shall be (i) advanced by one (1) day for each day that the commencement of the Early Access Period is delayed by any act or omission of Sublessee, and (ii) extended by one (1) day for each day that the “Substantial Completion of the Tenant Improvements” (defined below) has been delayed by a “Landlord Caused Delay” (defined below), but only if and to the extent any such Landlord Caused Delay is responsible for causing the Substantial Completion of the Tenant Improvements to be delayed beyond the one hundred fiftieth (150 th ) day after the date on which the Early Access Period has commenced. Once the Commencement Date has been established, Sublessor and Sublessee shall execute a commencement date memorandum setting forth the Commencement Date; provided, however, that the failure to execute such a memorandum shall not affect Sublessee’s liability hereunder. The parties acknowledge that Sublessee has no option to extend the Term of this Sublease.",Terms,9, Terms,Terms,9,False,,qwen_retrieval_few_shot,LEDGAR,test
retrieval_few_shot,"If any provision of this Agreement is or becomes or is deemed to be invalid, illegal, or unenforceable in any jurisdiction, such provision shall be construed or deemed amended to conform to the applicable law or, if it cannot be construed or deemed amended without, in the determination of the Committee, materially altering the intent of this Agreement, such provision shall be stricken as to such jurisdiction, and the remainder of this Agreement shall remain in full force and effect.",Severability,4, Severability,Severability,4,False,,qwen_retrieval_few_shot,LEDGAR,test
retrieval_few_shot,"If any provision of this Agreement is held to be illegal, invalid or unenforceable under any present or future law, (a) such provision shall be fully severable, (b) this Agreement shall be construed and enforced as if such illegal, invalid or unenforceable provision had never comprised a part hereof, and (c) the remaining provisions of this Agreement shall remain in full force and effect and shall not be affected by the illegal, invalid or unenforceable provision or by its severance herefrom.",Severability,4, Severability,Severability,4,False,,qwen_retrieval_few_shot,LEDGAR,test
retrieval_few_shot,"The Guarantor shall pay on demand all out-of-pocket expenses (including reasonable attorneys’ fees and expenses) in any way relating to the enforcement, or protection of the Guarantee Beneficiaries’ rights, under this Guaranty or in respect of the Guaranteed Obligations, including any incurred during any “workout” or restructuring in respect of the Guaranteed Obligations and any incurred in the preservation, protection or enforcement of any rights of the Guaranteed Beneficiaries in any proceeding pursuant to or in connection with any Debtor Relief Laws, in each case in accordance with the terms of the Credit Agreement. The obligations of the Guarantor under this paragraph shall survive the payment in full of the Guaranteed Obligations and termination of this Guaranty.",Expenses,8, Expenses,Expenses,8,False,,qwen_retrieval_few_shot,LEDGAR,test
retrieval_few_shot,"This offer, once accepted, constitutes the entire agreement between you and the Company with respect to the subject matter hereof and supersedes all prior offers, negotiations and agreements, if any, whether written or oral, relating to such subject matter. You acknowledge that neither the Company nor its agents have made any promise, representation or warranty whatsoever, either express or implied, written or oral, which is not contained in this agreement for the purpose of inducing you to execute the agreement, and you acknowledge that you have executed this agreement in reliance only upon such promises, representations and warranties as are contained herein.",Entire Agreements,3, Entire Agreements,Entire Agreements,3,False,,qwen_retrieval_few_shot,LEDGAR,test
retrieval_few_shot,"The validity, interpretation, construction and performance of this Agreement will be governed by and construed in accordance with the laws of the State of Maryland, without giving effect to the principles of conflict of laws.",Governing Laws,0, GoverningLaws,INVALID_PREDICTION,,True,not_in_allowed_label_set,qwen_retrieval_few_shot,LEDGAR,test
retrieval_few_shot,"Any notice or document required to be filed with the Committee under the Plan will be properly filed if delivered or mailed by registered mail, postage prepaid, to the Committee, in care of the Company or the Related Company, as applicable, at its principal executive offices. The Committee may, by advance written notice to affected persons, revise such notice procedure from time to time. Any notice required under the Plan (other than a notice of election) may be waived by the person entitled to notice.",Notices,1, Notices,Notices,1,False,,qwen_retrieval_few_shot,LEDGAR,test
retrieval_few_shot,This Agreement constitutes the entire agreement between the Parties pertaining to its subject matter.,Entire Agreements,3, EntireAgreements,INVALID_PREDICTION,,True,not_in_allowed_label_set,qwen_retrieval_few_shot,LEDGAR,test
retrieval_few_shot,"There is no litigation pending or, to the knowledge of any Credit Party, threatened (i) with respect to the Credit Documents or (ii) which would reasonably be expected to have, either individually or in the aggregate, a Material Adverse Effect.",Litigations,13, Litigations,Litigations,13,False,,qwen_retrieval_few_shot,LEDGAR,test
retrieval_few_shot,"The respective obligations and benefits afforded to the Company and you as provided in Sections 3, 5 (to the extent that payments or benefits are owed as a result of a termination of employment that occurs during the term of this Agreement), 6, 8, 12, 15 and 17 shall survive the termination of this Agreement.",Survival,6, Survival,Survival,6,False,,qwen_retrieval_few_shot,LEDGAR,test
retrieval_few_shot,"This Agreement and the award of Units and the issuance of shares of Common Stock hereunder are subject to and governed by the provisions of the LTIP. In the event there are any inconsistencies between this Agreement and the LTIP, the provisions of the LTIP shall govern, as it may be amended or interpreted at Deluxe’s discretion, to meet any applicable requirements of Section 409A of the Internal Revenue Code.",Terms,9, GoverningLaws,INVALID_PREDICTION,,True,not_in_allowed_label_set,qwen_retrieval_few_shot,LEDGAR,test
retrieval_few_shot,"Any notice to the Company provided for in this Agreement shall be addressed to the Company in care of the General Counsel at the corporate headquarters of the Company, and any notice to the Participant shall be addressed to such Participant at the current address shown on the payroll of the Employer. Any notice shall be delivered by hand, or enclosed in a properly sealed envelope addressed as stated above, registered and deposited, postage prepaid, in a post office regularly maintained by the United States Postal Service or by the postal authority of the country in which the Participant resides or to an internationally recognized expedited mail courier.",Notices,1, Notices,Notices,1,False,,qwen_retrieval_few_shot,LEDGAR,test
retrieval_few_shot,"Neither the Company nor the Executive may make any assignment of this Agreement or any interest herein, by operation of law or otherwise, without the prior written consent of the other; provided, however, that the Company may assign its rights and obligations under this Agreement without the consent of the Executive in the event that the Executive is transferred to a position with any of the Affiliates, or in the event that the Company shall hereafter effect a reorganization, consolidate with, or merge into, any Person or transfer all or substantially all of its properties or assets to any Person. This Agreement shall inure to the benefit of and be binding upon the Company and the Executive, their respective successors, executors, administrators, heirs and permitted assigns.",Assignments,7, Assignments,Assignments,7,False,,qwen_retrieval_few_shot,LEDGAR,test
retrieval_few_shot,This Sublease shall be construed and enforced in accordance with the laws of the State of California.,Governing Laws,0, Governing Laws,Governing Laws,0,False,,qwen_retrieval_few_shot,LEDGAR,test
retrieval_few_shot,All notices and other communications provided for hereunder shall be sent to the addresses and in the manner provided for in Section 13.4 of the Loan Agreement. All such notices and communications shall be effective as provided in Section 13.4 of the Loan Agreement.,Notices,1, Notices,Notices,1,False,,qwen_retrieval_few_shot,LEDGAR,test
retrieval_few_shot,The provisions of Section 18 of the Repurchase Agreement are incorporated herein by reference.,Governing Laws,0, GoverningLaws,INVALID_PREDICTION,,True,not_in_allowed_label_set,qwen_retrieval_few_shot,LEDGAR,test
retrieval_few_shot,"This Option Agreement shall be construed and interpreted in accordance with the laws of the State of Delaware, without regard to the principles of conflicts of law thereof. Notwithstanding anything contained in this Option Agreement, the Grant Notice or the Plan to the contrary, if any suit or claim is instituted by the Participant or the Company relating to this Option Agreement, the Grant Notice or the Plan, the Participant hereby submits to the exclusive jurisdiction of and venue in the courts of Delaware.",Governing Laws,0, GoverningLaws,INVALID_PREDICTION,,True,not_in_allowed_label_set,qwen_retrieval_few_shot,LEDGAR,test
retrieval_few_shot,The term of this Agreement shall continue until expiration of all payment obligations hereunder.,Terms,9, Survival,Survival,6,False,,qwen_retrieval_few_shot,LEDGAR,test
retrieval_few_shot,"Each party’s obligations under this Section 4.6 shall survive the resignation or replacement of the Administrative Agent or any assignment of rights by, or the replacement of, a Lender, the termination of the Commitments and the repayment, satisfaction or discharge of all obligations under any Loan Document.",Survival,6, Survival,Survival,6,False,,qwen_retrieval_few_shot,LEDGAR,test
retrieval_few_shot,"This Agreement shall be construed in accordance with and governed exclusively by the law of The Commonwealth of Massachusetts, without reference to its rules of conflict of law.",Governing Laws,0, Governing Laws,Governing Laws,0,False,,qwen_retrieval_few_shot,LEDGAR,test
retrieval_few_shot,"This Grant Agreement, together with the Plan, sets forth the entire agreement between the parties with reference to the subject matter hereof, and there are no agreements, understandings, warranties, or representations, written, express, or implied, between them with respect to the Stock Unit Grant other than as set forth herein or therein, all prior agreements, promises, representations and understandings relative thereto being herein merged.",Entire Agreements,3, EntireAgreements,INVALID_PREDICTION,,True,not_in_allowed_label_set,qwen_retrieval_few_shot,LEDGAR,test
retrieval_few_shot,"Whenever possible, each provision or portion of any provision of this Warrant shall be interpreted in such manner as to be effective and valid under applicable law, but if any provision or portion of any provision of this Warrant is held to be invalid, illegal or unenforceable in any respect under any applicable law or rule in any jurisdiction, such invalidity, illegality or unenforceability shall not affect any other provision or portion of any provision in such jurisdiction, and this Warrant shall be reformed, construed and enforced in such jurisdiction as if such invalid, illegal or unenforceable provision or portion of any provision had never been contained herein.",Severability,4, Severability,Severability,4,False,,qwen_retrieval_few_shot,LEDGAR,test
retrieval_few_shot,"This Proxy shall be governed by and construed in accordance with the laws of the State of Nevada, without giving effect to principles of conflicts of laws.",Governing Laws,0, GoverningLaws,INVALID_PREDICTION,,True,not_in_allowed_label_set,qwen_retrieval_few_shot,LEDGAR,test
retrieval_few_shot,"During the period between the date hereof and the Closing Date, each Party will use its best efforts to take all actions and do all things necessary, proper or advisable to consummate, make effective, and comply with all of the terms of this Agreement and the Transaction applicable to such Party (including satisfaction, but not waiver, of the Closing conditions for which it is responsible or otherwise in control, as set forth in Article 7). Each Party shall cooperate with each other and use best efforts to satisfy each of the conditions precedent for which it is responsible.",General,16, Further Assurances,Further Assurances,14,False,,qwen_retrieval_few_shot,LEDGAR,test
retrieval_few_shot,"During his employment and thereafter, the Company agrees to indemnify and hold the Executive harmless in connection with actual, potential or threatened actions or investigations related to the Executive’s services for, or employment by, the Company and/or its subsidiaries in the same manner as other officers and directors to the fullest extent provided in the Company’s by-laws and to be covered by directors’ and officers’ (“D&O”) insurance to the maximum extent and length of coverage of any other officer or director of the Company.",Indemnifications,18, Indemnifications,Indemnifications,18,False,,qwen_retrieval_few_shot,LEDGAR,test
retrieval_few_shot,"This Amendment may be executed in counterparts (and by different parties hereto in different counterparts), each of which shall constitute an original, but all of which when taken together shall constitute a single contract. Delivery of an executed counterpart of a signature page of this Amendment by facsimile or other electronic imaging means (e.g., “pdf” or “tif”) shall be effective as delivery of a manually executed counterpart of this Amendment.",Counterparts,2, Counterparts,Counterparts,2,False,,qwen_retrieval_few_shot,LEDGAR,test
retrieval_few_shot,"Except for the Buyer’s delinquent periodic reports required to be filed with the SEC, (i) neither the Buyer nor subsidiaries of the Buyer nor, to the Knowledge of the Buyer, any officer, manager or employee of the Buyer, in such capacity, has received notice from any Governmental Entity of, or to the Knowledge of the Buyer, is charged or threatened with or under investigation with respect to, any violation of any provision of any applicable Law and (ii) the Buyer and the Buyer’s subsidiaries are, and have been for the past three (3) years, in compliance in all material respects with all Laws applicable to it or any of its businesses, properties or assets.",Compliance With Laws,17, Compliance With Laws,Compliance With Laws,17,False,,qwen_retrieval_few_shot,LEDGAR,test
retrieval_few_shot,"There is no pending or threatened notice, claim, litigation, proceeding or investigation against or affecting the Borrowers or any property of the Borrowers, whether or not covered by insurance, that would involve the payment by a Borrower of an amount that would be reasonably likely to have a material adverse effect on the financial condition, business, prospects, property or operations of a Borrower, and there is no basis for any such order, notice, claim, litigation, proceeding or investigation.",Litigations,13, Litigations,Litigations,13,False,,qwen_retrieval_few_shot,LEDGAR,test
retrieval_few_shot,"Notices authorized or required to be sent pursuant to this Agreement shall be in writing and sent by personal delivery or postage prepaid, by Certified or Registered Mail, return receipt requested, directed to the other party at its address as may be designated by notice from time to time. Notices to the Company shall be addressed to the attention of the Chief Executive Officer. Notice shall be deemed given on the date the envelope in which such notice is enclosed, as provided above, is deposited for mailing in a mailbox or post office. Executive agrees to provide at least two (2) month prior written notice of Executive’s resignation.",Notices,1, Notifies,INVALID_PREDICTION,,True,not_in_allowed_label_set,qwen_retrieval_few_shot,LEDGAR,test
retrieval_few_shot,"Whenever the Exercise Price or number of Shares purchasable hereunder shall be adjusted pursuant to Section 9 hereof, the Company shall execute and deliver to the Holder a certificate setting forth, in reasonable detail, the event requiring the adjustment, the amount of the adjustment, the method by which such adjustment was calculated and the Exercise Price and number of and kind of securities purchasable hereunder after giving effect to such adjustment, and shall cause a copy of such certificate to be mailed (by first class mail, postage prepaid) to the Holder.",Notices,1, Compliance With Laws,Compliance With Laws,17,False,,qwen_retrieval_few_shot,LEDGAR,test
retrieval_few_shot,"All of Employee’s compensation, including, without limitation, the Base Salary and Bonus, shall be subject to withholding for all applicable federal, state and local employment-related taxes, including income, social security, and similar taxes.",Taxes,12, Taxes,Taxes,12,False,,qwen_retrieval_few_shot,LEDGAR,test
retrieval_few_shot,"The term of this Agreement shall extend from the Effective Date until the sooner of (a) the expiration of the Termination Protection Period, (b) the Key Employee’s Date of Termination, except in the case of a Qualified Termination (as defined in subparagraph 3a., below), or (c) the date on which the parties agree in writing to terminate this Agreement.",Terms,9, Terminations,Terminations,10,False,,qwen_retrieval_few_shot,LEDGAR,test
retrieval_few_shot,This Agreement shall be construed under the laws of the State of Delaware.,Governing Laws,0, GoverningLaws,INVALID_PREDICTION,,True,not_in_allowed_label_set,qwen_retrieval_few_shot,LEDGAR,test
retrieval_few_shot,"Any notice, request, consent or approval required or permitted to be given under this Agreement or pursuant to law shall be sufficient if in writing, and if and when sent by certified or registered mail, with postage prepaid, to Executive’s residence (as noted in the Company’s records), or to the Company’s principal office, as the case may be.",Notices,1, Notices,Notices,1,False,,qwen_retrieval_few_shot,LEDGAR,test
retrieval_few_shot,"There is no action, suit, inquiry, notice of violation, proceeding or investigation pending or, to the knowledge of the Company, threatened against or affecting the Company, any Subsidiary or any of their respective properties before or by any court, arbitrator, governmental or administrative agency or regulatory authority (federal, state, county, local or foreign) (collectively, an “ Action ”) which (i) adversely affects or challenges the legality, validity or enforceability of any of the Transaction Documents or the Shares or (ii) could, if there were an unfavorable decision, have or reasonably be expected to result in a Material Adverse Effect. Neither the Company nor any Subsidiary, nor, to the Company’s knowledge, any director or officer thereof, is or has been the subject of any Action involving a claim of violation of or liability under federal or state securities laws or a claim of breach of fiduciary duty. There has not been, and to the knowledge of the Company, there is not pending or contemplated, any investigation by the Commission involving the Company or any current or former director or officer of the Company. The Commission has not issued any stop order or other order suspending the effectiveness of any registration statement filed by the Company or any Subsidiary under the Exchange Act or the Securities Act.",Litigations,13, Compliance With Laws,Compliance With Laws,17,False,,qwen_retrieval_few_shot,LEDGAR,test
retrieval_few_shot,"The Company agrees to indemnify the Director for his activities as a member of the Board to the fullest extent permitted under applicable law and shall use its best efforts to maintain Directors and Officers Insurance benefitting the Board. The Company will use is best efforts to obtain a $10,000,000 D&O Policy to cover the actions of the Board.",Indemnifications,18, Indemnifications,Indemnifications,18,False,,qwen_retrieval_few_shot,LEDGAR,test
retrieval_few_shot,The Seller will comply with all Applicable Laws to which it may be subject if the failure to comply could reasonably be expected to have a Material Adverse Effect.,Compliance With Laws,17, Compliance With Laws,Compliance With Laws,17,False,,qwen_retrieval_few_shot,LEDGAR,test
retrieval_few_shot,"The Company has complied, and is now complying, with all applicable federal, state, local and self-regulatory laws, rules, regulations, statutes, ordinances, declarations or other governing regimes applicable to ownership and use of the Purchased Assets or the Business. Except as listed on Schedule 3.11 (a) the Company has only conducted the Business in the state of New York, and (b) each Investor and each Funder is located in the state of New York. The Company has not received any written notice to the effect that the Company is not in compliance in all material respects with any such laws or orders. The Company is not a “foreign person” as that term is used in Treasury Regulations Section 1.1445-2.",Compliance With Laws,17, Compliance With Laws,Compliance With Laws,17,False,,qwen_retrieval_few_shot,LEDGAR,test
retrieval_few_shot,"This Confirmation is effective as of April 1, 2017, and shall continue through March 31, 2032 (the “Primary Term”) and continue after the Primary Term on a Year-to-Year basis unless terminated at the end of the Primary Term or any Yearly extension period thereafter by either Party giving at least six (6) Months prior written notice, provided however, Shipper shall have two (2) successive options to extend the Primary Term by five (5) Years each by giving Transporter at least nine (9) Months prior written notice and Transporter’s right to terminate this Confirmation at the end of the Primary Term or any Yearly extension period thereafter shall be subject to, and limited by, Shipper’s options to extend the Primary Term. Unless otherwise agreed by Shipper and Transporter in writing, the MDCQs during any Yearly extension periods will be the applicable MDCQ in effect on March 31, 2032.",Terms,9, Terms,Terms,9,False,,qwen_retrieval_few_shot,LEDGAR,test
retrieval_few_shot,"Each Credit Party executing this Agreement acknowledges that it is not authorized to file any financing statement or amendment or termination statement with respect to any financing statement without the prior written consent of Agent and agrees that it will not do so without the prior written consent of Agent, subject to Borrower’s rights under Section 9-509(d)(2) of the UCC.",Terminations,10, Terminations,Terminations,10,False,,qwen_retrieval_few_shot,LEDGAR,test
retrieval_few_shot,"This Agreement may be executed in any number of counterparts, each of which shall be an original and all of which together shall constitute one and the same instrument.",Counterparts,2, Counterparts,Counterparts,2,False,,qwen_retrieval_few_shot,LEDGAR,test
retrieval_few_shot,"If any provision of this Agreement or the application thereof is held invalid or unenforceable, the invalidity or unenforceability thereof shall not affect any other provisions or applications of this Agreement which can be given effect without the invalid or unenforceable provision or application.",Severability,4, Severability,Severability,4,False,,qwen_retrieval_few_shot,LEDGAR,test
retrieval_few_shot,"Except as disclosed on the Disclosure Schedule on the Closing Date or, after the Closing Date, pursuant to Section 6.7, there are no actions, suits, proceedings or investigations pending or, to the knowledge of the Responsible Officers, threatened in writing by or against any Credit Party or any Subsidiary thereof which involves the possibility of any judgment or liability of more than [***] or that could reasonably be expected to result in a Material Adverse Change, or which questions the validity of the Financing Documents, or the other documents required thereby or any action to be taken pursuant to any of the foregoing, nor does any Credit Party have reason to believe that any such actions, suits, proceedings or investigations are threatened.",Litigations,13, Litigations,Litigations,13,False,,qwen_retrieval_few_shot,LEDGAR,test
retrieval_few_shot,"To request the issuance of a Letter of Credit or the amendment, renewal or extension of an outstanding Letter of Credit, a Borrower shall hand deliver or telecopy (or transmit by electronic communication, if arrangements for doing so have been approved by the applicable Issuing Bank) an LC Request to the applicable Issuing Bank and the Administrative Agent not later than the Applicable Time specified by the Administrative Agent on the third Business Day preceding the requested date of issuance, amendment, renewal or extension (or such later date and time as is reasonably acceptable to the applicable Issuing Bank). A request for an initial issuance of a Letter of Credit shall specify in form and detail reasonably satisfactory to the applicable Issuing Bank: (i) the proposed issuance date of the requested Letter of Credit (which shall be a Business Day); (ii) the amount and currency thereof; (iii) the expiry date thereof; (iv) the name and address of the beneficiary thereof; (v) the documents to be presented by such beneficiary in case of any drawing thereunder; (vi) the full text of any certificate to be presented by such beneficiary in case of any drawing thereunder; and (vii) such other matters as the applicable Issuing Bank may reasonably require and shall attach the agreed form of the Letter of Credit. A request for an amendment, renewal or extension of any outstanding Letter of Credit shall specify in form and detail reasonably satisfactory to the applicable Issuing Bank, (w) the Letter of Credit to be amended, renewed or extended; (x) the proposed date of amendment, renewal or extension thereof (which shall be a Business Day), (y) the nature of the proposed amendment, renewal or extension; and (z) such other matters as the applicable Issuing Bank may reasonably require. If requested by the applicable Issuing Bank, the applicable Borrower also shall submit a letter of credit application substantially on such Issuing Bank’s standard form in connection with any request for a Letter of Credit. A Letter of Credit shall be issued, amended, renewed or extended only if (and upon issuance, amendment, renewal or extension of each Letter of Credit, the applicable Borrower shall be deemed to represent and warrant (solely in the case of (w) and (x)) that, after giving effect to such issuance, amendment, renewal or extension) (A) the LC Exposure shall not exceed $150,000,000 (the “ LC Sublimit ”), (B) the European LC Exposure shall not exceed $40,000,000 (the “ European LC Sublimit ”), (C) the Availability Conditions are satisfied, (D) the European LC Exposure attributable to European Letters of Credit issued by any European Issuing Bank shall not exceed the Dollar Equivalent of such European Issuing Bank’s European Issuing Bank Sublimit, (E) the U.S. LC Exposure attributable to U.S. Letters of Credit issued by any U.S. Issuing Bank shall not exceed the Dollar Equivalent of such U.S. Issuing Bank’s U.S. Issuing Bank Sublimit and (F) if a Defaulting Lender exists, either such Lender or the Lead Borrower has entered into arrangements satisfactory to the Administrative Agent and the applicable Issuing Bank to eliminate any Fronting Exposure associated with such Lender.",Amendments,5, applicable Issuing Bank (w) the Letter of Credit to,INVALID_PREDICTION,,True,not_in_allowed_label_set,qwen_retrieval_few_shot,LEDGAR,test
retrieval_few_shot,"This Fourth Amendment may be executed in one or more counterparts, and each of which shall be deemed to be an original, and all of which shall constitute one and the same instrument.",Counterparts,2, Counterparts,Counterparts,2,False,,qwen_retrieval_few_shot,LEDGAR,test
retrieval_few_shot,"Each Party will, and will ensure that its Affiliates and Sublicensees will, comply with all relevant Laws and regulations and good laboratory and clinical practices and cGMP in exercising its rights and fulfilling its obligations under this Agreement.",Compliance With Laws,17, Compliance With Laws,Compliance With Laws,17,False,,qwen_retrieval_few_shot,LEDGAR,test
retrieval_few_shot,"The Company has, and has caused all of its Subsidiaries to have, (a) all insurance policies sufficient for the compliance by each of them with all material Governmental Requirements and all material agreements and (b) insurance coverage in at least amounts and against such risk (including, without limitation, public liability) that are usually insured against by companies similarly situated and engaged in the same or a similar business for the assets and operations of the Company and its Subsidiaries.",Insurances,11, Insurances,Insurances,11,False,,qwen_retrieval_few_shot,LEDGAR,test
